{
"type": "FeatureCollection",
"name": "borders_1925",
"crs": { "type": "name", "properties": { "name": "urn:ogc:def:crs:OGC:1.3:CRS84" } },
"features": [
{ "type": "Feature", "properties": { "cntry_name": "United Kingdom", "area": 244091.0, "capname": "London", "caplong": -0.116667, "caplat": 51.5, "gwcode": 200.0, "gwsdate": "1921-12-06", "gwsyear": 1921.0, "gwsmonth": 12.0, "gwsday": 6.0, "gwedate": "2019-12-31", "gweyear": 2019.0, "gwemonth": 12.0, "gweday": 31.0, "name": "United Kingdom", "max": 1921.0 }, "geometry": { "type": "MultiPolygon", "coordinates": [ [ [ [ -1.241663833518317, 50.582500130927656 ], [ -1.215281833493748, 50.587218130932058 ], [ -1.191390833471502, 50.593609130938006 ], [ -1.168336833450013, 50.601945130945779 ], [ -1.059717833348856, 50.687491131025439 ], [ -1.093890833380698, 50.720554131056247 ], [ -1.115972833401258, 50.736382131070968 ], [ -1.301527333573972, 50.771386631103624 ], [ -1.523336833780633, 50.695273131032678 ], [ -1.544445833800239, 50.669445631008628 ], [ -1.517777333775399, 50.668191131007504 ], [ -1.512217833770279, 50.668882131008104 ], [ -1.496390833755555, 50.667918131007212 ], [ -1.473054833733812, 50.660827131000616 ], [ -1.36749983363552, 50.618609130961289 ], [ -1.282499833556358, 50.578891130924291 ], [ -1.241663833518317, 50.582500130927656 ] ] ], [ [ [ -6.269219409629187, 54.099842848489146 ], [ -6.267110230513492, 54.099655404189896 ], [ -6.266972838198512, 54.099827134203423 ], [ -6.199717838135854, 54.095973134199852 ], [ -6.194372338130847, 54.093191134197326 ], [ -6.189026838125898, 54.090409134194658 ], [ -6.174026838111928, 54.072218134177717 ], [ -6.108336838050747, 54.036382134144333 ], [ -6.07666833802125, 54.027981634136523 ], [ -6.043890837990745, 54.031391134139682 ], [ -5.968336837920361, 54.06389113416995 ], [ -5.920281837875621, 54.085827134190396 ], [ -5.89999983785674, 54.096800134200606 ], [ -5.88499983784277, 54.116391134218844 ], [ -5.864581837823749, 54.166945134265944 ], [ -5.865417837824509, 54.185827134283528 ], [ -5.871945837830594, 54.197491134294381 ], [ -5.872709337831282, 54.203327634299853 ], [ -5.873472837832026, 54.209164134305269 ], [ -5.85972683781921, 54.225964134320918 ], [ -5.824999837786891, 54.239582134333574 ], [ -5.746108837713393, 54.248054134341487 ], [ -5.738331837706113, 54.24777713434122 ], [ -5.730554837698918, 54.247500134340953 ], [ -5.692081837663096, 54.24471813433837 ], [ -5.666945837639673, 54.234991134329306 ], [ -5.661250337634328, 54.231000134325598 ], [ -5.608336837585085, 54.249718134343027 ], [ -5.586663837564913, 54.265000134357251 ], [ -5.560690837540648, 54.286945134377731 ], [ -5.561999837541947, 54.343782134430626 ], [ -5.570754837550027, 54.37195013445691 ], [ -5.645017837619264, 54.492673134569287 ], [ -5.673608837645872, 54.522354134596952 ], [ -5.704717837674849, 54.533609134607417 ], [ -5.698126837668724, 54.572627134643767 ], [ -5.689340837660467, 54.572840634643967 ], [ -5.680554837652352, 54.573054134644167 ], [ -5.659163837632434, 54.566382134637934 ], [ -5.639445837614062, 54.559164134631231 ], [ -5.59971783757706, 54.541936134615185 ], [ -5.568054837547578, 54.524436134598886 ], [ -5.564377337544158, 54.520895134595662 ], [ -5.560699837540739, 54.517354134592296 ], [ -5.550972837531674, 54.500827134576895 ], [ -5.5436088375248, 54.476945134554654 ], [ -5.542154837523469, 54.449027134528649 ], [ -5.532217837514196, 54.426773134507926 ], [ -5.545199837526269, 54.411377634493647 ], [ -5.512217837495513, 54.366772634452076 ], [ -5.461108837447966, 54.385554134469544 ], [ -5.435836837424432, 54.458464134537451 ], [ -5.431317837420238, 54.485964134563062 ], [ -5.47944583746505, 54.536382134609994 ], [ -5.527781837510076, 54.630000134697184 ], [ -5.53520883751699, 54.650900134716665 ], [ -5.574308837553417, 54.677218134741167 ], [ -5.599163837576555, 54.67916413474299 ], [ -5.629163837604494, 54.679445134743247 ], [ -5.736736837704683, 54.673827134738019 ], [ -5.809722837772625, 54.658463634723745 ], [ -5.855836837815588, 54.637500134704169 ], [ -5.878645337836787, 54.613118134681514 ], [ -5.882572837840513, 54.606518134675326 ], [ -5.902426837858997, 54.60229113467139 ], [ -5.924445837879489, 54.631800134698864 ], [ -5.889863837847287, 54.673054134737299 ], [ -5.878054837836288, 54.682491134746073 ], [ -5.872431837830987, 54.686104634749483 ], [ -5.866808837825829, 54.689718134752809 ], [ -5.819026837781308, 54.709718134771435 ], [ -5.785836837750395, 54.719718134780749 ], [ -5.767054837732928, 54.72410913478484 ], [ -5.746717837713987, 54.724518134785228 ], [ -5.711108837680797, 54.73916413479887 ], [ -5.691304837662301, 54.756881634815386 ], [ -5.690417837661528, 54.809164134864062 ], [ -5.709308837679146, 54.831664134885017 ], [ -5.740554837708231, 54.851454634903462 ], [ -5.785072837749681, 54.85333213490523 ], [ -5.791390837755586, 54.851391134903366 ], [ -5.844445837804983, 54.896109134945021 ], [ -6.036108837983477, 55.057782135095607 ], [ -6.049445837995904, 55.08721813512301 ], [ -6.04597283799265, 55.09499563513026 ], [ -6.034445837981934, 55.154582135185734 ], [ -6.063754838009231, 55.191527135220156 ], [ -6.101254838044156, 55.209445135236848 ], [ -6.145836838085671, 55.220691135247307 ], [ -6.168336838106626, 55.218609135245373 ], [ -6.254999838187359, 55.211936135239171 ], [ -6.353336838278921, 55.237782135263245 ], [ -6.376390838300409, 55.239164135264531 ], [ -6.515554838430006, 55.23305413525884 ], [ -6.613336838521064, 55.207218135234768 ], [ -6.730281838629992, 55.18027313520966 ], [ -6.82471783871793, 55.168054135198304 ], [ -6.889717838778466, 55.167773135198019 ], [ -6.966945838850393, 55.156109135187165 ], [ -6.99416383887575, 55.110273135144467 ], [ -7.019717838899538, 55.070273135107215 ], [ -7.024440838903928, 55.066109135103432 ], [ -7.029163838908346, 55.061945135099478 ], [ -7.051390838929052, 55.046800135085363 ], [ -7.06889083894535, 55.039164135078266 ], [ -7.09499983896967, 55.036945135076195 ], [ -7.253054839116857, 55.046800135085363 ], [ -7.252508839116359, 55.07059113510752 ], [ -7.326390839185109, 55.04527313508396 ], [ -7.406390839259615, 54.95332713499829 ], [ -7.443890839294596, 54.882500134932343 ], [ -7.458054839307749, 54.857773134909337 ], [ -7.482836839330844, 54.829936134883383 ], [ -7.553336839396479, 54.762773134820833 ], [ -7.739163839569557, 54.710545134772218 ], [ -7.834409339658208, 54.733886634794004 ], [ -7.926390839743959, 54.700545134762933 ], [ -7.910140839728768, 54.667777134732376 ], [ -7.852363839674979, 54.633882134700798 ], [ -7.777499839605241, 54.626936134694347 ], [ -7.752226839581738, 54.594445134664056 ], [ -7.833608839657529, 54.553891134626326 ], [ -7.950836839766737, 54.532218134606154 ], [ -8.046945839856221, 54.507218134582843 ], [ -8.17166383997241, 54.463882134542473 ], [ -8.158054839959703, 54.440273134520481 ], [ -8.060695839868941, 54.369582134454674 ], [ -8.037781839847696, 54.359300134445135 ], [ -7.941390839757872, 54.299436134389396 ], [ -7.900281839719582, 54.294164134384488 ], [ -7.875763839696816, 54.284991134375929 ], [ -7.869445839690911, 54.2530541343462 ], [ -7.858266089680455, 54.217529384313082 ], [ -7.818054839643082, 54.199164134295984 ], [ -7.747781839577584, 54.200273134296964 ], [ -7.699717839532781, 54.202500134299044 ], [ -7.624863839463075, 54.163673134262893 ], [ -7.615904339454772, 54.144995634245532 ], [ -7.559445839402173, 54.126936134228686 ], [ -7.321809339180845, 54.11277713421552 ], [ -7.283890839145585, 54.123464134225429 ], [ -7.145836839016937, 54.225273134320247 ], [ -7.143472839014777, 54.256518134349392 ], [ -7.175554839044707, 54.289164134379774 ], [ -7.160836839030935, 54.336664134423984 ], [ -7.058336838935531, 54.410000134492293 ], [ -7.0294458389086, 54.417218134499052 ], [ -6.974445838857378, 54.401664134484605 ], [ -6.922081838808538, 54.376382134461039 ], [ -6.873054838762954, 54.342082134429091 ], [ -6.851108838742505, 54.289718134380337 ], [ -6.734726838634117, 54.183609134281426 ], [ -6.655554838560334, 54.065273134171235 ], [ -6.615661588523182, 54.041524884149197 ], [ -6.567499838478398, 54.050827134157771 ], [ -6.447499838366582, 54.058327134164784 ], [ -6.365208838290016, 54.104018134207365 ], [ -6.346249838272257, 54.114895134217477 ], [ -6.288608838218636, 54.108609134211633 ], [ -6.269219409629187, 54.099842848489146 ] ] ], [ [ [ -5.098472837110137, 55.440136635451694 ], [ -5.075972837089296, 55.457500135467853 ], [ -5.084581837097318, 55.554864135558546 ], [ -5.159445337167028, 55.67750013567283 ], [ -5.191809337197071, 55.695968635689951 ], [ -5.233750337236188, 55.711941135704819 ], [ -5.258750337259471, 55.716663635709295 ], [ -5.295281837293544, 55.716664135709237 ], [ -5.327781837323812, 55.700827135694482 ], [ -5.375209337367949, 55.67353613566911 ], [ -5.39833633738948, 55.623327635622331 ], [ -5.400554837391581, 55.604718135604969 ], [ -5.357217837351214, 55.504164135511331 ], [ -5.341254837336351, 55.476109135485189 ], [ -5.288059337286796, 55.449022635459954 ], [ -5.232290837234871, 55.431036135443208 ], [ -5.171945837178669, 55.429445135441739 ], [ -5.098472837110137, 55.440136635451694 ] ] ], [ [ [ -5.08028183709331, 55.8769361358585 ], [ -5.160554837168064, 55.915273135894182 ], [ -5.171906328165653, 55.918180514015681 ], [ -5.20631783721069, 55.896664135876875 ], [ -5.19958183720442, 55.875827135857463 ], [ -5.120417837130674, 55.778745135767053 ], [ -5.016018337033444, 55.725457469050809 ], [ -5.006249837024313, 55.773677635762397 ], [ -5.036390837052437, 55.837773135822005 ], [ -5.08028183709331, 55.8769361358585 ] ] ], [ [ [ -6.075554838020224, 55.777500135765877 ], [ -6.08833683803212, 55.783882135771819 ], [ -6.091877338035403, 55.78860463577621 ], [ -6.095417838038713, 55.793327135780629 ], [ -6.102499838045333, 55.809164135795385 ], [ -6.121663838063171, 55.878882135860295 ], [ -6.122222838063664, 55.886941135867858 ], [ -6.122781838064213, 55.895000135875307 ], [ -6.122202449216575, 55.898702226513549 ], [ -6.122154338063581, 55.92645463590469 ], [ -6.139308838079614, 55.934027135911663 ], [ -6.163054838101715, 55.927500135905575 ], [ -6.192217838128869, 55.916382135895219 ], [ -6.309717838238299, 55.863609135846076 ], [ -6.369717838294179, 55.869436135851515 ], [ -6.445690838364953, 55.851109135834434 ], [ -6.497640838413304, 55.727495635719322 ], [ -6.506386338421379, 55.680691135675715 ], [ -6.488190838404535, 55.669027135664862 ], [ -6.467918338385601, 55.671941135667623 ], [ -6.449445838368433, 55.680273135675321 ], [ -6.410836838332472, 55.703891135697319 ], [ -6.386386338309677, 55.722636135714879 ], [ -6.36298633828784, 55.747495635738005 ], [ -6.358107605314649, 55.754793941571641 ], [ -6.350417838276201, 55.768054135757097 ], [ -6.346040838272103, 55.772845135761543 ], [ -6.341663838268062, 55.777636135766016 ], [ -6.328472838255777, 55.781391135769496 ], [ -6.262217838194061, 55.777218135765622 ], [ -6.257358838189532, 55.773227135761886 ], [ -6.252499838185031, 55.769236135758177 ], [ -6.285836838216056, 55.70721813570043 ], [ -6.321390838249187, 55.617082135616471 ], [ -6.324445838252018, 55.586800135588277 ], [ -6.300554838229772, 55.576945135579109 ], [ -6.274445838205452, 55.572773135575204 ], [ -6.228890838163039, 55.592218135593328 ], [ -6.076663838021261, 55.649991135647127 ], [ -6.032222837979759, 55.674650135670078 ], [ -6.030281837978066, 55.72055413571286 ], [ -6.052917837999132, 55.766936135756055 ], [ -6.075554838020224, 55.777500135765877 ] ] ], [ [ [ -5.946945837900444, 55.829991135814765 ], [ -5.904163837860608, 55.882500135863665 ], [ -5.845836837806274, 55.949436135926021 ], [ -5.749026837716116, 56.060273136029224 ], [ -5.730281837698669, 56.078045136045802 ], [ -5.716945837686239, 56.089436136056406 ], [ -5.711113837680728, 56.093468136060153 ], [ -5.687918337659113, 56.113123136078542 ], [ -5.701459337671764, 56.148886136111827 ], [ -5.749999837716985, 56.135413636099258 ], [ -5.809163837772132, 56.109718136075287 ], [ -5.904026837860471, 56.059582136028581 ], [ -5.961945837914385, 56.027077135998326 ], [ -6.081668338025878, 55.899854635879905 ], [ -6.087917838031728, 55.879582135860943 ], [ -6.07916383802359, 55.826664135811683 ], [ -6.070695338015639, 55.809859135796046 ], [ -6.053054837999269, 55.800282135787114 ], [ -6.029863837977672, 55.792354135779732 ], [ -5.971945837923727, 55.788327135775972 ], [ -5.946945837900444, 55.829991135814765 ] ] ], [ [ [ -5.790413337754586, 56.51104113644908 ], [ -5.856390837816122, 56.519163136456626 ], [ -5.972781837924515, 56.547636136483135 ], [ -5.994581837944821, 56.581663136514834 ], [ -6.039445837986591, 56.622773136553093 ], [ -6.062918338008473, 56.637354636566727 ], [ -6.116663838058514, 56.650273136578704 ], [ -6.137217838077646, 56.653045136581312 ], [ -6.186663838123707, 56.643054136572005 ], [ -6.321526838249298, 56.601527136533321 ], [ -6.331531838258599, 56.543054136478872 ], [ -6.123609338064966, 56.473954636414561 ], [ -6.098890838041967, 56.481109136421168 ], [ -6.017690837966342, 56.496554136435549 ], [ -6.01054533795957, 56.494558636433766 ], [ -6.003399837953026, 56.492563136431841 ], [ -6.00625483795568, 56.475963136416368 ], [ -6.011668337960657, 56.47069063641149 ], [ -6.017081837965776, 56.465418136406555 ], [ -6.031945837979606, 56.459445136401001 ], [ -6.071663838016605, 56.446109136388571 ], [ -6.077359338021864, 56.444441136387013 ], [ -6.083054838027209, 56.442773136385455 ], [ -6.143054838083088, 56.42805413637177 ], [ -6.201663838137677, 56.382354136329212 ], [ -6.190554338127242, 56.360623136308988 ], [ -6.169163838107409, 56.356109136304752 ], [ -6.110277338052555, 56.361386636309703 ], [ -6.078890838023341, 56.371109136318722 ], [ -6.030972837978709, 56.382500136329327 ], [ -6.019372837967893, 56.375964136323262 ], [ -6.024717837972872, 56.366382136314314 ], [ -6.065836838011165, 56.355000136303715 ], [ -6.231945838165871, 56.318327136269573 ], [ -6.274999838205986, 56.330418136280827 ], [ -6.291945338221666, 56.339440636289254 ], [ -6.34486383827101, 56.33805013628799 ], [ -6.363608838288485, 56.329991136280427 ], [ -6.366254838290956, 56.310964136262726 ], [ -6.343331838269563, 56.279718136233669 ], [ -6.323054838250727, 56.265409136220285 ], [ -6.26471783819639, 56.258891136214203 ], [ -6.01610883796485, 56.304718136256895 ], [ -5.983608837934582, 56.318600136269822 ], [ -5.892781837850009, 56.349164136298299 ], [ -5.88764083784514, 56.35055463629962 ], [ -5.882499837840442, 56.351945136300884 ], [ -5.864026837823218, 56.352218136301133 ], [ -5.858681837818182, 56.34853613629781 ], [ -5.853336837813259, 56.344854136294288 ], [ -5.86278183782207, 56.329854136280318 ], [ -5.863013121419328, 56.329598573931207 ], [ -5.864725087823842, 56.322113386273116 ], [ -5.843608837804197, 56.308464136260397 ], [ -5.808608837771601, 56.317500136268791 ], [ -5.708331837678202, 56.355554636304305 ], [ -5.66083683763398, 56.399300136344976 ], [ -5.649858837623668, 56.445481636388024 ], [ -5.714717837684162, 56.478882136419088 ], [ -5.790413337754586, 56.51104113644908 ] ] ], [ [ [ -6.879163838768648, 56.471945136412643 ], [ -6.80389083869855, 56.512218136450144 ], [ -6.798263838693288, 56.513609136451521 ], [ -6.792636838688054, 56.515000136452727 ], [ -6.774163838670859, 56.51582713645351 ], [ -6.766386338663523, 56.514995136452768 ], [ -6.734618338634021, 56.519890636457347 ], [ -6.754790838652781, 56.546799636482376 ], [ -6.9656958388492, 56.510549636448644 ], [ -6.989717838871599, 56.496245136435277 ], [ -6.9722178388553, 56.449163136391434 ], [ -6.924999838811345, 56.439991136382872 ], [ -6.892781838781332, 56.438609136381586 ], [ -6.879163838768648, 56.471945136412643 ] ] ], [ [ [ -6.582913838492715, 56.582213636515377 ], [ -6.491181838407243, 56.63305013656273 ], [ -6.456008838374544, 56.682773136608972 ], [ -6.500277338415714, 56.68513613661122 ], [ -6.5458368384582, 56.666109136593462 ], [ -6.573890838484346, 56.653327136581566 ], [ -6.613890838521598, 56.634436136563977 ], [ -6.695972838597953, 56.575554136509197 ], [ -6.682086838585064, 56.556104136491058 ], [ -6.582913838492715, 56.582213636515377 ] ] ], [ [ [ -2.91610883507775, 58.732918138518329 ], [ -2.877217835041534, 58.8222181386015 ], [ -2.89152733505486, 58.834786138613225 ], [ -2.91610883507775, 58.838882138617009 ], [ -2.974717835132338, 58.835273138613672 ], [ -3.007217835162606, 58.832363138610958 ], [ -3.032081835185778, 58.821245138600602 ], [ -2.975277335132859, 58.746109138530699 ], [ -2.950766085110047, 58.73249763851797 ], [ -2.91610883507775, 58.732918138518329 ] ] ], [ [ [ -2.682097255111776, 59.193973858286746 ], [ -2.681390834859172, 59.195827138949454 ], [ -2.622781834804584, 59.23485413898581 ], [ -2.574026834759167, 59.242218138992655 ], [ -2.495554834686089, 59.244991138995232 ], [ -2.390136834587906, 59.28138213902912 ], [ -2.401595334598539, 59.307981639053963 ], [ -2.534445834722305, 59.304991139051111 ], [ -2.555554834741969, 59.303054139049323 ], [ -2.592781834776645, 59.290554139037681 ], [ -2.687986334865286, 59.21659513896887 ], [ -2.686460834863851, 59.190966472278291 ], [ -2.682097255111776, 59.193973858286746 ] ] ], [ [ [ -3.1808368353243, 58.779163138561415 ], [ -3.16028183530517, 58.78110913856321 ], [ -3.137431835283849, 58.79409113857534 ], [ -3.214717835355856, 58.874163138649891 ], [ -3.230690835370751, 58.886109138660998 ], [ -3.34235933547464, 58.927218138699288 ], [ -3.398054835526608, 58.917218138689975 ], [ -3.415136835542512, 58.907354138680802 ], [ -3.432572835558773, 58.875963138651542 ], [ -3.296599835432119, 58.776936138559336 ], [ -3.2313908353714, 58.77555413855805 ], [ -3.1808368353243, 58.779163138561415 ] ] ], [ [ [ -2.793054834963158, 58.951382138721783 ], [ -2.852217835018251, 58.975554138744315 ], [ -2.947217835106727, 58.998327138765518 ], [ -2.995836835152005, 59.055827138819069 ], [ -2.996322835152455, 59.062009138824862 ], [ -3.074999835225753, 59.120418138879216 ], [ -3.19916383534138, 59.147909138904822 ], [ -3.218890835359758, 59.148609138905471 ], [ -3.238890835378385, 59.146109138903142 ], [ -3.274999835412018, 59.140691138898092 ], [ -3.317499835451599, 59.129436138887627 ], [ -3.350836835482625, 59.108191138867824 ], [ -3.368054835498668, 59.012082138778311 ], [ -3.362081835493115, 58.993882138761364 ], [ -3.345554835477714, 58.96582713873525 ], [ -3.308336835442958, 58.947913638718603 ], [ -3.191663835334396, 58.910554138683779 ], [ -3.172217835316275, 58.910827138684027 ], [ -3.11513633526306, 58.924649638696934 ], [ -3.110554835258853, 58.928054138700077 ], [ -3.057217835209173, 58.93582713870731 ], [ -3.008336835163647, 58.939991138711179 ], [ -2.969999835127965, 58.939436138710676 ], [ -2.869163835034044, 58.893327138667729 ], [ -2.824445834992389, 58.878882138654262 ], [ -2.755836834928488, 58.917773138690507 ], [ -2.793054834963158, 58.951382138721783 ] ] ], [ [ [ -0.819717833125338, 60.688891140339962 ], [ -0.763608833073079, 60.793327140437242 ], [ -0.757636833067522, 60.815827140458197 ], [ -0.770281833079309, 60.830000140471384 ], [ -0.80610883311266, 60.840554140481231 ], [ -0.880690833182143, 60.843327140483808 ], [ -0.938890833236343, 60.794445140438285 ], [ -0.959717833255723, 60.711391140360917 ], [ -0.96208183325794, 60.685273140336619 ], [ -0.935554833233226, 60.67443614032652 ], [ -0.834999833139591, 60.673336140325489 ], [ -0.819717833125338, 60.688891140339962 ] ] ], [ [ [ -1.1011088333874, 60.275836139955288 ], [ -1.066108833354804, 60.358054140031868 ], [ -1.038545833329152, 60.442773140110774 ], [ -1.16389083344589, 60.454436140121629 ], [ -1.286663833560226, 60.471109140137145 ], [ -1.296108833569008, 60.491100140155766 ], [ -1.287499833561014, 60.613327140269604 ], [ -1.296526833569402, 60.633400140288302 ], [ -1.413336833678187, 60.605973140262762 ], [ -1.546945833802624, 60.535827140197426 ], [ -1.593054833845571, 60.507773140171309 ], [ -1.610345833861686, 60.478400140143947 ], [ -1.560490833815237, 60.473682140139545 ], [ -1.502217833760966, 60.469718140135853 ], [ -1.445836833708455, 60.460545140127323 ], [ -1.320281833591537, 60.356382140030291 ], [ -1.345836833615323, 60.340000140015036 ], [ -1.426945833690866, 60.321391139997701 ], [ -1.445836833708455, 60.318600139995112 ], [ -1.474717833735355, 60.314991139991747 ], [ -1.593190833845711, 60.307218139984514 ], [ -1.628336833878421, 60.307218139984514 ], [ -1.661113833908928, 60.301386139979144 ], [ -1.692154833937877, 60.285063139963881 ], [ -1.676254833923053, 60.24290913992462 ], [ -1.65805433390608, 60.228120389910885 ], [ -1.588890833841702, 60.215827139899403 ], [ -1.519717833777264, 60.201109139885688 ], [ -1.522604333779896, 60.194754639879761 ], [ -1.49055483375011, 60.16777313985466 ], [ -1.451108833713363, 60.151800139839764 ], [ -1.355695833624424, 60.200691139885379 ], [ -1.363608833631872, 60.229718139912336 ], [ -1.387499833654147, 60.237218139919321 ], [ -1.409508833674636, 60.253054139934079 ], [ -1.291390833564634, 60.241391139923195 ], [ -1.284999833558686, 60.219991139903271 ], [ -1.2609728335363, 60.127491139817124 ], [ -1.261527333536748, 60.119436639809663 ], [ -1.262081833537337, 60.111382139802117 ], [ -1.268336833543145, 60.093609139785571 ], [ -1.310417833582335, 60.009300139707051 ], [ -1.327645833598382, 60.00221813970046 ], [ -1.374931833642336, 59.897986139603375 ], [ -1.306945833579107, 59.857500139565673 ], [ -1.264999833540031, 59.855691139564044 ], [ -1.220554833498653, 60.022500139719341 ], [ -1.212217833490882, 60.102773139794124 ], [ -1.187217833467599, 60.127218139816875 ], [ -1.166808833448613, 60.137354139826328 ], [ -1.158336333440644, 60.1349271398241 ], [ -1.12721783341172, 60.146945139835253 ], [ -1.157499833439942, 60.19471813987974 ], [ -1.183054833463672, 60.227777139910557 ], [ -1.185554833466057, 60.230554139913124 ], [ -1.198054833477698, 60.255827139936656 ], [ -1.196700333476343, 60.261872639942311 ], [ -1.195345833475187, 60.267918139947909 ], [ -1.164999833446927, 60.26013613994067 ], [ -1.1011088333874, 60.275836139955288 ] ] ], [ [ [ -1.025417833316908, 60.500200140164253 ], [ -1.018472833310454, 60.517218140180091 ], [ -0.98263683327707, 60.653463140306968 ], [ -0.993890833287566, 60.722354140371152 ], [ -1.056945833346276, 60.730827140379034 ], [ -1.101804333388003, 60.728295390376729 ], [ -1.179863833460672, 60.62909114028426 ], [ -1.183054833463729, 60.598882140256137 ], [ -1.170281833451838, 60.527218140189404 ], [ -1.134445333418427, 60.48867264015351 ], [ -1.104717833390765, 60.485545140150606 ], [ -1.025417833316908, 60.500200140164253 ] ] ], [ [ [ -2.87722283504155, 56.45040913639258 ], [ -2.884445835048268, 56.451382136393477 ], [ -2.900836835063529, 56.452218136394265 ], [ -2.9157989342293, 56.450232725912237 ], [ -2.924372335085366, 56.44645463638895 ], [ -2.932217835092757, 56.442773136385455 ], [ -2.995554835151751, 56.414164136358835 ], [ -3.190417835333221, 56.359582136307978 ], [ -3.252499835391063, 56.348054136297264 ], [ -3.258608835396757, 56.347081636296366 ], [ -3.264717835402422, 56.346109136295439 ], [ -3.278054835414849, 56.357500136306044 ], [ -3.080836835231167, 56.4486091363909 ], [ -3.075559335226217, 56.450277136392486 ], [ -3.070281835221351, 56.451945136394016 ], [ -3.051945835204265, 56.454991136396842 ], [ -3.04625033519892, 56.454854636396789 ], [ -2.958608835117332, 56.456109136397885 ], [ -2.89528183505837, 56.463882136405118 ], [ -2.720836834895891, 56.488882136428401 ], [ -2.640836834821386, 56.522500136459712 ], [ -2.5513908347381, 56.563891136498256 ], [ -2.531254834719334, 56.576109136509643 ], [ -2.48860883467961, 56.614163136545102 ], [ -2.455631834648898, 56.693913636619385 ], [ -2.462781834655573, 56.696391136621656 ], [ -2.478054834669791, 56.71527313663924 ], [ -2.415281834611335, 56.75860913667961 ], [ -2.389999834587798, 56.771663136691785 ], [ -2.348054834548719, 56.784436136703675 ], [ -2.319863834522465, 56.796382136714783 ], [ -2.21971783442919, 56.867773136781267 ], [ -2.194163834405401, 56.902500136813615 ], [ -2.187777334399385, 56.9263136368358 ], [ -2.197081834408124, 56.943882136852153 ], [ -2.196390834407481, 56.96221813686924 ], [ -2.193336334404592, 56.96846813687506 ], [ -2.190281834401787, 56.974718136880881 ], [ -2.166945834380044, 57.000545136904947 ], [ -2.093336834311486, 57.07027313696986 ], [ -2.070763334290376, 57.141036137035798 ], [ -2.074308834293788, 57.147636137041928 ], [ -2.065836834285875, 57.190554137081904 ], [ -2.063750334283895, 57.197358637088257 ], [ -2.061663834282001, 57.204163137094582 ], [ -2.054163834275016, 57.218609137108018 ], [ -1.974863834201159, 57.317082137199719 ], [ -1.958890834186292, 57.332500137214083 ], [ -1.855836834090297, 57.398891137275911 ], [ -1.773336834013463, 57.458054137331033 ], [ -1.777777334017514, 57.498190637368481 ], [ -1.821945834058738, 57.578609137443294 ], [ -1.859999834094197, 57.621382137483124 ], [ -1.924027334153749, 57.674163637532359 ], [ -2.022217834245254, 57.693882137550645 ], [ -2.075554834294934, 57.699436137555836 ], [ -2.127918084343662, 57.695202387551888 ], [ -2.150924671093668, 57.683541640536482 ], [ -2.169999834382907, 57.67097313752933 ], [ -2.178054334390339, 57.669791137528222 ], [ -2.186108834397885, 57.668609137527113 ], [ -2.396254834593606, 57.666382137525034 ], [ -2.444445834638486, 57.668327137526859 ], [ -2.509999834699556, 57.671663137529976 ], [ -2.569999834755436, 57.679718137537463 ], [ -2.645836834826042, 57.688045137545231 ], [ -2.786390834956961, 57.702218137558418 ], [ -2.852781835018789, 57.705827137561784 ], [ -2.898054835060947, 57.70693613756282 ], [ -2.923608835084735, 57.696936137553507 ], [ -2.942499835102353, 57.689436137546522 ], [ -2.967499835125636, 57.680273137537966 ], [ -2.989445835146057, 57.674163137532304 ], [ -3.022499835176859, 57.665273137523997 ], [ -3.030486335184236, 57.663882137522762 ], [ -3.038472835191726, 57.662491137521414 ], [ -3.080836835231167, 57.665554137524282 ], [ -3.123336835270749, 57.671663137529976 ], [ -3.223336835363881, 57.691663137548602 ], [ -3.246108835385087, 57.698327137554799 ], [ -3.253608835392072, 57.701522637557844 ], [ -3.261108835399057, 57.704718137560747 ], [ -3.278054835414849, 57.718054137573176 ], [ -3.282154835418595, 57.721522637576442 ], [ -3.339717835472271, 57.723327137578082 ], [ -3.494340835616214, 57.698468137554954 ], [ -3.496290581919109, 57.694092834960991 ], [ -3.495626835617486, 57.690827137547814 ], [ -3.504863835626082, 57.674854137532947 ], [ -3.522217835642238, 57.663327137522202 ], [ -3.595417835710407, 57.636663137497379 ], [ -3.624445835737447, 57.63250013749348 ], [ -3.632536335744931, 57.635654637496458 ], [ -3.754136835858247, 57.625036137486546 ], [ -4.03986383612434, 57.555691137421945 ], [ -4.158890836235202, 57.496663137366994 ], [ -4.179163836254077, 57.489436137360258 ], [ -4.196663836270375, 57.485836137356898 ], [ -4.213054836285636, 57.486109137357147 ], [ -4.219168336291347, 57.487636137358606 ], [ -4.225281836297029, 57.489163137360009 ], [ -4.23778183630867, 57.496663137366994 ], [ -4.228890836300394, 57.515545137384578 ], [ -4.210836836283562, 57.536109137403713 ], [ -4.179445836254331, 57.562491137428282 ], [ -4.111390836190964, 57.598327137461666 ], [ -4.046663836130676, 57.642773137503042 ], [ -4.080781836162458, 57.665327137524059 ], [ -4.191390836265469, 57.671391137529696 ], [ -4.227781836299357, 57.664991137523742 ], [ -4.254445836324152, 57.657354637516647 ], [ -4.312499836378265, 57.628054137489357 ], [ -4.33694533640093, 57.61333213747568 ], [ -4.343608836407213, 57.607773137470446 ], [ -4.378336836439559, 57.589718137453644 ], [ -4.414717836473443, 57.572773137437849 ], [ -4.423122336481242, 57.572773137437878 ], [ -4.431526836489098, 57.572773137437849 ], [ -4.416390836475017, 57.601663137464783 ], [ -4.296663836363507, 57.674436137532552 ], [ -4.097781836178285, 57.723882137578585 ], [ -4.091531836172436, 57.724995637579667 ], [ -4.085281836166644, 57.726109137580664 ], [ -4.031108836116175, 57.73138213758557 ], [ -4.019445836105319, 57.72805413758249 ], [ -4.016281836102394, 57.716463137571679 ], [ -4.019081836104988, 57.702254137558441 ], [ -3.99499983608257, 57.694163637550957 ], [ -3.97319533606219, 57.70041363755675 ], [ -3.948054836038835, 57.7148541375702 ], [ -3.865554835962001, 57.768609137620246 ], [ -3.819445835919055, 57.804582137653739 ], [ -3.782120585884257, 57.855170387700923 ], [ -3.806808835907304, 57.85819113770367 ], [ -3.823472835922814, 57.848327137694497 ], [ -3.83819083593653, 57.827636137675228 ], [ -3.84437283594221, 57.823818137671708 ], [ -3.850554835948031, 57.820000137668103 ], [ -3.874717835970529, 57.815273137663695 ], [ -3.926390836018669, 57.807491137656456 ], [ -4.043217836127468, 57.814382137662875 ], [ -4.149726836226648, 57.825273137673008 ], [ -4.283336836351083, 57.844163137690629 ], [ -4.290418336357646, 57.845272637691664 ], [ -4.297499836364295, 57.846382137692672 ], [ -4.34986383641305, 57.860409137705744 ], [ -4.391663836451983, 57.9013911377439 ], [ -4.384859336445544, 57.902500137744994 ], [ -4.378054836439304, 57.903609137745974 ], [ -4.362499836424831, 57.897773137740558 ], [ -4.243054836313576, 57.870282137714952 ], [ -4.113331836192714, 57.851386137697347 ], [ -4.014999836101197, 57.867773137712589 ], [ -3.991663836079454, 57.906109137748302 ], [ -4.01166383609808, 57.926936137767711 ], [ -3.996945836084365, 57.950554137789709 ], [ -3.844999835942872, 58.020000137854367 ], [ -3.684445835793326, 58.089718137919306 ], [ -3.56610883568311, 58.139163137965369 ], [ -3.51319083563385, 58.163745137988258 ], [ -3.483336835606025, 58.18278213800599 ], [ -3.459163835583524, 58.203054138024868 ], [ -3.4443088355697, 58.223054138043494 ], [ -3.420281835547314, 58.243609138062624 ], [ -3.381945835511601, 58.264718138082287 ], [ -3.360345835491501, 58.275136138091995 ], [ -3.337499835470226, 58.276936138093674 ], [ -3.205554835347328, 58.306245138120971 ], [ -3.115831835263691, 58.375549638185504 ], [ -3.057917835209821, 58.450827138255619 ], [ -3.018677335173209, 58.642359138433989 ], [ -3.176390835320177, 58.649436138440592 ], [ -3.353890835485487, 58.660554138450948 ], [ -3.373336835503579, 58.62749113842014 ], [ -3.352990835484633, 58.616454138409864 ], [ -3.359581835490786, 58.59958213839414 ], [ -3.364445335495304, 58.597568138392319 ], [ -3.369308835499851, 58.595554138390412 ], [ -3.553336835671217, 58.60916313840309 ], [ -3.576108835692423, 58.621936138414981 ], [ -3.660281835770832, 58.619718138412907 ], [ -3.711663835818683, 58.60374513839804 ], [ -3.730281835836024, 58.592773138387827 ], [ -3.782636835884773, 58.567500138364267 ], [ -3.848336835945958, 58.560000138357282 ], [ -3.90333683599718, 58.558327138355736 ], [ -4.080554836162236, 58.555273138352902 ], [ -4.277217836345386, 58.533609138332707 ], [ -4.428890836486659, 58.539718138338401 ], [ -4.432708836490178, 58.544368138342776 ], [ -4.476108836530614, 58.561100138358313 ], [ -4.506663836559085, 58.567773138364544 ], [ -4.560554836609271, 58.57583613837204 ], [ -4.583472836630563, 58.572631638369131 ], [ -4.598540836644617, 58.555763638353426 ], [ -4.599099836645166, 58.530273138329619 ], [ -4.668054836709388, 58.488327138290543 ], [ -4.741390836777697, 58.448327138253291 ], [ -4.761454836796389, 58.446036138251145 ], [ -4.717781836755705, 58.494436138296237 ], [ -4.701945836740947, 58.50999113831071 ], [ -4.67666383671741, 58.524436138324177 ], [ -4.701663836740693, 58.55860913835599 ], [ -4.770136836804454, 58.602636138397003 ], [ -5.001526837019952, 58.62416313841706 ], [ -5.109445837120461, 58.50832713830917 ], [ -5.171804337178514, 58.35750013816866 ], [ -5.164717837171935, 58.325273138138698 ], [ -5.126390837136256, 58.287500138103496 ], [ -5.082217837095101, 58.268882138086155 ], [ -5.075554837088902, 58.267218138084615 ], [ -5.071663837085282, 58.264718138082287 ], [ -5.203608837208151, 58.250827138069354 ], [ -5.368608837361819, 58.259163138077128 ], [ -5.39354133738496, 58.255409138073702 ], [ -5.294163837292501, 58.149863137975331 ], [ -5.274445837274129, 58.148609137974148 ], [ -5.273890837273626, 58.117218137944917 ], [ -5.281454837280677, 58.077218137907664 ], [ -5.287395837286169, 58.072845637903669 ], [ -5.293336837291719, 58.068473137899531 ], [ -5.315136837312025, 58.06416313789552 ], [ -5.371945837364933, 58.076109137906627 ], [ -5.37805483737057, 58.07985913791012 ], [ -5.415627337405539, 58.096177137925338 ], [ -5.44236383743052, 58.093609137922925 ], [ -5.452845837440293, 58.074163137904833 ], [ -5.416945837406843, 58.042773137875599 ], [ -5.398054837389253, 58.031109137864718 ], [ -5.262781837263276, 57.971109137808838 ], [ -5.203054837207645, 57.954718137793577 ], [ -5.198195837203087, 57.952704637791726 ], [ -5.193336837198586, 57.950691137789818 ], [ -5.098336837110111, 57.868045137712869 ], [ -5.102781837114264, 57.850827137696825 ], [ -5.111945837122789, 57.859445137704853 ], [ -5.127499837137293, 57.86943613771416 ], [ -5.217499837221112, 57.900836137743397 ], [ -5.338608837333879, 57.920827137762018 ], [ -5.428754837417841, 57.901036137743574 ], [ -5.45749983744463, 57.858891137704319 ], [ -5.611108837587665, 57.923609137764601 ], [ -5.638127337612843, 57.905618137747894 ], [ -5.644126837618415, 57.880591137724537 ], [ -5.630109337605347, 57.858304637703839 ], [ -5.599581837576949, 57.844854137691271 ], [ -5.581663837560257, 57.831663137678987 ], [ -5.581595337560117, 57.82555413767335 ], [ -5.581526837560119, 57.8194451376676 ], [ -5.606736837583611, 57.766182137617989 ], [ -5.641108837615604, 57.773891137625156 ], [ -5.663054837636054, 57.788891137639126 ], [ -5.688568337659802, 57.84886313769502 ], [ -5.693690837664576, 57.851963137697879 ], [ -5.716945837686239, 57.86943613771416 ], [ -5.760972837727223, 57.866104637711061 ], [ -5.801390837764899, 57.853882137699657 ], [ -5.817081837779511, 57.819436137667594 ], [ -5.810836837773678, 57.639582137500071 ], [ -5.695554837666322, 57.55943613742545 ], [ -5.669999837642536, 57.54666313741356 ], [ -5.649304337623249, 57.549650137416393 ], [ -5.643608837617933, 57.55221813741872 ], [ -5.535281837517061, 57.55221813741872 ], [ -5.527499837509765, 57.550340637417037 ], [ -5.519717837502554, 57.548463137415212 ], [ -5.510136837493633, 57.533191137400991 ], [ -5.530836837512908, 57.528327137396474 ], [ -5.619999837595969, 57.524718137393108 ], [ -5.642781837617179, 57.508609137378102 ], [ -5.647918337621917, 57.508677137378271 ], [ -5.65305483762674, 57.508745137378241 ], [ -5.749999837717041, 57.548336137415106 ], [ -5.776945837742119, 57.570000137435272 ], [ -5.81569083777822, 57.579227137443866 ], [ -5.839717837800578, 57.572773137437849 ], [ -5.850417837810539, 57.549718137416392 ], [ -5.86986383782866, 57.49388213736438 ], [ -5.869168337827944, 57.473468137345407 ], [ -5.859999837819487, 57.450827137324296 ], [ -5.818054837780409, 57.362500137242023 ], [ -5.781181837746061, 57.342013637222976 ], [ -5.75110883771805, 57.343327137224179 ], [ -5.632554837607643, 57.370554137249542 ], [ -5.503336837487296, 57.401109137277984 ], [ -5.462226837449009, 57.420000137295574 ], [ -5.456740837443846, 57.419022637294688 ], [ -5.451254837438796, 57.418045137293774 ], [ -5.452781837440227, 57.396109137273328 ], [ -5.4568093374439, 57.392291137269808 ], [ -5.460836837447715, 57.388473137266232 ], [ -5.492499837477226, 57.37082713724979 ], [ -5.52055483750334, 57.359163137238937 ], [ -5.575681837554697, 57.332145137213757 ], [ -5.598845837576249, 57.330491137212221 ], [ -5.571163837550472, 57.284109137169025 ], [ -5.512663837496007, 57.277445137162829 ], [ -5.405136837395844, 57.230973137119548 ], [ -5.42513683741447, 57.218882137108267 ], [ -5.449717837437362, 57.221382137110595 ], [ -5.476808837462613, 57.229582137118229 ], [ -5.494717837479271, 57.238882137126893 ], [ -5.539663837521147, 57.247518137134932 ], [ -5.542581169607166, 57.250462542696638 ], [ -5.547122837528008, 57.251561387138679 ], [ -5.610417837587022, 57.24119113712905 ], [ -5.646108837620261, 57.234991137123274 ], [ -5.647508837621587, 57.161609137054938 ], [ -5.550281837531031, 57.116391137012812 ], [ -5.481663837467124, 57.112218137008938 ], [ -5.457217837444347, 57.116663137013092 ], [ -5.450413337437936, 57.117495137013947 ], [ -5.443608837431668, 57.118327137014631 ], [ -5.420836837410462, 57.117773137014098 ], [ -5.40305483739391, 57.110618137007435 ], [ -5.518054837501012, 57.088054136986443 ], [ -5.537081837518741, 57.088191136986552 ], [ -5.559445837539556, 57.092500136990566 ], [ -5.577499837556388, 57.097500136995222 ], [ -5.611608837588136, 57.103436137000756 ], [ -5.616027337592186, 57.107022637004178 ], [ -5.651108837624918, 57.116109137012558 ], [ -5.691608837662642, 57.110936137007741 ], [ -5.724717837693476, 57.113054137009726 ], [ -5.775281837740579, 57.080691136979567 ], [ -5.786563837751004, 57.06107263696137 ], [ -5.773608837739005, 57.045554136946862 ], [ -5.653890837627529, 56.991945136896931 ], [ -5.631390837606574, 56.984991136890443 ], [ -5.616108837592321, 56.984718136890194 ], [ -5.569163837548615, 56.989718136894851 ], [ -5.551945837532571, 56.993191136898076 ], [ -5.524026837506568, 56.997354136901976 ], [ -5.538054837519638, 56.989436136894597 ], [ -5.566108837545755, 56.982218136887866 ], [ -5.579163837557928, 56.980000136885792 ], [ -5.629717837605, 56.973054136879341 ], [ -5.646108837620261, 56.972218136878553 ], [ -5.661108837634231, 56.976109136882172 ], [ -5.666386337639096, 56.977913636883869 ], [ -5.671663837644076, 56.979718136885538 ], [ -5.697217837667864, 56.989163136894348 ], [ -5.722281837691213, 56.996718136901364 ], [ -5.728009337696506, 57.002904636907147 ], [ -5.757277337723792, 57.01096813691467 ], [ -5.763445837729563, 57.010218136913949 ], [ -5.776420162746882, 57.011650389538914 ], [ -5.800136337763689, 57.012495636916071 ], [ -5.825836837787648, 57.003463136907641 ], [ -5.919581837874972, 56.887082136799251 ], [ -5.874031837832462, 56.879231636791985 ], [ -5.818054837780409, 56.88555413679785 ], [ -5.76749983773334, 56.892491136804296 ], [ -5.742781837710311, 56.893745136805478 ], [ -5.672499837644864, 56.87610913678904 ], [ -5.667708837640333, 56.872672636785836 ], [ -5.662917837635916, 56.869236136782632 ], [ -5.718054837687276, 56.839436136754898 ], [ -5.725554837694233, 56.839299636754788 ], [ -5.733054837701246, 56.839163136754649 ], [ -5.749163837716253, 56.842218136757481 ], [ -5.785836837750395, 56.839554136754998 ], [ -5.854513337814325, 56.821068136737836 ], [ -5.839445837800326, 56.803600136721514 ], [ -5.802081837765542, 56.791800136710521 ], [ -5.849581837809779, 56.744445136666428 ], [ -5.867499837826472, 56.742773136664852 ], [ -5.904999837861396, 56.756663136677815 ], [ -5.945695337899224, 56.7781906366979 ], [ -5.96694583791907, 56.780273136699776 ], [ -6.139999838080257, 56.757773136678821 ], [ -6.192081838128757, 56.748882136670545 ], [ -6.234517838168273, 56.7167271366406 ], [ -6.227781838162002, 56.697218136622439 ], [ -6.209163838144661, 56.684163136610294 ], [ -6.191390838128115, 56.679718136606141 ], [ -5.919163837874578, 56.673882136600696 ], [ -5.845390837805866, 56.680882136607238 ], [ -5.826217837788022, 56.691554136617157 ], [ -5.792781837756877, 56.701382136626307 ], [ -5.779445837744447, 56.707773136632255 ], [ -5.772709337738178, 56.709577636633952 ], [ -5.765972837731908, 56.711382136635621 ], [ -5.739445837707194, 56.711663136635906 ], [ -5.552399837532988, 56.688854136614651 ], [ -5.612499837588985, 56.681936136608215 ], [ -5.648608837622589, 56.680273136606644 ], [ -5.699163837669687, 56.682782136609006 ], [ -5.882608837840536, 56.656663136584683 ], [ -5.974717837926306, 56.651382136579741 ], [ -5.992154337942566, 56.647354636576011 ], [ -6.009513337958651, 56.627982136557989 ], [ -5.995836837945973, 56.611382136542488 ], [ -5.936668337890836, 56.573190636506979 ], [ -5.889859337847241, 56.55513163649016 ], [ -5.826663837788431, 56.542218136478084 ], [ -5.790554837754797, 56.538054136474216 ], [ -5.693608837664499, 56.511391136449362 ], [ -5.676945837648987, 56.493891136433064 ], [ -5.597363837574818, 56.521799636459065 ], [ -5.56389083754371, 56.540554136476544 ], [ -5.363336837356911, 56.661945136589594 ], [ -5.234163837236622, 56.743327136665386 ], [ -5.188890837194464, 56.776382136696157 ], [ -5.15444583716237, 56.799163136717397 ], [ -5.120836837131066, 56.814718136731869 ], [ -5.13236383714181, 56.7940271367126 ], [ -5.176390837182822, 56.759991136680895 ], [ -5.242217837244112, 56.712218136636409 ], [ -5.314726837311639, 56.656663136584683 ], [ -5.383054837375283, 56.583054136516125 ], [ -5.374054837366913, 56.559245136493928 ], [ -5.345222837340003, 56.547286136482825 ], [ -5.318263837314959, 56.556327136491234 ], [ -5.250799837252117, 56.557527136492354 ], [ -5.336845837332248, 56.516536136454164 ], [ -5.363508837357074, 56.514954136452701 ], [ -5.370345337363403, 56.518036136455606 ], [ -5.398663837389819, 56.478663136418902 ], [ -5.368336837361568, 56.474327136414843 ], [ -5.232081837234688, 56.450973136393117 ], [ -5.21444583721825, 56.451945136394016 ], [ -5.203054837207645, 56.45416313639609 ], [ -5.191108837196509, 56.461936136403324 ], [ -5.115554837126155, 56.512773136450647 ], [ -5.103890837115301, 56.529445136466194 ], [ -5.095836837107782, 56.544718136480412 ], [ -5.084163837096924, 56.557082136491914 ], [ -5.070136837083851, 56.560691136495279 ], [ -5.107781837118921, 56.507773136445991 ], [ -5.120554837130811, 56.495554136434635 ], [ -5.135554837144781, 56.484991136424782 ], [ -5.193336837198586, 56.448327136390645 ], [ -5.206108837210479, 56.440973136383803 ], [ -5.220836837224198, 56.435827136379004 ], [ -5.23875483724089, 56.435973136379147 ], [ -5.308554837305905, 56.42966313637325 ], [ -5.327636837323666, 56.435745136378927 ], [ -5.430804337419715, 56.42661813637045 ], [ -5.43721783742572, 56.42232713636642 ], [ -5.45107512425164, 56.416569800717781 ], [ -5.524581837506986, 56.380132136327205 ], [ -5.526108837508502, 56.373600136321045 ], [ -5.571390837550695, 56.328327136278887 ], [ -5.596526837574089, 56.256945136212408 ], [ -5.597781837575269, 56.159718136121853 ], [ -5.566390837545981, 56.164722636126584 ], [ -5.558890837539053, 56.169445136130918 ], [ -5.532217837514196, 56.182491136143057 ], [ -5.523990837506489, 56.183882136144376 ], [ -5.515763837498895, 56.185273136145639 ], [ -5.519999837502837, 56.16485413612665 ], [ -5.563336837543176, 56.113327136078652 ], [ -5.601390837578634, 56.076382136044231 ], [ -5.637358837612055, 56.047495136017403 ], [ -5.677845837649841, 55.994009135967531 ], [ -5.668172837640782, 55.978381635952985 ], [ -5.625554837601129, 56.020554135992256 ], [ -5.597499837575015, 56.03221813600311 ], [ -5.578054837556891, 56.037564136008086 ], [ -5.580136837558825, 56.01319113598538 ], [ -5.63360883760862, 55.966109135941537 ], [ -5.654890837628443, 55.924945135903215 ], [ -5.664390837637313, 55.919273135897924 ], [ -5.666744113632501, 55.91784977549073 ], [ -5.666765837639474, 55.917818135896653 ], [ -5.677431837649436, 55.893936135874355 ], [ -5.676972837649032, 55.888436135869199 ], [ -5.673190837645507, 55.805273135791737 ], [ -5.647499837621581, 55.781391135769496 ], [ -5.609863837586516, 55.75930013574893 ], [ -5.669163837641747, 55.661664135658015 ], [ -5.701663837672015, 55.588609135589962 ], [ -5.718054837687276, 55.515000135521404 ], [ -5.717636837686882, 55.444582135455818 ], [ -5.720972837689914, 55.439304635450895 ], [ -5.724308837693115, 55.434027135446001 ], [ -5.759163837725566, 55.4175001354306 ], [ -5.791045337755264, 55.392286635407146 ], [ -5.795559337759443, 55.366800135383386 ], [ -5.785277337749818, 55.303881635324814 ], [ -5.759168337725526, 55.29277263531452 ], [ -5.737781837705654, 55.292218135313931 ], [ -5.595836837573444, 55.305827135326609 ], [ -5.566945837546541, 55.316664135336708 ], [ -5.535281837517061, 55.340554135358957 ], [ -5.519168337502009, 55.357845635375128 ], [ -5.534026837515881, 55.396945135411471 ], [ -5.555199837535611, 55.414400135427712 ], [ -5.486390837471532, 55.643054135640682 ], [ -5.468890837455234, 55.668609135664468 ], [ -5.456945837444096, 55.684436135679221 ], [ -5.455141337442427, 55.685690635680459 ], [ -5.445972837433885, 55.706800135700036 ], [ -5.404163837394947, 55.736382135727581 ], [ -5.379999837372452, 55.750273135740514 ], [ -5.418890837408668, 55.906664135886189 ], [ -5.42916383741823, 56.006936135979572 ], [ -5.399236837390362, 55.999718135972842 ], [ -5.356108837350178, 56.024891135996285 ], [ -5.338945837334194, 56.034554136005283 ], [ -5.311363837308448, 56.062300136031183 ], [ -5.305945837303483, 56.069218136037563 ], [ -5.287445837286242, 56.084054136051378 ], [ -5.258890837259656, 56.10694513607271 ], [ -5.23889083724103, 56.118891136083818 ], [ -5.205836837210228, 56.137218136100898 ], [ -5.032217837048535, 56.232500136189628 ], [ -4.922290836946161, 56.27110913622559 ], [ -4.947263836969427, 56.250000136205927 ], [ -4.974163836994478, 56.233327136190411 ], [ -5.072217837085788, 56.186945136147216 ], [ -5.200690837205457, 56.118609136083563 ], [ -5.273554837273309, 56.041664136011917 ], [ -5.277304837276773, 56.038082136008626 ], [ -5.309054837306377, 56.005700135978401 ], [ -5.340836837335956, 55.926109135904284 ], [ -5.339999837335199, 55.902009135881855 ], [ -5.298890837296852, 55.849859135833327 ], [ -5.207777337212036, 55.836595135820943 ], [ -5.229608837232377, 55.874073135855838 ], [ -5.224581837227703, 55.901754135881617 ], [ -5.206117837210513, 55.921891135900353 ], [ -5.17333683717996, 55.929164135907143 ], [ -5.109999837120995, 55.903054135882826 ], [ -5.019027337036221, 55.868331635850524 ], [ -4.98666383700612, 55.864927135847296 ], [ -4.961945836983091, 55.880000135861337 ], [ -4.928436836951903, 55.93362713591128 ], [ -4.913336836937816, 55.961318135937091 ], [ -4.898236836923758, 55.981445135955823 ], [ -4.881454836908148, 56.07121813603942 ], [ -4.867199836894855, 56.10560913607145 ], [ -4.828608836858905, 56.113164136078495 ], [ -4.846226836875331, 56.086318136053507 ], [ -4.859645836887836, 56.07038213603866 ], [ -4.866354836894061, 56.031782136002704 ], [ -4.854608836883131, 55.986482135960529 ], [ -4.810145836841713, 55.97641813595115 ], [ -4.77659083681047, 55.979773135954275 ], [ -4.627226836671355, 55.945545135922401 ], [ -4.501108836553897, 55.929164135907143 ], [ -4.485417836539284, 55.923609135901955 ], [ -4.523054836574346, 55.918609135897299 ], [ -4.570281836618335, 55.921109135899627 ], [ -4.709717836748183, 55.934027135911663 ], [ -4.751663836787259, 55.94610913592291 ], [ -4.79039083682332, 55.950873135927338 ], [ -4.824054836854685, 55.949500135926058 ], [ -4.878263836905177, 55.936527135913991 ], [ -4.910140836934801, 55.695272635689292 ], [ -4.875836836902891, 55.681936135676892 ], [ -4.860836836888922, 55.672218135667833 ], [ -4.813608836844935, 55.64555413564301 ], [ -4.769163836803557, 55.628609135627215 ], [ -4.729445836766558, 55.617773135617114 ], [ -4.707781836746392, 55.611109135610917 ], [ -4.70229533674123, 55.608400135608463 ], [ -4.696808836736182, 55.605691135605866 ], [ -4.687217836727228, 55.597500135598239 ], [ -4.659445836701366, 55.561945135565139 ], [ -4.622917836667341, 55.513882135520362 ], [ -4.61360883665867, 55.490691135498764 ], [ -4.639581836682879, 55.442636135454023 ], [ -4.646668336689402, 55.439927135451512 ], [ -4.653754836696066, 55.437218135448973 ], [ -4.682499836722855, 55.433882135445856 ], [ -4.721249836758858, 55.422636635435396 ], [ -4.748472836784288, 55.41055413542415 ], [ -4.837154836866887, 55.318818135338717 ], [ -4.847781836876777, 55.269436135292722 ], [ -4.865417836893187, 55.223400135249847 ], [ -4.934999836958013, 55.178600135208114 ], [ -4.973890836994229, 55.155000135186128 ], [ -5.005831837023919, 55.137704635170081 ], [ -5.053608837068452, 55.049018135087437 ], [ -5.104999837116338, 55.023891135064019 ], [ -5.157217837164893, 55.010277635051381 ], [ -5.176250337182665, 54.994713635036902 ], [ -5.185036337190809, 54.928941134975616 ], [ -5.173958837180464, 54.897704634946564 ], [ -5.137081837146127, 54.851245634903222 ], [ -5.109581837120516, 54.826732134880473 ], [ -5.074717837088116, 54.805827134860948 ], [ -5.0352818370514, 54.782218134838956 ], [ -5.004999837023206, 54.763327134821367 ], [ -4.958472836979865, 54.7241641347849 ], [ -4.95263683697442, 54.696664134759288 ], [ -4.962290836983414, 54.681245134744927 ], [ -4.950136836972092, 54.654991134720461 ], [ -4.929654336953035, 54.643604634709874 ], [ -4.860695336888796, 54.628400134695738 ], [ -4.870899836898303, 54.685336134748724 ], [ -4.893958836919722, 54.698609134761085 ], [ -4.899999836925417, 54.701109134763414 ], [ -4.911945836936525, 54.716664134777915 ], [ -4.94472683696705, 54.767491134825235 ], [ -4.960763836982011, 54.796873134852603 ], [ -4.935554836958516, 54.829718134883194 ], [ -4.929931836953273, 54.833400134886659 ], [ -4.924308836948057, 54.837082134890039 ], [ -4.893890836919724, 54.8519451349039 ], [ -4.852217836880897, 54.86860913491941 ], [ -4.825554836856071, 54.864436134915536 ], [ -4.819859336850698, 54.863050134914289 ], [ -4.814163836845466, 54.861664134912957 ], [ -4.801254836833436, 54.855554134907266 ], [ -4.740554836776909, 54.821664134875704 ], [ -4.680836836721284, 54.799718134855254 ], [ -4.598608836644701, 54.780273134837131 ], [ -4.560836836609525, 54.750000134808943 ], [ -4.559377336608122, 54.744513634803866 ], [ -4.501249836553939, 54.700827634763101 ], [ -4.394717836454788, 54.676245134740327 ], [ -4.363127586425321, 54.683256884746811 ], [ -4.346872836410199, 54.70416413476633 ], [ -4.359726836422226, 54.771109134828606 ], [ -4.411108836470078, 54.825827134879574 ], [ -4.428545836486336, 54.864091134915213 ], [ -4.424445836482505, 54.88151813493144 ], [ -4.398054836457931, 54.906391134954589 ], [ -4.39142283645171, 54.905972634954225 ], [ -4.384790836445575, 54.905554134953832 ], [ -4.380690836441772, 54.893191134942299 ], [ -4.37958183644065, 54.887568134937169 ], [ -4.350554836413693, 54.859027134910491 ], [ -4.135836836213713, 54.774718134831971 ], [ -4.095554836176206, 54.767773134825489 ], [ -3.979445836068066, 54.765273134823161 ], [ -3.959304336049257, 54.766382134824198 ], [ -3.869717835965872, 54.805273134860414 ], [ -3.812217835912321, 54.848882134901032 ], [ -3.692499835800845, 54.881100134931046 ], [ -3.628890835741601, 54.877491134927681 ], [ -3.622363835735484, 54.8763821349267 ], [ -3.580690835696714, 54.969436135013325 ], [ -3.571108835687767, 54.990827135033243 ], [ -3.445281835570597, 54.986382135029089 ], [ -3.383472835513032, 54.97333213501696 ], [ -3.360554835491683, 54.971382135015119 ], [ -3.14694583529274, 54.965000135009177 ], [ -3.066390835217732, 54.974718135018236 ], [ -3.05102683520343, 54.979864135023035 ], [ -3.046208835198939, 54.979373135022598 ], [ -3.041390835194449, 54.978882135022104 ], [ -3.027081835181122, 54.97290913501655 ], [ -3.02569083517983, 54.947491134992873 ], [ -3.103336835252122, 54.933882134980195 ], [ -3.13291783527967, 54.931391134977872 ], [ -3.178890835322505, 54.940554134986428 ], [ -3.183508835326762, 54.94364063498935 ], [ -3.208608835350162, 54.949436134994698 ], [ -3.269999835407361, 54.94138213498718 ], [ -3.289308835425345, 54.93791813498396 ], [ -3.386386335515709, 54.88041363493042 ], [ -3.429163835555585, 54.815554134870013 ], [ -3.56916383568597, 54.64249113470882 ], [ -3.632636835745075, 54.512218134587499 ], [ -3.613054835726842, 54.488609134565507 ], [ -3.556945835674583, 54.448327134528 ], [ -3.524717835644566, 54.4261091345073 ], [ -3.493054835615084, 54.403327134486091 ], [ -3.466108835589978, 54.378609134463062 ], [ -3.433890835559993, 54.348054134434619 ], [ -3.412217835539792, 54.291109134381571 ], [ -3.411386335538992, 54.285622634376494 ], [ -3.38055483551031, 54.244436134338116 ], [ -3.222358835362968, 54.098263634202056 ], [ -3.152217835297648, 54.081936134186776 ], [ -2.930972835091609, 54.15332713425326 ], [ -2.81360883498229, 54.222773134317919 ], [ -2.817499834985938, 54.142773134243413 ], [ -2.833608835000916, 54.085000134189613 ], [ -2.89694583505991, 53.998882134109408 ], [ -2.93249983509304, 53.950554134064419 ], [ -3.024999835179187, 53.926109134041639 ], [ -3.048054835200588, 53.913190634029661 ], [ -3.059304335211067, 53.791172633915991 ], [ -3.052781835205053, 53.767354133893804 ], [ -3.037081835190435, 53.749436133877111 ], [ -3.021663835176071, 53.739718133868053 ], [ -2.99958633515547, 53.733882133862679 ], [ -2.966108835124317, 53.733609133862359 ], [ -2.939445835099491, 53.734718133863396 ], [ -2.931945835092506, 53.734581633863257 ], [ -2.924445835085521, 53.734445133863147 ], [ -2.907217835069474, 53.732364133861211 ], [ -2.903504335065918, 53.728677633857842 ], [ -2.899790835062561, 53.724991133854331 ], [ -2.94221783510207, 53.708054133838573 ], [ -2.977290835134738, 53.693818133825317 ], [ -3.073054835223928, 53.598054133736127 ], [ -3.09360883524306, 53.576382133715924 ], [ -3.10562683525427, 53.559927133700597 ], [ -3.010031835165137, 53.421218133571472 ], [ -2.958890835117558, 53.36402313351816 ], [ -2.878336835042575, 53.325691133482451 ], [ -2.857363835023051, 53.320827133477934 ], [ -2.773613834945053, 53.336036633492085 ], [ -2.769445834941166, 53.339300133495129 ], [ -2.717499834892806, 53.352491133507414 ], [ -2.711213334886907, 53.351554633506581 ], [ -2.704926834881093, 53.350618133505662 ], [ -2.753190834926045, 53.304300133462533 ], [ -2.776390834947648, 53.29250013345154 ], [ -2.862217835027565, 53.282773133442475 ], [ -2.882499835046474, 53.285273133444804 ], [ -2.891108835054411, 53.287218633446656 ], [ -2.899717835062489, 53.289164133448452 ], [ -2.928290835089115, 53.302164133460536 ], [ -2.935395335095734, 53.306359133464483 ], [ -2.942499835102353, 53.310554133468372 ], [ -2.989445835146057, 53.367218133521135 ], [ -3.028890835182807, 53.381909133534805 ], [ -3.043636835196537, 53.403618133555028 ], [ -3.065309335216654, 53.409764133560799 ], [ -3.175559335319321, 53.398191133550043 ], [ -3.189304335332167, 53.383050133535917 ], [ -3.171668335315701, 53.359932133514334 ], [ -3.166945835311367, 53.357082133511682 ], [ -3.154163835299471, 53.348327133503545 ], [ -3.126108835273328, 53.325000133481808 ], [ -3.08257283523281, 53.268536133429222 ], [ -3.085586335235547, 53.26427263342525 ], [ -3.088599835238398, 53.260009133421278 ], [ -3.102217835251082, 53.247773133409879 ], [ -3.125972835273217, 53.255554133417149 ], [ -3.211663835353022, 53.297491133456191 ], [ -3.327640835461011, 53.347081633502413 ], [ -3.362781835493763, 53.346109133501471 ], [ -3.388054835517295, 53.343609133499143 ], [ -3.461663835585853, 53.32054513347768 ], [ -3.589445835704851, 53.282218133441972 ], [ -3.609863835723871, 53.27943613343939 ], [ -3.692499835800845, 53.285554133445089 ], [ -3.730136835835879, 53.289436133448703 ], [ -3.854445835951651, 53.284436133444046 ], [ -4.003054836090058, 53.241945133404471 ], [ -4.010831836097282, 53.239722633402423 ], [ -4.018608836104534, 53.237500133400317 ], [ -4.066390836149054, 53.226391133389967 ], [ -4.10528183618527, 53.227491133390998 ], [ -4.134581836212561, 53.229718133393078 ], [ -4.153336836230011, 53.22555413338921 ], [ -4.196390836270126, 53.206109133371086 ], [ -4.330281836394818, 53.112218133283648 ], [ -4.344581836408139, 53.065136133239804 ], [ -4.352636836415627, 53.038054133214587 ], [ -4.356804836419457, 53.033468133210278 ], [ -4.3609728364234, 53.028882133206025 ], [ -4.462499836517964, 52.970273133151437 ], [ -4.505836836558302, 52.946109133128942 ], [ -4.526663836577711, 52.935827133119375 ], [ -4.540281836590395, 52.930545133114464 ], [ -4.546531836596188, 52.929718133113752 ], [ -4.586108836633059, 52.923882133108236 ], [ -4.61889083666361, 52.909164133094549 ], [ -4.651108836693595, 52.886936133073846 ], [ -4.721945836759573, 52.836109133026497 ], [ -4.746667836782564, 52.81319063300522 ], [ -4.751327336786886, 52.784254632978218 ], [ -4.727781836765018, 52.781391132975529 ], [ -4.539445836589607, 52.793054132986413 ], [ -4.500281836553143, 52.829436133020295 ], [ -4.477217836531651, 52.855000133044086 ], [ -4.440554836497512, 52.872500133060385 ], [ -4.414163836472937, 52.884718133071772 ], [ -4.312917836378631, 52.904991133090647 ], [ -4.233336836304517, 52.91499113309996 ], [ -4.133608836211636, 52.914445133099463 ], [ -4.118336836197415, 52.894436133080831 ], [ -4.132777336210808, 52.883050133070256 ], [ -4.148336836225354, 52.800409132993252 ], [ -4.130554836208802, 52.777773132972158 ], [ -4.05833683614145, 52.720414132918791 ], [ -4.053336836136879, 52.71666413291527 ], [ -4.106390836186307, 52.650836132853954 ], [ -4.125972836204539, 52.603745132810104 ], [ -4.080554836162236, 52.553327132763144 ], [ -4.061108836144115, 52.506100132719155 ], [ -4.059717836142823, 52.485836132700285 ], [ -4.09194583617284, 52.397773132618255 ], [ -4.094304836175013, 52.391800132612701 ], [ -4.096663836177243, 52.385827132607147 ], [ -4.130836836209056, 52.334718132559544 ], [ -4.143054836220443, 52.320273132546077 ], [ -4.193608836267515, 52.276382132505205 ], [ -4.231663836302971, 52.248882132479594 ], [ -4.291945836359105, 52.222500132455025 ], [ -4.497636836550669, 52.137082132375468 ], [ -4.527217836578217, 52.13082713236966 ], [ -4.59055483663721, 52.131664132370446 ], [ -4.63534533667891, 52.134304632372988 ], [ -4.669445836710679, 52.130273132369126 ], [ -4.722781836760362, 52.113054132353113 ], [ -4.741527336777779, 52.096941132338088 ], [ -4.746108836782071, 52.090273132331873 ], [ -4.759163836794244, 52.07305413231586 ], [ -4.763472836798201, 52.068745132311832 ], [ -4.767781836802271, 52.064436132307833 ], [ -4.830281836860479, 52.016245132262952 ], [ -4.837363836867013, 52.015063632261885 ], [ -4.84444583687366, 52.013882132260733 ], [ -5.076663837089939, 51.996109132244186 ], [ -5.080690837093698, 51.976936132226342 ], [ -5.099445837111148, 51.960554132211087 ], [ -5.239163837241279, 51.916382132169929 ], [ -5.258890837259656, 51.870554132127268 ], [ -5.213336837217213, 51.870554132127268 ], [ -5.184999837190844, 51.86958213212634 ], [ -5.131663837141161, 51.856382132114049 ], [ -5.126318337136098, 51.85180013210983 ], [ -5.120972837131205, 51.847218132105525 ], [ -5.115281837125906, 51.833327132092592 ], [ -5.102572837114081, 51.778954132041946 ], [ -5.106286337117496, 51.773222632036678 ], [ -5.109999837120995, 51.767491132031267 ], [ -5.124163837134176, 51.765273132029193 ], [ -5.154649837162452, 51.763745632027835 ], [ -5.246945837248518, 51.730273131996597 ], [ -5.228608837231434, 51.723054131989898 ], [ -5.191108837196509, 51.708882131976679 ], [ -5.065054837079117, 51.70499113197306 ], [ -5.007390837025412, 51.703491131971674 ], [ -4.908754836933554, 51.712491131980045 ], [ -4.896337566914319, 51.718293694476145 ], [ -4.89312733691898, 51.723604631990412 ], [ -4.884445836910913, 51.746664132011887 ], [ -4.867217836894866, 51.722773131989612 ], [ -4.864163336891949, 51.71805463198524 ], [ -4.861108836889173, 51.713336131980839 ], [ -4.894163836919972, 51.6994361319679 ], [ -4.904999836930074, 51.696936131965572 ], [ -4.970608836991175, 51.675773131945846 ], [ -5.021281837038373, 51.668609131939178 ], [ -5.046945337062226, 51.618473131892557 ], [ -5.00528183702346, 51.606382131881219 ], [ -4.941390836963961, 51.59416413186986 ], [ -4.890281836916358, 51.626936131900379 ], [ -4.864163836892033, 51.640136131912669 ], [ -4.835690836865524, 51.645336131917503 ], [ -4.807217836838987, 51.640545131913058 ], [ -4.790626836823549, 51.633400131906399 ], [ -4.710972836749363, 51.649582131921449 ], [ -4.690281836730094, 51.666664131937381 ], [ -4.686663836726723, 51.689436131958587 ], [ -4.68430883672454, 51.709854131977607 ], [ -4.677917836718535, 51.7152726319827 ], [ -4.671526836712616, 51.720691131987678 ], [ -4.645836836688687, 51.72666413199326 ], [ -4.637086836680425, 51.72777313199434 ], [ -4.628336836672389, 51.728882131995306 ], [ -4.574445836622203, 51.734164132000245 ], [ -4.436108836493361, 51.737218132003079 ], [ -4.262217836331416, 51.676936131946945 ], [ -4.197499836271163, 51.679164131949022 ], [ -4.074717836156793, 51.6772181319472 ], [ -4.070431836152778, 51.67262713194296 ], [ -4.06614583614882, 51.668036131938635 ], [ -4.076526836158479, 51.6473541319194 ], [ -4.11639083619562, 51.634164131907113 ], [ -4.162499836238567, 51.623327131897014 ], [ -4.169999836245495, 51.622840631896608 ], [ -4.177499836252537, 51.622354131896117 ], [ -4.211390836284096, 51.626664131900128 ], [ -4.231945836303225, 51.633045131906073 ], [ -4.250554836320561, 51.628609131901925 ], [ -4.292081836359245, 51.60742713188219 ], [ -4.277781836345923, 51.556664131834935 ], [ -4.242781836313327, 51.540836131820186 ], [ -4.211045336283689, 51.534023131813825 ], [ -4.10474528119503, 51.56641832833143 ], [ -3.965554836055134, 51.609718131884335 ], [ -3.957636336047671, 51.61125013188574 ], [ -3.949717836040378, 51.612782131887201 ], [ -3.837917835936253, 51.619991131893897 ], [ -3.781663835883876, 51.567500131845009 ], [ -3.761108835864718, 51.544445131823551 ], [ -3.75159983585587, 51.529309131809441 ], [ -3.671945835781685, 51.473882131757819 ], [ -3.560281835677699, 51.405545131694197 ], [ -3.542499835661147, 51.397773131686932 ], [ -3.488608835610933, 51.390000131679699 ], [ -3.451108835576008, 51.384718131674788 ], [ -3.40986383553755, 51.380136131670554 ], [ -3.352777335484404, 51.378609131669094 ], [ -3.270972835408259, 51.380136131670525 ], [ -3.181108835324551, 51.397354131686569 ], [ -3.164581835309178, 51.409091131697494 ], [ -3.158890835303879, 51.43054513171748 ], [ -3.151663835297143, 51.453045131738435 ], [ -3.127781835274902, 51.478882131762475 ], [ -3.123268335270666, 51.483191131766517 ], [ -3.118754835266486, 51.487500131770503 ], [ -3.021108835175539, 51.525273131805676 ], [ -2.966390835124599, 51.541664131820966 ], [ -2.960554335119127, 51.540691131820111 ], [ -2.918890835080362, 51.537773131817318 ], [ -2.892781835056041, 51.538609131818106 ], [ -2.847781835014132, 51.545000131824054 ], [ -2.714717834890195, 51.580827131857433 ], [ -2.698890834875471, 51.589436131865455 ], [ -2.669858834848384, 51.610972631885517 ], [ -2.664999834843911, 51.615000131889246 ], [ -2.629163834810527, 51.644164131916426 ], [ -2.578890834763712, 51.677773131947703 ], [ -2.460554834653493, 51.746664132011887 ], [ -2.39278183459038, 51.775127132038392 ], [ -2.379999834578484, 51.761736132025902 ], [ -2.388336834586227, 51.746664132011887 ], [ -2.396113834593422, 51.743536632008983 ], [ -2.40389083460073, 51.74040913200605 ], [ -2.428890834624013, 51.736936132002825 ], [ -2.454863834648194, 51.731664131997917 ], [ -2.471663834663843, 51.724445131991189 ], [ -2.55305483473964, 51.657218131928573 ], [ -2.639445834820094, 51.578891131855613 ], [ -2.653336834833027, 51.563891131841643 ], [ -2.770554834942203, 51.489164131772071 ], [ -2.852781835018789, 51.444718131730667 ], [ -2.959999835118651, 51.374991131665723 ], [ -3.006945835162355, 51.30721813160261 ], [ -3.013059335168009, 51.26454563156291 ], [ -3.0127818351678, 51.256318131555219 ], [ -3.028336835182273, 51.206109131508441 ], [ -3.301390835436592, 51.181109131485158 ], [ -3.370281835500748, 51.181109131485158 ], [ -3.393608835522457, 51.181382131485407 ], [ -3.408608835536427, 51.184436131488269 ], [ -3.414304335541686, 51.187495131491204 ], [ -3.41999983554706, 51.190554131493968 ], [ -3.437290835563147, 51.20638213150869 ], [ -3.507217835628268, 51.223327131524485 ], [ -3.570136835686867, 51.230273131530936 ], [ -3.59221783570743, 51.221800131523054 ], [ -3.618608835732005, 51.216664131518286 ], [ -3.625413335738301, 51.217354631518944 ], [ -3.632217835744683, 51.218045131519574 ], [ -3.700281835808084, 51.230000131530687 ], [ -3.792499835893977, 51.239164131539241 ], [ -3.883890835979088, 51.224164131525271 ], [ -3.984717836072974, 51.216945131518543 ], [ -4.071663836153959, 51.213882131515675 ], [ -4.116663836195869, 51.212218131514135 ], [ -4.203608836276771, 51.197077131500123 ], [ -4.228054836299606, 51.187773131491355 ], [ -4.220281836292372, 51.110545131419457 ], [ -4.210281836283059, 51.072354131383889 ], [ -4.237017836307956, 51.046591131359889 ], [ -4.30360883636996, 51.00416413132038 ], [ -4.324717836389624, 50.995282131312109 ], [ -4.332081836396441, 50.992918131309949 ], [ -4.339445836403343, 50.990554131307704 ], [ -4.357781836420429, 50.989436131306661 ], [ -4.376390836437764, 50.991100131308201 ], [ -4.411945836470863, 51.00277313131906 ], [ -4.419654836478031, 51.006177631322217 ], [ -4.474445836529071, 51.014164131329693 ], [ -4.521317836572734, 51.014236131329739 ], [ -4.543336836593227, 50.926936131248453 ], [ -4.547426836597054, 50.859509131185661 ], [ -4.547363836596986, 50.820691131149488 ], [ -4.54944583659892, 50.802500131132547 ], [ -4.553608836602791, 50.785273131116497 ], [ -4.557499836606354, 50.780759131112347 ], [ -4.561390836610059, 50.776245131108112 ], [ -4.651390836693878, 50.715273131051305 ], [ -4.70083683673991, 50.688327131026227 ], [ -4.743608836779742, 50.667500131006818 ], [ -4.751663836787259, 50.641391130982498 ], [ -4.761663836796572, 50.614718130957669 ], [ -4.771663836805885, 50.601945130945779 ], [ -4.777636336811383, 50.597777130941893 ], [ -4.783608836816995, 50.593609130938006 ], [ -4.801390836833576, 50.589436130934132 ], [ -4.873890836901097, 50.578891130924291 ], [ -4.897499836923089, 50.578891130924291 ], [ -4.915836836940144, 50.577218130922745 ], [ -5.017499837034848, 50.542636130890543 ], [ -5.039163837055014, 50.498054130849027 ], [ -5.025690837042475, 50.472709130825422 ], [ -5.047290837062576, 50.427500130783301 ], [ -5.152081837160182, 50.343745130705315 ], [ -5.268054837268181, 50.273891130640237 ], [ -5.431945837420812, 50.193264130565154 ], [ -5.469236837455554, 50.200554130571959 ], [ -5.488545837473481, 50.215554630585956 ], [ -5.511663837495064, 50.214164130584635 ], [ -5.546390837527412, 50.20527313057633 ], [ -5.691945837662956, 50.155136130529655 ], [ -5.709999837679788, 50.129164130505472 ], [ -5.716808837686131, 50.060827130441822 ], [ -5.682640837654219, 50.040272630422692 ], [ -5.661736837634834, 50.036309130418971 ], [ -5.582781837561299, 50.047773130429647 ], [ -5.561386337541279, 50.054095630435583 ], [ -5.539790837521224, 50.077563630457448 ], [ -5.53904402254067, 50.090384418480077 ], [ -5.541663837523004, 50.103882130481907 ], [ -5.537913837519483, 50.109786630487477 ], [ -5.534163837516019, 50.115691130492905 ], [ -5.511390837494815, 50.123882130500533 ], [ -5.506249837489975, 50.12499563050163 ], [ -5.501108837485219, 50.126109130502613 ], [ -5.485972837471138, 50.12708213050351 ], [ -5.478263837463942, 50.126036630502583 ], [ -5.470554837456774, 50.12499113050157 ], [ -5.333608837329223, 50.091382130470265 ], [ -5.28971783728835, 50.06944513044985 ], [ -5.283190837282234, 50.064581630445403 ], [ -5.276663837276203, 50.059718130440785 ], [ -5.252154837253386, 50.02533613040876 ], [ -5.256736837257648, 50.005136130389957 ], [ -5.233054337235529, 49.977218130363994 ], [ -5.19694583720198, 49.955968630344231 ], [ -5.178890837185151, 49.97958213036614 ], [ -5.16069983716821, 50.003191130388132 ], [ -5.08610883709872, 50.022773130406364 ], [ -5.06152733707583, 50.041804630424139 ], [ -5.054163837068984, 50.06013613044118 ], [ -5.070899837084568, 50.081664130461235 ], [ -5.059445837073895, 50.139164130514786 ], [ -5.04805483706329, 50.171109130544522 ], [ -4.952781836974566, 50.193327130565223 ], [ -4.857499836885836, 50.231664130600933 ], [ -4.76249983679736, 50.311382130675156 ], [ -4.678608836719206, 50.325827130688623 ], [ -4.645281836688184, 50.323609130686549 ], [ -4.543336836593227, 50.322218130685258 ], [ -4.510554836562704, 50.322491130685506 ], [ -4.482781836536844, 50.325827130688623 ], [ -4.459236336514891, 50.332354630694738 ], [ -4.442258598827318, 50.343413455582464 ], [ -4.440981836497912, 50.344436130705958 ], [ -4.435349836492605, 50.347913630709243 ], [ -4.429717836487413, 50.351391130712415 ], [ -4.379999836441129, 50.363882130724051 ], [ -4.174999836250208, 50.377773130736983 ], [ -4.170277336245732, 50.374027630733508 ], [ -4.111390836190964, 50.330273130692746 ], [ -4.057081836140384, 50.297909130662617 ], [ -4.030836836115924, 50.292909130657961 ], [ -4.013404836099681, 50.300000130664571 ], [ -4.008336836094969, 50.303609130667922 ], [ -3.98555483607376, 50.311382130675156 ], [ -3.980695836069145, 50.31263663067638 ], [ -3.975836836064701, 50.31389113067749 ], [ -3.955281836045572, 50.315554130679061 ], [ -3.949586336040198, 50.314509130678189 ], [ -3.943890836034967, 50.313464130677119 ], [ -3.877636835973249, 50.281391130647222 ], [ -3.851945835949323, 50.25166413061956 ], [ -3.840763335938902, 50.233886130603025 ], [ -3.808195835908521, 50.215691130586151 ], [ -3.789445835891115, 50.212218130582812 ], [ -3.720277335826665, 50.207286630578295 ], [ -3.674999835784547, 50.2202731305903 ], [ -3.651945835763058, 50.231109130600402 ], [ -3.552363835670263, 50.431940630787523 ], [ -3.551390835669423, 50.438327130793397 ], [ -3.50028183562182, 50.535827130884201 ], [ -3.497222835618942, 50.541109130889183 ], [ -3.494163835616121, 50.546391130894023 ], [ -3.461808835585998, 50.587918130932707 ], [ -3.437217835563075, 50.605000130948611 ], [ -3.411390835539038, 50.616100130958955 ], [ -3.254163835392603, 50.671945131010972 ], [ -3.24916383538789, 50.673190631012162 ], [ -3.24416383538329, 50.674436131013294 ], [ -3.173472835317455, 50.688327131026227 ], [ -3.094445835243846, 50.692218131029847 ], [ -2.978054835135453, 50.706382131043028 ], [ -2.959445835118117, 50.712773131048976 ], [ -2.944445835104148, 50.723327131058824 ], [ -2.927499835088383, 50.731245131066203 ], [ -2.906945835069223, 50.733327131068137 ], [ -2.882781835046728, 50.731109131066063 ], [ -2.863890835029139, 50.728336131063486 ], [ -2.823054834991098, 50.720273131055961 ], [ -2.771390834942991, 50.708609131045108 ], [ -2.721108834896143, 50.693327131030884 ], [ -2.700554834877011, 50.686945131024942 ], [ -2.661945834841049, 50.673336131012263 ], [ -2.563054834748954, 50.632218130973968 ], [ -2.494599834685204, 50.59565413093992 ], [ -2.458236834651331, 50.561745130908321 ], [ -2.456731834649929, 50.55532263090241 ], [ -2.434454834629179, 50.541791130889749 ], [ -2.424717834620111, 50.560000130906701 ], [ -2.45860883465167, 50.575000130920671 ], [ -2.465836834658404, 50.583882130928941 ], [ -2.465972834658544, 50.594164130938537 ], [ -2.44666383464056, 50.626391130968528 ], [ -2.438886334633281, 50.630691130972608 ], [ -2.431108834626059, 50.634991130976545 ], [ -2.390972834588695, 50.641664130982775 ], [ -2.197217834408235, 50.626109130968274 ], [ -2.144717834359341, 50.616945130959749 ], [ -2.13930433435425, 50.615136130958064 ], [ -2.133890834349273, 50.613327130956378 ], [ -2.121945834338135, 50.607218130950685 ], [ -2.05444583427527, 50.585691130930627 ], [ -1.96437283419138, 50.596736130940911 ], [ -1.935554834164549, 50.639445130980704 ], [ -1.954408834182118, 50.665354131004818 ], [ -1.974717834201016, 50.670273131009395 ], [ -2.080072834299159, 50.696591131033927 ], [ -2.066808834286803, 50.714300131050408 ], [ -2.034926834257107, 50.731527131066457 ], [ -2.016736334240107, 50.717500131053427 ], [ -1.934163834163257, 50.712773131048976 ], [ -1.816390834053578, 50.723054131058575 ], [ -1.701390833946476, 50.736936131071502 ], [ -1.684445833930681, 50.738882131073296 ], [ -1.676218333922975, 50.738377631072865 ], [ -1.667990833915354, 50.737873131072377 ], [ -1.614163833865234, 50.729718131064772 ], [ -1.592781833845322, 50.724164131059609 ], [ -1.408054833673276, 50.770827131103061 ], [ -1.331390833601887, 50.791382131122191 ], [ -1.137954333421703, 50.780513631112115 ], [ -1.116945833402156, 50.8069451311367 ], [ -1.152777333435552, 50.835968131163796 ], [ -1.158890833441234, 50.840827131168254 ], [ -1.094445833381201, 50.845836131172916 ], [ -0.939163833236591, 50.840827131168254 ], [ -0.933790833231512, 50.840240631167717 ], [ -0.928417833226575, 50.839654131167151 ], [ -0.871945833173982, 50.808882131138489 ], [ -0.868891333171064, 50.804263631134219 ], [ -0.865836833168288, 50.799645131129893 ], [ -0.892499833193142, 50.790409131121294 ], [ -0.908263833207826, 50.773954131105967 ], [ -0.790659333098233, 50.726731631062023 ], [ -0.767640833076797, 50.744368131078431 ], [ -0.767363833076587, 50.749718131083398 ], [ -0.74610883305678, 50.765827131098405 ], [ -0.711390833024467, 50.773891131105898 ], [ -0.675281832990834, 50.781109131112629 ], [ -0.637499832955655, 50.787218131118323 ], [ -0.577217832899493, 50.795273131125811 ], [ -0.254999832599424, 50.826382131154787 ], [ -0.206108832553866, 50.82666413115507 ], [ -0.198472832546742, 50.82624563115472 ], [ -0.190836832539645, 50.825827131154284 ], [ -0.156945832508086, 50.821391131150136 ], [ -0.138054832490496, 50.818327131147299 ], [ -0.094445832449878, 50.81027313113978 ], [ 0.056945167691111, 50.780827131112375 ], [ 0.098336167729656, 50.767773131100199 ], [ 0.123336167752939, 50.759436131092457 ], [ 0.221532167844487, 50.740550131074897 ], [ 0.250484167871463, 50.739027131073499 ], [ 0.27402716789328, 50.748745131082501 ], [ 0.286945167905316, 50.765000131097622 ], [ 0.291668167909734, 50.769163631101506 ], [ 0.296391167914123, 50.77332713110539 ], [ 0.307218167924191, 50.78054513111212 ], [ 0.349445167963523, 50.80860913113824 ], [ 0.371945167984478, 50.816382131145474 ], [ 0.400554168011126, 50.824436131152993 ], [ 0.43083616803932, 50.831109131159195 ], [ 0.45278216805977, 50.833882131161772 ], [ 0.498609168102433, 50.838054131165677 ], [ 0.567218168166335, 50.847773131174705 ], [ 0.66221816825481, 50.869436131194902 ], [ 0.678891168270354, 50.876809131201753 ], [ 0.705836168295434, 50.897773131221271 ], [ 0.711113668300413, 50.901386631224653 ], [ 0.716391168305279, 50.905000131228007 ], [ 0.781391168365815, 50.935554131256481 ], [ 0.787363668371398, 50.935827131256787 ], [ 0.793336168376925, 50.936100131256978 ], [ 0.814163168396334, 50.934436131255438 ], [ 0.856663168435915, 50.925554131247168 ], [ 0.972500168543831, 50.938604631259324 ], [ 0.970000168541446, 50.945273131265509 ], [ 0.968054168539652, 50.968327131286998 ], [ 0.969649668541223, 50.974718131293017 ], [ 0.971245168542623, 50.981109131298894 ], [ 0.978891168549751, 50.996664131313395 ], [ 0.982500168553145, 51.001941131318347 ], [ 0.986109168556453, 51.007218131323214 ], [ 0.99778216856734, 51.019027131334212 ], [ 1.030000168597326, 51.040836131354524 ], [ 1.037777168604606, 51.045136131358618 ], [ 1.045554168611829, 51.04943613136254 ], [ 1.086945168650374, 51.068600131380379 ], [ 1.093613668656644, 51.071104631382738 ], [ 1.100282168662801, 51.073609131385041 ], [ 1.220554168774811, 51.099718131409361 ], [ 1.226249668780127, 51.100272631409922 ], [ 1.231945168785415, 51.100827131410398 ], [ 1.262500168813858, 51.101664131411184 ], [ 1.36236366890688, 51.13173163143918 ], [ 1.394309168936701, 51.159027631464596 ], [ 1.409372668950709, 51.192500131495791 ], [ 1.427500168967526, 51.331109131624856 ], [ 1.385554168928479, 51.387773131677619 ], [ 1.191945168748163, 51.378609131669094 ], [ 1.059513668624874, 51.368191131659401 ], [ 1.033336168600442, 51.361936131653579 ], [ 1.012218168580773, 51.351945131644271 ], [ 1.005690668574772, 51.349859131642376 ], [ 0.999163168568629, 51.347773131640366 ], [ 0.981391168552079, 51.345554131638323 ], [ 0.908054168483773, 51.340691131633776 ], [ 0.704163168293888, 51.377491131668052 ], [ 0.619718168215229, 51.383045131673242 ], [ 0.58402716818199, 51.38763613167751 ], [ 0.559445168159101, 51.405964131694589 ], [ 0.642363168236329, 51.440418131726659 ], [ 0.665836168258181, 51.439164131725505 ], [ 0.687500168278348, 51.435418131722002 ], [ 0.715245668304249, 51.438254631724703 ], [ 0.724718168313018, 51.454164131739475 ], [ 0.704722668294465, 51.468127131752453 ], [ 0.591945168189369, 51.487773131770751 ], [ 0.542500168143391, 51.488054131771065 ], [ 0.489163168093654, 51.484445131767671 ], [ 0.470486668076319, 51.475690631759562 ], [ 0.452154168059167, 51.455618131740806 ], [ 0.41221816802198, 51.446936131732741 ], [ 0.388936168000299, 51.448218131733938 ], [ 0.45166316805873, 51.49805413178035 ], [ 0.458331668065028, 51.500554131782764 ], [ 0.465000168071128, 51.503054131785007 ], [ 0.651945168245248, 51.53680013181642 ], [ 0.680554168271897, 51.532218131812158 ], [ 0.775624668360507, 51.522218381802901 ], [ 0.814445168396674, 51.532777131812693 ], [ 0.875282168453253, 51.561100131839055 ], [ 0.910000168485567, 51.581382131857936 ], [ 0.952500168525148, 51.60922713188387 ], [ 0.946945168519989, 51.725554131992226 ], [ 0.929095668503379, 51.738472632004232 ], [ 0.902573168478654, 51.734645132000679 ], [ 0.87639116845429, 51.716945131984204 ], [ 0.869722668448105, 51.714304631981747 ], [ 0.863054168441863, 51.71166413197929 ], [ 0.761400168347194, 51.691645131960627 ], [ 0.701109168291026, 51.718473131985633 ], [ 0.724163168312515, 51.72666413199326 ], [ 0.862109168440981, 51.773609132036967 ], [ 0.932363168506413, 51.80582713206698 ], [ 0.982782168553371, 51.825273132085073 ], [ 0.997500168567058, 51.810827132071637 ], [ 1.042845668609289, 51.772359132035831 ], [ 1.088336168651665, 51.770554132034135 ], [ 1.111663168673402, 51.773327132036712 ], [ 1.132218168692532, 51.776936132040078 ], [ 1.181391168738344, 51.789718132051973 ], [ 1.20402716875941, 51.798045132059741 ], [ 1.223609168777642, 51.808882132069812 ], [ 1.266109168817223, 51.839164132098034 ], [ 1.283336168833273, 51.852354132110321 ], [ 1.287118168836827, 51.87752763213382 ], [ 1.280973168831082, 51.880964132136967 ], [ 1.208336168763424, 51.950827132202022 ], [ 1.163473168721652, 52.023609132269797 ], [ 1.264718168815932, 51.992491132240815 ], [ 1.271109168821937, 51.989018132237618 ], [ 1.277500168827828, 51.985545132234364 ], [ 1.317782168865364, 51.943600132195286 ], [ 1.331245168877899, 51.928745132181461 ], [ 1.390282168932885, 51.96999113221986 ], [ 1.583540669112921, 52.080132132322476 ], [ 1.628195669154508, 52.186663632421684 ], [ 1.630000169156119, 52.195273132429662 ], [ 1.685754169208053, 52.326300132551694 ], [ 1.729858669249154, 52.387359132608609 ], [ 1.730282169249534, 52.411382132630933 ], [ 1.749445169267375, 52.45582713267234 ], [ 1.748982169266952, 52.529109132740587 ], [ 1.745900169264075, 52.620209132825437 ], [ 1.721109169240975, 52.676664132878017 ], [ 1.704859169225898, 52.710968132910025 ], [ 1.680836669203558, 52.742359132939256 ], [ 1.651113669175828, 52.767636632962777 ], [ 1.530836169063775, 52.825273133016395 ], [ 1.517218169051091, 52.831382133022089 ], [ 1.510413669044766, 52.834436633024964 ], [ 1.503609169038413, 52.837491133027783 ], [ 1.468609169005816, 52.854436133043578 ], [ 1.432218168971929, 52.874718133062458 ], [ 1.393336168935718, 52.893609133080048 ], [ 1.372782168916586, 52.902500133088324 ], [ 1.352500168897677, 52.909718133095055 ], [ 1.305836168854228, 52.921664133106191 ], [ 1.28221816883223, 52.927500133111607 ], [ 1.183891168740672, 52.938891133122212 ], [ 1.00027716856971, 52.951941133134397 ], [ 0.994718168564475, 52.951109133133599 ], [ 0.969718168541192, 52.950000133132562 ], [ 0.942218168515581, 52.950827133133345 ], [ 0.909582168485201, 52.95263613313503 ], [ 0.904095668480153, 52.955204633137427 ], [ 0.898609168474962, 52.957773133139796 ], [ 0.88471816846203, 52.966382133147818 ], [ 0.667218168259467, 52.976109133156882 ], [ 0.547782168148245, 52.96618213314764 ], [ 0.491391168095731, 52.934300133117944 ], [ 0.444309168051859, 52.865691133054042 ], [ 0.438336168046305, 52.845554133035307 ], [ 0.435000168043189, 52.83290913302352 ], [ 0.432013668040412, 52.828468133019442 ], [ 0.429027168037635, 52.82402713301525 ], [ 0.378891167990957, 52.781391132975529 ], [ 0.371113667983764, 52.780832132974993 ], [ 0.363336167976456, 52.780273132974486 ], [ 0.240073167861652, 52.79617313298931 ], [ 0.217782167840909, 52.80693613299934 ], [ 0.186945167812183, 52.837773133028037 ], [ 0.173891167800036, 52.852082133041364 ], [ 0.154372667781843, 52.865554633053975 ], [ 0.122218167751896, 52.877491133065035 ], [ 0.079236667711882, 52.890345633077033 ], [ 0.057782167691897, 52.889164133075923 ], [ 0.028054167664209, 52.880827133068152 ], [ 0.002109167640043, 52.879854133067255 ], [ 0.032218167668077, 52.91721813310204 ], [ 0.173336167799505, 53.009164133187682 ], [ 0.203891167827976, 53.028054133205274 ], [ 0.276663167895748, 53.066936133241484 ], [ 0.332913167948192, 53.087772633260869 ], [ 0.356600167970214, 53.152427133321126 ], [ 0.355141167968867, 53.181800133348503 ], [ 0.339582167954347, 53.234718133397735 ], [ 0.270000167889521, 53.34638213350172 ], [ 0.255000167875551, 53.367773133521638 ], [ 0.251250167872058, 53.37416363352763 ], [ 0.235554167857458, 53.399436133551148 ], [ 0.216945167840123, 53.416936133567447 ], [ 0.168609167795097, 53.460000133607537 ], [ 0.134582167763455, 53.474854633621419 ], [ 0.125691167755122, 53.474436133620998 ], [ 0.085282167717509, 53.486382133632105 ], [ 0.026945167663172, 53.509718133653848 ], [ -0.100836832455826, 53.573054133712844 ], [ -0.117217832471084, 53.581936133721115 ], [ -0.207217832554903, 53.630827133766644 ], [ -0.22278183256941, 53.644436133779323 ], [ -0.226668332572956, 53.648881633783517 ], [ -0.230554832576644, 53.653327133787599 ], [ -0.241563832586905, 53.66805413380132 ], [ -0.264445832608203, 53.690827133822523 ], [ -0.294722832636353, 53.710900133841236 ], [ -0.390217832725341, 53.70794513383845 ], [ -0.457890832788365, 53.696109133827434 ], [ -0.504890832832132, 53.686436133818432 ], [ -0.512304332838966, 53.685854633817897 ], [ -0.519717832845942, 53.685273133817333 ], [ -0.69305483300738, 53.686100133818115 ], [ -0.716526833029235, 53.696382133827683 ], [ -0.678754832994059, 53.717491133847346 ], [ -0.654445832971419, 53.725273133854586 ], [ -0.632217832950715, 53.729164133858234 ], [ -0.625967832944838, 53.729582133858614 ], [ -0.619717832939074, 53.730000133858994 ], [ -0.605836832926144, 53.729718133858739 ], [ -0.581945832903898, 53.724164133853577 ], [ -0.557081832880755, 53.708745633839271 ], [ -0.422608832755515, 53.717554133847415 ], [ -0.380945832716719, 53.726554133855785 ], [ -0.357281832694667, 53.730554133859528 ], [ -0.29389083263564, 53.736664133865219 ], [ -0.272499832615722, 53.735545133864179 ], [ -0.249445832594233, 53.729718133858739 ], [ -0.231390832577432, 53.721664133851249 ], [ -0.171663832521801, 53.675282133808054 ], [ -0.135831832488321, 53.644718133779648 ], [ -0.105836832460483, 53.63166413376743 ], [ -0.080345832436677, 53.623681633760015 ], [ -0.043190832402075, 53.6242996337606 ], [ -0.00233144357413, 53.634865152504204 ], [ 0.000000167638063, 53.635536133771012 ], [ 0.007013667644657, 53.637281633772659 ], [ 0.014027167651136, 53.639027133774277 ], [ 0.029718167665749, 53.640000133775175 ], [ 0.036940667672553, 53.639582133774795 ], [ 0.044163167679216, 53.639164133774415 ], [ 0.067500167700928, 53.633327133768972 ], [ 0.089163167721125, 53.626664133762773 ], [ 0.109163167739752, 53.619164133755788 ], [ 0.130554167759669, 53.608327133745689 ], [ 0.143078834438029, 53.587545467059641 ], [ 0.151668167779405, 53.608745633746068 ], [ 0.141109167769486, 53.627218133763279 ], [ 0.126391167755799, 53.64527313378008 ], [ 0.062636167696411, 53.703891133834674 ], [ -0.013054832374081, 53.768609133894955 ], [ -0.053890832412122, 53.803054133927048 ], [ -0.099445832454535, 53.839718133961185 ], [ -0.10611383246075, 53.845136133966264 ], [ -0.112781832466965, 53.850554133971286 ], [ -0.12749983248068, 53.86388213398368 ], [ -0.169163832519473, 53.918473134034542 ], [ -0.21221783255956, 54.008327134118218 ], [ -0.215554832562674, 54.018745134127926 ], [ -0.214581832561777, 54.031245134139567 ], [ -0.205690832553501, 54.051527134158448 ], [ -0.173890832523881, 54.081664134186525 ], [ -0.167499832517819, 54.084859134189514 ], [ -0.161108832511957, 54.088054134192475 ], [ -0.138754832491145, 54.094854134198812 ], [ -0.11249983246671, 54.098327134202037 ], [ -0.0793088324358, 54.113400134216079 ], [ -0.116945832470833, 54.132218134233597 ], [ -0.151663832503175, 54.141391134242127 ], [ -0.20052683254869, 54.151709134251746 ], [ -0.262499832606409, 54.174436134272923 ], [ -0.381945832717633, 54.255554134348472 ], [ -0.393472832728378, 54.26750013435958 ], [ -0.393404832728237, 54.270136634362075 ], [ -0.421663832754632, 54.332218134419861 ], [ -0.43610883276807, 54.350273134436662 ], [ -0.457499832788017, 54.376936134461516 ], [ -0.518472832844793, 54.447491134527212 ], [ -0.564717832887851, 54.480000134557486 ], [ -0.875836833177601, 54.570273134641553 ], [ -1.043890833334132, 54.61305413468142 ], [ -1.06139083335043, 54.617218134685288 ], [ -1.165281833447182, 54.649718134715556 ], [ -1.297499833570328, 54.763609134821621 ], [ -1.300972833573553, 54.767495634825309 ], [ -1.304445833576779, 54.771382134828855 ], [ -1.345554833615068, 54.871382134921987 ], [ -1.364999833633192, 54.927773134974501 ], [ -1.381390833648453, 54.976391135019782 ], [ -1.412781833677684, 54.99944513504127 ], [ -1.482917833742988, 55.086245135122113 ], [ -1.51499983377289, 55.149718135181217 ], [ -1.517777333775399, 55.156941135187964 ], [ -1.52055483377805, 55.164164135194682 ], [ -1.565836833820214, 55.287218135309274 ], [ -1.597426833849653, 55.385345135400655 ], [ -1.578472833831995, 55.40763213542138 ], [ -1.580972833834323, 55.483609135492173 ], [ -1.635972833885546, 55.58193613558376 ], [ -1.689999833935872, 55.605554135605757 ], [ -1.746945833988889, 55.624991135623844 ], [ -1.802289411535638, 55.632645182308231 ], [ -1.804999834042974, 55.631109135629544 ], [ -1.817636834054724, 55.633054135631369 ], [ -1.851390834086175, 55.657218135653864 ], [ -1.976808834202984, 55.754164135744162 ], [ -2.000836834225339, 55.780273135768454 ], [ -2.013608834237232, 55.795000135782175 ], [ -2.017636334240933, 55.800554635787336 ], [ -2.048098887242908, 55.828822036823347 ], [ -2.06110883428147, 55.840000135824084 ], [ -2.065831834285859, 55.845277135829036 ], [ -2.070554834290277, 55.850554135833931 ], [ -2.079717834298805, 55.867218135849441 ], [ -2.130281834345908, 55.885827135866776 ], [ -2.26028183446698, 55.918609135897299 ], [ -2.375281834574082, 55.956936135933006 ], [ -2.502217834692289, 56.002773135975673 ], [ -2.600554834783878, 56.04332713601346 ], [ -2.631108834812323, 56.054718136024064 ], [ -2.657217834836644, 56.059718136028721 ], [ -2.788190834958527, 56.060827636029785 ], [ -2.82708633499476, 56.054022636023433 ], [ -2.866181835031256, 56.028400135999561 ], [ -2.895554835058618, 55.988609135962491 ], [ -2.90194583506451, 55.983813635958086 ], [ -2.908336835070514, 55.979018135953567 ], [ -2.924445835085521, 55.972500135947485 ], [ -2.929722835090388, 55.970972635946055 ], [ -2.934999835095368, 55.969445135944653 ], [ -3.018054835172705, 55.949436135926021 ], [ -3.053054835205302, 55.943600135920576 ], [ -3.060277335211993, 55.944022635921016 ], [ -3.067499835218769, 55.94444513592137 ], [ -3.088054835237898, 55.948054135924735 ], [ -3.254717835393109, 55.971664135946725 ], [ -3.454717835579373, 55.991945135965608 ], [ -3.646108835757616, 56.005000135977753 ], [ -3.664163835774445, 56.006518135979178 ], [ -3.723754835829936, 56.027354135998593 ], [ -3.737217835842472, 56.055545136024847 ], [ -3.728467835834209, 56.056104636025424 ], [ -3.719717835826174, 56.056664136025887 ], [ -3.5824998356984, 56.054991136024313 ], [ -3.576945335693239, 56.054295636023738 ], [ -3.571390835688049, 56.053600136023022 ], [ -3.497499835619237, 56.034436136005183 ], [ -3.441108835566695, 56.019164135990962 ], [ -3.402641335530774, 56.011663635984036 ], [ -3.344026835476285, 56.023327135994833 ], [ -3.153054835298434, 56.088536136055552 ], [ -3.139026835285364, 56.11083613607633 ], [ -2.97610883513363, 56.194718136154449 ], [ -2.956945835115789, 56.202218136161434 ], [ -2.931663835092252, 56.205273136164266 ], [ -2.924163835085267, 56.205132136164167 ], [ -2.916663835078282, 56.204991136164011 ], [ -2.887781835051385, 56.201945136161186 ], [ -2.882709335046627, 56.200763636160133 ], [ -2.877636835041926, 56.199582136158966 ], [ -2.862437851958072, 56.192456105762204 ], [ -2.852363835018366, 56.1883276361485 ], [ -2.827222834994956, 56.183886636144393 ], [ -2.788054834958501, 56.187491136147713 ], [ -2.679372834857276, 56.214645136173004 ], [ -2.583749834768213, 56.275586136229833 ], [ -2.637426834818228, 56.314300136265814 ], [ -2.672081834850502, 56.322773136273696 ], [ -2.704163834880376, 56.324718136275521 ], [ -2.727081834901725, 56.324300136275127 ], [ -2.76860883494038, 56.331800136282112 ], [ -2.802363834971828, 56.345691136295045 ], [ -2.813336834982039, 56.362782136310983 ], [ -2.81430933498288, 56.368191136316 ], [ -2.815281834983864, 56.373600136321045 ], [ -2.809445834978419, 56.396664136342537 ], [ -2.79999983496964, 56.412845136357589 ], [ -2.808122834977098, 56.436182136379387 ], [ -2.87722283504155, 56.45040913639258 ] ] ], [ [ [ 0.745687089265762, 51.394063396179902 ], [ 0.76278216834848, 51.37832713166884 ], [ 0.784309168368509, 51.369991131661067 ], [ 0.876916642163554, 51.359293484029081 ], [ 0.893611418470414, 51.357981631649906 ], [ 0.945036668518242, 51.37919563166966 ], [ 0.933609168507559, 51.396245131685532 ], [ 0.899372668475735, 51.419650131707343 ], [ 0.791109168374845, 51.439991131726259 ], [ 0.754586668340835, 51.444159131730174 ], [ 0.740554168327776, 51.429718131716697 ], [ 0.741600168328773, 51.399372631688436 ], [ 0.745687089265762, 51.394063396179902 ] ] ], [ [ [ -4.32555483639041, 53.14500013331417 ], [ -4.218054836290293, 53.200273133365641 ], [ -4.110103540269337, 53.244225737090837 ], [ -4.095695336176306, 53.251386633413333 ], [ -4.053263336136808, 53.303536133461918 ], [ -4.118749836197793, 53.311799633469562 ], [ -4.124581836203248, 53.311245133469015 ], [ -4.222217836294163, 53.32166413347872 ], [ -4.273472836341853, 53.39346813354561 ], [ -4.288054836355485, 53.405409133556702 ], [ -4.313890836379557, 53.411945133562796 ], [ -4.421108836479306, 53.424859133574842 ], [ -4.474717836529322, 53.418609133568992 ], [ -4.564027336612469, 53.393191133545344 ], [ -4.567499836615752, 53.273327133433696 ], [ -4.494445836547698, 53.189436133355571 ], [ -4.478890836533225, 53.176664133343678 ], [ -4.402217836461801, 53.125827133296326 ], [ -4.351390836414481, 53.12444513329504 ], [ -4.32555483639041, 53.14500013331417 ] ] ], [ [ [ -6.298608838227949, 56.937218136845956 ], [ -6.272500338203599, 56.94805413685603 ], [ -6.255972838188256, 56.962354136869379 ], [ -6.247499838180374, 56.995554136900296 ], [ -6.253681838186026, 57.029440636931838 ], [ -6.273890838204949, 57.042500136944 ], [ -6.32610883825356, 57.054163136954884 ], [ -6.347499838273507, 57.053054136953847 ], [ -6.388750338311809, 57.045963636947249 ], [ -6.415554838336874, 57.032773136934935 ], [ -6.450972838369864, 57.003327136907529 ], [ -6.361945838286942, 56.946391136854487 ], [ -6.321041088248847, 56.934581386843519 ], [ -6.298608838227949, 56.937218136845956 ] ] ], [ [ [ -7.436945839288114, 56.943882136852153 ], [ -7.377081839232375, 56.98040913688618 ], [ -7.416663839269233, 57.042636136944139 ], [ -7.442636839293414, 57.055000136955641 ], [ -7.556251506065934, 56.957909136865254 ], [ -7.522918339368147, 56.943608636851934 ], [ -7.471113839319941, 56.940827136849322 ], [ -7.436945839288114, 56.943882136852153 ] ] ], [ [ [ -7.227431839092958, 57.336173137217571 ], [ -7.269581839132258, 57.373745137252513 ], [ -7.285836839147379, 57.381100137259352 ], [ -7.335554839193691, 57.395827137273074 ], [ -7.368054839223959, 57.401382137278233 ], [ -7.41791333927037, 57.386731637264631 ], [ -7.420836839273107, 57.218327137107764 ], [ -7.418190839270665, 57.184582137076319 ], [ -7.394308839248424, 57.128463137024056 ], [ -7.384026839238828, 57.111663137008435 ], [ -7.359581839216077, 57.099582136997157 ], [ -7.333608839191896, 57.100000136997551 ], [ -7.303336839163677, 57.106109137003244 ], [ -7.295277339156115, 57.106109137003301 ], [ -7.287217839148667, 57.106109137003244 ], [ -7.265554839128498, 57.103609137000916 ], [ -7.228059339093534, 57.095827136993734 ], [ -7.214999839081372, 57.112354637009076 ], [ -7.25916383912255, 57.152500137046445 ], [ -7.288054839149453, 57.322491137204764 ], [ -7.286668339148122, 57.329300137211106 ], [ -7.285281839146876, 57.336109137217449 ], [ -7.254026839117756, 57.327218137209172 ], [ -7.227431839092958, 57.336173137217571 ] ] ], [ [ [ -5.664236837637162, 57.205754137096051 ], [ -5.64763683762169, 57.258327137145017 ], [ -5.74680883771407, 57.275973137161458 ], [ -5.768890837734631, 57.27221813715795 ], [ -5.833336837794633, 57.253609137140614 ], [ -5.883336837841199, 57.239582137127542 ], [ -5.891250337848561, 57.240763637128651 ], [ -5.899163837855951, 57.241945137129761 ], [ -6.127226838068339, 57.306109137189509 ], [ -6.130972338071814, 57.309577137192775 ], [ -6.134717838075318, 57.313045137195985 ], [ -6.147781838087496, 57.404163137280847 ], [ -6.147222838086975, 57.41166313728786 ], [ -6.146663838086454, 57.419163137294817 ], [ -6.136663838077141, 57.484445137355607 ], [ -6.144999838084914, 57.571527137436703 ], [ -6.160554838099387, 57.594163137457798 ], [ -6.177917838115548, 57.611518137473951 ], [ -6.27694583820778, 57.672218137530479 ], [ -6.304163838233137, 57.686100137543406 ], [ -6.345554838271681, 57.68471813754212 ], [ -6.413749838335178, 57.643054637503354 ], [ -6.395836838318502, 57.602773137465789 ], [ -6.375554838299621, 57.524163137392605 ], [ -6.429999838350341, 57.505000137374736 ], [ -6.463336838381366, 57.508891137378356 ], [ -6.562363838473601, 57.552563137419043 ], [ -6.563959338475001, 57.56044513742637 ], [ -6.580836338490826, 57.584513637448794 ], [ -6.617154338524557, 57.604231637467166 ], [ -6.63749983854359, 57.605554137468403 ], [ -6.747499838646036, 57.492773137363343 ], [ -6.785281838681215, 57.448054137321719 ], [ -6.775281838671901, 57.429718137304633 ], [ -6.724445838624547, 57.403609137280313 ], [ -6.722290838622541, 57.379718137258067 ], [ -6.697011338598969, 57.363399887242934 ], [ -6.624999838531949, 57.344163137224967 ], [ -6.5738863384843, 57.33492713721634 ], [ -6.563954838475098, 57.35089113723123 ], [ -6.573608838484063, 57.380000137258321 ], [ -6.530136838443582, 57.407500137283932 ], [ -6.312081838240516, 57.299782137183627 ], [ -6.332363838259397, 57.297773137181736 ], [ -6.339100338265666, 57.299995637183827 ], [ -6.345836838271936, 57.302218137185889 ], [ -6.373890838298081, 57.314436137197276 ], [ -6.39833683832083, 57.328609137210464 ], [ -6.421736838342639, 57.333809137215297 ], [ -6.480136838397016, 57.302500137186144 ], [ -6.449717838368684, 57.266382137152505 ], [ -6.31639083824453, 57.158463137051996 ], [ -6.176663838114393, 57.170554137063277 ], [ -6.096663838039888, 57.128327137023945 ], [ -6.07749983802205, 57.125482137021294 ], [ -6.030554837978315, 57.177500137069728 ], [ -5.974163837925801, 57.130273137025739 ], [ -5.990836837941316, 57.111663137008435 ], [ -6.033126837980717, 57.052145136952987 ], [ -6.006322837955707, 57.023536136926396 ], [ -5.979999837931246, 57.026936136929521 ], [ -5.933750337888142, 57.037081636938979 ], [ -5.891108837848435, 57.062500136962626 ], [ -5.853331837813215, 57.099023136996692 ], [ -5.847499837807845, 57.105273137002456 ], [ -5.830046489099716, 57.106106908403611 ], [ -5.823195337785108, 57.108191137005207 ], [ -5.803608837766944, 57.116663137013092 ], [ -5.664236837637162, 57.205754137096051 ] ] ], [ [ [ -6.026945837974949, 57.328609137210464 ], [ -6.000554337950319, 57.339027137220199 ], [ -5.977572837928989, 57.491245137361943 ], [ -6.003054837952703, 57.508609137378102 ], [ -6.029717837977529, 57.493191137363738 ], [ -6.064445838009874, 57.452918137326236 ], [ -6.073054838017896, 57.430545137305415 ], [ -6.078336838022807, 57.394163137271534 ], [ -6.079581838023984, 57.350963137231275 ], [ -6.05843633800427, 57.325895137207993 ], [ -6.026945837974949, 57.328609137210464 ] ] ], [ [ [ -7.242081839106646, 57.40291813727967 ], [ -7.203336839070545, 57.416936137292737 ], [ -7.203608839070824, 57.459163137332069 ], [ -7.24416383910858, 57.476391137348088 ], [ -7.276108839138345, 57.480554137351987 ], [ -7.300554839161094, 57.483609137354819 ], [ -7.35444583921128, 57.488882137359724 ], [ -7.402781839256306, 57.468118137340383 ], [ -7.408545839261677, 57.448673137322288 ], [ -7.383054839237843, 57.422077637297548 ], [ -7.316945839176356, 57.400554137277481 ], [ -7.276113839138333, 57.398195637275336 ], [ -7.242081839106646, 57.40291813727967 ] ] ], [ [ [ -7.068608838945067, 57.636591137497305 ], [ -7.19291783906084, 57.687082137544309 ], [ -7.244717839109086, 57.676936137534881 ], [ -7.273054839135483, 57.657918137517157 ], [ -7.432499839283992, 57.653327137512889 ], [ -7.480209339328383, 57.652081637511742 ], [ -7.540836839384866, 57.590136137454039 ], [ -7.479236339327457, 57.564163637429829 ], [ -7.455554839305449, 57.563891137429579 ], [ -7.411663839264577, 57.568054137433478 ], [ -7.347781839205084, 57.550827137417429 ], [ -7.325281839184129, 57.544163137411232 ], [ -7.326390839185109, 57.535831637403533 ], [ -7.322081839181152, 57.506245137375913 ], [ -7.233608839098764, 57.503609137373445 ], [ -7.168336839037948, 57.508045137377593 ], [ -7.150690839021536, 57.512218137381467 ], [ -7.068608838945067, 57.636591137497305 ] ] ], [ [ [ -6.204163838140005, 58.356109138167398 ], [ -6.165972838104437, 58.422918138229619 ], [ -6.229031838163081, 58.500272638301738 ], [ -6.248754838181526, 58.510136138310855 ], [ -6.268959338200347, 58.511040638311783 ], [ -6.292781838222538, 58.488327138290543 ], [ -6.310554838239085, 58.479163138282019 ], [ -6.355281838280746, 58.457500138261821 ], [ -6.550281838462354, 58.363327138174128 ], [ -6.555281838466925, 58.361522638172431 ], [ -6.560281838471667, 58.359718138170763 ], [ -6.653954838558917, 58.347354138159261 ], [ -6.673054838576689, 58.349163138160947 ], [ -6.797781838692856, 58.302218138117212 ], [ -6.81666383871044, 58.282363138098731 ], [ -6.808054838702418, 58.259718138077631 ], [ -6.786581838682423, 58.229418138049425 ], [ -6.74472683864343, 58.197200138019411 ], [ -6.747549838646052, 58.191218138013852 ], [ -6.750372838648701, 58.185236138008264 ], [ -6.805181838699752, 58.195863138018154 ], [ -6.873281838763177, 58.178591138002076 ], [ -6.860972838751707, 58.105973137934456 ], [ -6.86604083875639, 58.107291137935675 ], [ -6.871108838761131, 58.108609137936895 ], [ -6.936108838821667, 58.188045138010892 ], [ -6.915833172136104, 58.210021138031408 ], [ -7.004581838885457, 58.234863138054493 ], [ -7.036254838914942, 58.235691138055245 ], [ -7.057363838934606, 58.221800138042312 ], [ -7.094445838969136, 58.181936138005199 ], [ -7.127426838999867, 58.127909137954873 ], [ -7.093890838968633, 58.070545137901462 ], [ -7.057781838935, 58.036382137869623 ], [ -7.056668338933889, 58.028327637862105 ], [ -7.05555483893292, 58.020273137854645 ], [ -7.084163838959569, 58.008045137843254 ], [ -7.113336838986726, 57.985554137822305 ], [ -7.075281838951298, 57.962491137800811 ], [ -7.027291338906537, 57.952359137791404 ], [ -6.988890838870844, 57.95930013779784 ], [ -6.94610883883098, 57.95277313779178 ], [ -6.940554338825734, 57.951245637790379 ], [ -6.934999838820659, 57.949718137788921 ], [ -6.879445838768902, 57.932491137772871 ], [ -6.832217838724915, 57.902218137744683 ], [ -7.028890838908097, 57.83221813767949 ], [ -7.065836838942488, 57.820827137668886 ], [ -7.083608838959037, 57.824718137672505 ], [ -7.087917838963051, 57.828745637676292 ], [ -7.103890838977946, 57.836663137683644 ], [ -7.124236838996893, 57.835618137682644 ], [ -7.121872838994676, 57.816663137665017 ], [ -6.973017838856038, 57.726700137581247 ], [ -6.735281838634648, 57.825827137673542 ], [ -6.661390838565836, 57.88263613772645 ], [ -6.664717838568919, 57.900554137743143 ], [ -6.681808838584857, 57.930691137771191 ], [ -6.700836838602555, 57.944718137784264 ], [ -6.72333683862351, 57.952282137791315 ], [ -6.761390838658969, 57.998327137834195 ], [ -6.686808838589513, 58.056245137888141 ], [ -6.680486338583563, 58.057218137889095 ], [ -6.674163838577726, 58.058191137889935 ], [ -6.604026838512397, 58.054300137886315 ], [ -6.594445838503475, 58.048536137880944 ], [ -6.618472838525861, 58.04693613787947 ], [ -6.629445838536071, 58.048336137880767 ], [ -6.659372838563939, 58.045963137878545 ], [ -6.695972838598038, 58.022909137857084 ], [ -6.705622338607014, 57.994927137831041 ], [ -6.695277338597322, 57.962777137801083 ], [ -6.658681838563268, 57.922777137763887 ], [ -6.624581838531554, 57.91486313775647 ], [ -6.574026838484457, 57.911109137752959 ], [ -6.541108838453795, 57.915691137757221 ], [ -6.473613838390918, 57.945272637784853 ], [ -6.473890838391213, 57.948327137787629 ], [ -6.457781838376206, 57.968045137806001 ], [ -6.38610883830944, 58.009163137844297 ], [ -6.355281838280746, 58.031527137865112 ], [ -6.399863838322204, 58.103677137932351 ], [ -6.420281838341282, 58.102218137930947 ], [ -6.496945838412671, 58.087491137917226 ], [ -6.594717838503726, 58.078327137908701 ], [ -6.619717838527009, 58.080136137910387 ], [ -6.601108838509674, 58.085000137914903 ], [ -6.548054838460274, 58.091945137921385 ], [ -6.497217838412922, 58.097500137926545 ], [ -6.377154838301124, 58.133191137959784 ], [ -6.366663838291345, 58.158609137983461 ], [ -6.32910883825636, 58.182773138005984 ], [ -6.263781838195541, 58.176609138000231 ], [ -6.224717838159137, 58.183609138006744 ], [ -6.163336838101912, 58.213954638035062 ], [ -6.147499838087242, 58.25443613807272 ], [ -6.168190838106511, 58.259227138077165 ], [ -6.214722838149783, 58.237218138056704 ], [ -6.22083683815552, 58.233609138053311 ], [ -6.26844967936898, 58.225705934465566 ], [ -6.275817838206677, 58.224127138044508 ], [ -6.282108838212594, 58.222727138043183 ], [ -6.327026838254426, 58.235400138054985 ], [ -6.323890838251515, 58.26360913808125 ], [ -6.279726838210365, 58.287773138103773 ], [ -6.232499838166405, 58.317773138131713 ], [ -6.204163838140005, 58.356109138167398 ] ] ] ] } },
{ "type": "Feature", "properties": { "cntry_name": "Ireland", "area": 69579.4, "capname": "Dublin", "caplong": -6.24889, "caplat": 53.3331, "gwcode": 205.0, "gwsdate": "1921-12-06", "gwsyear": 1921.0, "gwsmonth": 12.0, "gwsday": 6.0, "gwedate": "2019-12-31", "gweyear": 2019.0, "gwemonth": 12.0, "gweday": 31.0, "name": "Ireland", "max": 1921.0 }, "geometry": { "type": "MultiPolygon", "coordinates": [ [ [ [ -7.252508839116359, 55.07059113510752 ], [ -7.197499839065131, 55.121382135154818 ], [ -7.190554339058565, 55.126663635159844 ], [ -7.183608839052198, 55.131945135164671 ], [ -7.159163839029418, 55.145827135177598 ], [ -7.151663839022376, 55.148331635179943 ], [ -7.144163839015448, 55.15083613518226 ], [ -7.067217838943776, 55.174436135204246 ], [ -6.953608838837965, 55.211664135238919 ], [ -6.935836838821416, 55.21971813524641 ], [ -6.935136838820767, 55.238473135263888 ], [ -6.956108838840294, 55.249445135274101 ], [ -7.051945838929555, 55.271664135294799 ], [ -7.186663839055029, 55.331664135350678 ], [ -7.240836839105469, 55.351945135369562 ], [ -7.376663839231981, 55.37999113539567 ], [ -7.396390839250358, 55.37832713539413 ], [ -7.35444583921128, 55.333609135352475 ], [ -7.391390839245702, 55.290273135312106 ], [ -7.511945839357963, 55.274436135297378 ], [ -7.548263339391752, 55.209477135236909 ], [ -7.519999839365397, 55.183050135212255 ], [ -7.514717839360543, 55.179718135209157 ], [ -7.454999839304946, 55.131664135164414 ], [ -7.446526839297036, 55.055691135093639 ], [ -7.451390839301524, 55.050341135088672 ], [ -7.456254839306098, 55.044991135083677 ], [ -7.471390839320208, 55.039718135078772 ], [ -7.474586339323139, 55.039581635078719 ], [ -7.513122839359056, 55.031109135070835 ], [ -7.569722839411753, 55.008609135049824 ], [ -7.60833683944773, 54.982218135025221 ], [ -7.644163839481109, 54.961109135005557 ], [ -7.663336839498953, 54.953891134998827 ], [ -7.682290839516611, 54.950900134996061 ], [ -7.636390839473876, 55.038327135077481 ], [ -7.616663839455498, 55.053891135091959 ], [ -7.598336839438417, 55.061100135098684 ], [ -7.569304339411389, 55.079304135115706 ], [ -7.563608839406101, 55.083054135119141 ], [ -7.555471129650301, 55.084126535055262 ], [ -7.536040839380377, 55.090900135126503 ], [ -7.526527339371512, 55.11811813515186 ], [ -7.632499839470256, 55.265554135289108 ], [ -7.663749839499332, 55.273190635296231 ], [ -7.698608839531829, 55.261936135285737 ], [ -7.73663683956724, 55.245782135270673 ], [ -7.765072839593728, 55.230682135256615 ], [ -7.790955853785468, 55.209704743870674 ], [ -7.790564814670003, 55.208531406468509 ], [ -7.75351783958294, 55.189800135218547 ], [ -7.737963839568465, 55.179136135208608 ], [ -7.714920043289903, 55.172853006567451 ], [ -7.721108839552784, 55.194718135223127 ], [ -7.720972839552644, 55.212354135239565 ], [ -7.713890839546053, 55.220136135246804 ], [ -7.702081839535055, 55.216527135243439 ], [ -7.676663839511377, 55.167773135198019 ], [ -7.667636839502961, 55.144164135176055 ], [ -7.699717839532838, 55.095136135130389 ], [ -7.700913339533912, 55.102936135137725 ], [ -7.702108839535072, 55.110736135144919 ], [ -7.696645839529992, 55.128927135161859 ], [ -7.70286383953578, 55.145809135177586 ], [ -7.712199839544468, 55.158700135189576 ], [ -7.770845839599104, 55.18358213521276 ], [ -7.810836839636323, 55.176473135206123 ], [ -7.814390839639657, 55.203127135230972 ], [ -7.79617283962267, 55.22000913524667 ], [ -7.793508839620188, 55.24311813526819 ], [ -7.859263839681432, 55.221791135248338 ], [ -7.872599839693862, 55.199127135227229 ], [ -7.899699839719091, 55.177800135207377 ], [ -7.945908839762126, 55.196464135224744 ], [ -7.981454839795248, 55.216454135243367 ], [ -8.022217839833189, 55.18166413521098 ], [ -8.181663839981695, 55.141936135173978 ], [ -8.317499840108212, 55.108891135143182 ], [ -8.457217840238314, 54.996800135038796 ], [ -8.427326840210497, 54.966636135010702 ], [ -8.402890840187723, 54.952873134997901 ], [ -8.385117840171176, 54.94198213498774 ], [ -8.392558840178111, 54.93775913498385 ], [ -8.399999840185046, 54.933536134979875 ], [ -8.459717840240643, 54.938327134984348 ], [ -8.457499840238597, 54.917500134964939 ], [ -8.437499840219971, 54.89694513494581 ], [ -8.390000340175675, 54.882113634932068 ], [ -8.382755361988515, 54.892149374840429 ], [ -8.382636840168857, 54.89638213494527 ], [ -8.377291340163822, 54.899718134948415 ], [ -8.371945840158901, 54.903054134951503 ], [ -8.349026840137554, 54.905136134953437 ], [ -8.343195340132127, 54.903745134952175 ], [ -8.337363840126699, 54.902354134950855 ], [ -8.315554840106387, 54.873818134924278 ], [ -8.3538908401421, 54.839436134892253 ], [ -8.361249840148901, 54.835686134888761 ], [ -8.368608840155815, 54.831936134885268 ], [ -8.490836840269623, 54.793609134849561 ], [ -8.529999840306118, 54.784582134841145 ], [ -8.620836840390695, 54.770000134827569 ], [ -8.669172840435721, 54.759718134818002 ], [ -8.739726840501419, 54.727354134787873 ], [ -8.798336840556004, 54.695754134758431 ], [ -8.789863840548122, 54.658609134723832 ], [ -8.748608840509718, 54.64804513471401 ], [ -8.702781840467026, 54.642218134708571 ], [ -8.679999840445817, 54.62805413469539 ], [ -8.626663840396134, 54.617773134685791 ], [ -8.584445840356807, 54.609718134678303 ], [ -8.559717840333775, 54.613327134681668 ], [ -8.390554840176236, 54.624445134692024 ], [ -8.188336839987898, 54.633609134700549 ], [ -8.169999839970842, 54.591382134661217 ], [ -8.201108839999819, 54.573054134644167 ], [ -8.267081840061252, 54.521800134596418 ], [ -8.284436840077404, 54.473327134551283 ], [ -8.348336840136909, 54.469991134548167 ], [ -8.388268340174022, 54.464513634543124 ], [ -8.434445840217109, 54.447491134527212 ], [ -8.656386340423751, 54.358745634444659 ], [ -8.668126840434752, 54.343536134430394 ], [ -8.647217840415266, 54.331109134418824 ], [ -8.626663840396134, 54.333054134420649 ], [ -8.604445840375433, 54.338054134425306 ], [ -8.596113840367593, 54.338818134425992 ], [ -8.587781840359924, 54.339582134426706 ], [ -8.529445840305584, 54.329164134417027 ], [ -8.522363840298965, 54.326732134414812 ], [ -8.515281840292403, 54.324300134412482 ], [ -8.474863840254756, 54.273464134365156 ], [ -8.619999840389937, 54.257218134350012 ], [ -8.748608840509718, 54.263327134355706 ], [ -8.916108840665714, 54.279300134370573 ], [ -8.933608840682012, 54.283191134374192 ], [ -9.026390840768414, 54.286664134377446 ], [ -9.051459340791695, 54.283536134374543 ], [ -9.131390840866203, 54.200827134297498 ], [ -9.134849845420224, 54.171375132970539 ], [ -9.131772840866546, 54.159682134259185 ], [ -9.150554840884041, 54.177773134276009 ], [ -9.198054840928279, 54.236936134331131 ], [ -9.210836840940175, 54.273191134364879 ], [ -9.265836840991398, 54.297491134387514 ], [ -9.336390841057124, 54.316936134405637 ], [ -9.497499841207173, 54.313045134402017 ], [ -9.587226841290715, 54.312773134401738 ], [ -9.740554841433521, 54.325554134413665 ], [ -9.746804841439314, 54.326940634414996 ], [ -9.799863841488758, 54.334300134421795 ], [ -9.844199841529957, 54.322009134410393 ], [ -9.851945841537258, 54.269436134361399 ], [ -9.871108841555127, 54.225554134320532 ], [ -9.892154841574722, 54.209018134305126 ], [ -9.920281841600911, 54.206936134303191 ], [ -9.962499841640238, 54.210273134306277 ], [ -9.976808841653565, 54.215827134311468 ], [ -9.98159984165801, 54.231245134325832 ], [ -9.969163841646434, 54.232354134326869 ], [ -9.960836841638667, 54.223609134318707 ], [ -9.946526841625342, 54.218464134313933 ], [ -9.926945841607107, 54.220827134316124 ], [ -9.90555484158719, 54.23360913432802 ], [ -9.899859341581816, 54.239581634333632 ], [ -9.88499984156806, 54.2595821343522 ], [ -10.001872841676885, 54.300964134390767 ], [ -10.064445841735164, 54.269436134361399 ], [ -10.081663841751208, 54.257218134350012 ], [ -10.112217841779653, 54.230000134324655 ], [ -10.126458841792868, 54.104263634207626 ], [ -10.105836841773709, 54.088882134193227 ], [ -10.074095341744169, 54.088750134193134 ], [ -10.071663841741895, 54.125545134227394 ], [ -10.083608841753033, 54.148609134248858 ], [ -10.01339984168763, 54.218191134313656 ], [ -9.949754841628362, 54.180882134278932 ], [ -9.926390841606604, 54.123882134225823 ], [ -9.938608841617992, 54.110836134213685 ], [ -9.935836841615384, 54.060827134167113 ], [ -9.853281841538518, 53.998436134108999 ], [ -9.828945841515832, 53.97977313409163 ], [ -9.78958184147919, 53.945409134059616 ], [ -9.784863841474788, 53.917082134033222 ], [ -9.792186341481511, 53.914023134030415 ], [ -9.799508841488432, 53.910964134027552 ], [ -9.811808841499897, 53.924718134040347 ], [ -9.811772841499845, 53.930691134046 ], [ -9.862945841547514, 53.951500134065299 ], [ -9.896390841578665, 53.95360913406725 ], [ -9.910554841591846, 53.950409134064273 ], [ -9.938394551423753, 53.874218188264585 ], [ -9.9033318415851, 53.858054633978298 ], [ -9.841390841527442, 53.866945133986547 ], [ -9.81778184150545, 53.871109133990416 ], [ -9.789026841478659, 53.881382133999978 ], [ -9.77721784146766, 53.890827134008788 ], [ -9.772427341463128, 53.892427134010319 ], [ -9.767636841458739, 53.894027134011765 ], [ -9.725554841419552, 53.895827134013444 ], [ -9.697499841393437, 53.89666413401423 ], [ -9.567081841271971, 53.892773134010582 ], [ -9.561390841266672, 53.859718133979811 ], [ -9.578054841282182, 53.845836133966884 ], [ -9.583613841287303, 53.844440633965647 ], [ -9.589172841292537, 53.843045133964296 ], [ -9.59003950471657, 53.842929749985899 ], [ -9.606945341309057, 53.838954633960441 ], [ -9.618754841320083, 53.813473133936753 ], [ -9.581378479211519, 53.800823953264597 ], [ -9.56944584127416, 53.799436133923678 ], [ -9.568054841272868, 53.795273133919778 ], [ -9.587781841291246, 53.784436133909708 ], [ -9.609999841311947, 53.778882133904517 ], [ -9.628336841329002, 53.780764133906274 ], [ -9.684163841381007, 53.784164133909456 ], [ -9.849163841534676, 53.769854133896132 ], [ -9.90166834158353, 53.760554633887494 ], [ -9.924445841604779, 53.691382133823026 ], [ -9.911663841592883, 53.647982133782619 ], [ -9.86278184154736, 53.627218133763279 ], [ -9.819726841507247, 53.610836133748023 ], [ -9.799445841488364, 53.604718133742324 ], [ -9.779163841469483, 53.602491133740244 ], [ -9.763890841455265, 53.601945133739747 ], [ -9.697481841393397, 53.602545133740307 ], [ -9.698954841394794, 53.597909133735982 ], [ -9.784999841474928, 53.594164133732505 ], [ -9.799445841488364, 53.596382133734551 ], [ -9.876108841559784, 53.610836133748023 ], [ -9.997499841672834, 53.605973133743504 ], [ -10.036108841708796, 53.600554133738456 ], [ -10.193122841855001, 53.54631813368799 ], [ -10.176526841839546, 53.409718133560716 ], [ -10.013054841687307, 53.378609133531739 ], [ -9.962781841640492, 53.371936133525537 ], [ -9.923045841603482, 53.38809113354057 ], [ -9.881672841564949, 53.409164133560211 ], [ -9.813608841501576, 53.417218133567701 ], [ -9.80764084149601, 53.416245633566831 ], [ -9.801672841490443, 53.415273133565876 ], [ -9.786599841476402, 53.393254133545383 ], [ -9.80458184149316, 53.377082133530308 ], [ -9.811736341499767, 53.374232133527698 ], [ -9.818890841506487, 53.371382133525003 ], [ -9.843608841529516, 53.368609133522426 ], [ -9.885199841568237, 53.352273133507225 ], [ -9.90389084158565, 53.318954133476183 ], [ -9.783199841473248, 53.294445133453365 ], [ -9.742217841435064, 53.310827133468621 ], [ -9.708754841403902, 53.339582133495384 ], [ -9.701663841397306, 53.358464133512996 ], [ -9.663608841361878, 53.381664133534599 ], [ -9.657567841356183, 53.383814133536603 ], [ -9.651526841350602, 53.385964133538607 ], [ -9.559163841264592, 53.381245133534208 ], [ -9.556945841262518, 53.337354133493335 ], [ -9.580417841284373, 53.320064133477217 ], [ -9.610281841312201, 53.299164133457765 ], [ -9.622849841323841, 53.2441636334066 ], [ -9.608054841310121, 53.232218133395406 ], [ -9.497499841207173, 53.223054133386881 ], [ -9.477499841188546, 53.224718133388421 ], [ -9.44249984115595, 53.233473133396586 ], [ -9.299999841023237, 53.244718133407048 ], [ -9.229717840957761, 53.245554133407836 ], [ -9.20221784093215, 53.246382133408588 ], [ -9.167781840900091, 53.248327133410413 ], [ -9.100554840837475, 53.258045133419472 ], [ -9.050836840791163, 53.268745133429434 ], [ -9.043681840784473, 53.270204633430865 ], [ -9.036526840777839, 53.271664133432154 ], [ -8.960281840706841, 53.267218133428003 ], [ -8.941108840688997, 53.264164133425169 ], [ -8.937917840685998, 53.141727133311122 ], [ -8.979790840725002, 53.158536133326777 ], [ -9.03965484078077, 53.164718133332542 ], [ -9.001472840745208, 53.145591133314724 ], [ -9.069445840808498, 53.117218133288304 ], [ -9.154163840887406, 53.106945133278742 ], [ -9.17360884090553, 53.113882133285188 ], [ -9.197226840927499, 53.127491133297866 ], [ -9.23167284095959, 53.143054133312376 ], [ -9.258608840984607, 53.149786133318713 ], [ -9.280836841005367, 53.139718133309259 ], [ -9.47128184118273, 52.934059133117742 ], [ -9.394726841111435, 52.926664133110847 ], [ -9.405554841121528, 52.886382133073312 ], [ -9.485836841196289, 52.800554132993398 ], [ -9.564999841270037, 52.745827132942424 ], [ -9.731254841424857, 52.641109132844889 ], [ -9.811672841499757, 52.593891132800906 ], [ -9.816668341504339, 52.59235913279953 ], [ -9.821663841509064, 52.590827132798069 ], [ -9.848054841533639, 52.588882132796243 ], [ -9.913336841594429, 52.571664132780228 ], [ -9.932363841612158, 52.555200132764895 ], [ -9.89319534157562, 52.550141132760174 ], [ -9.795281841484496, 52.560827132770129 ], [ -9.705140841400492, 52.583086132790882 ], [ -9.704863841400282, 52.588954132796317 ], [ -9.697917841393803, 52.599991132806593 ], [ -9.554163841259935, 52.638054132842058 ], [ -9.480554841191378, 52.616945132822394 ], [ -9.241663840968897, 52.613327132819023 ], [ -9.173336340905223, 52.61624563282183 ], [ -9.15125484088469, 52.620964132826145 ], [ -9.129163840864123, 52.635273132839444 ], [ -9.090836840828416, 52.667218132869209 ], [ -9.065554840804879, 52.688609132889127 ], [ -9.030695840772353, 52.724859132922944 ], [ -9.028054840769954, 52.730554132928205 ], [ -8.946945840694411, 52.723609132921723 ], [ -8.848890840603104, 52.689991132890412 ], [ -8.818336840574631, 52.665554132867669 ], [ -8.983890840728833, 52.630554132835073 ], [ -9.222499840951059, 52.585000132792629 ], [ -9.331663841052716, 52.571109132779696 ], [ -9.35759084107687, 52.5691641327779 ], [ -9.360827341079812, 52.573241132781703 ], [ -9.622777341323797, 52.569995632778728 ], [ -9.653608841352565, 52.560827132770129 ], [ -9.6747178413722, 52.546664132756945 ], [ -9.680281841377393, 52.512773132725357 ], [ -9.762781841454228, 52.442773132660164 ], [ -9.839726841525874, 52.379718132601454 ], [ -9.835836841522251, 52.286664132514801 ], [ -9.776872841467252, 52.264509132494226 ], [ -9.76916384146017, 52.264164132493846 ], [ -9.744863841437535, 52.247218132478054 ], [ -9.883890841567023, 52.23000013246201 ], [ -9.920281841600911, 52.23000013246201 ], [ -9.948890841627559, 52.230691132462653 ], [ -10.157081841821451, 52.272082132501197 ], [ -10.159477341823617, 52.278954632507649 ], [ -10.204172841865301, 52.281109132509613 ], [ -10.257777341915158, 52.269436632498781 ], [ -10.359726842010161, 52.229718132461755 ], [ -10.463336842106656, 52.180209132415655 ], [ -10.474167842116742, 52.137359132375778 ], [ -10.46778184211081, 52.10471813234534 ], [ -10.444926842089529, 52.093118132334524 ], [ -10.373754842023232, 52.1077731323482 ], [ -10.365836842015852, 52.111664132351819 ], [ -10.329999841982499, 52.113327132353362 ], [ -10.274999841931276, 52.108327132348705 ], [ -10.184717841847174, 52.107218132347668 ], [ -10.093054841761813, 52.123600132362924 ], [ -10.053890841725348, 52.131382132370163 ], [ -10.024999841698445, 52.136109132374571 ], [ -9.942499841621611, 52.144718132382593 ], [ -9.8866638415696, 52.150554132388038 ], [ -9.879581841563009, 52.150968132388456 ], [ -9.872499841556419, 52.15138213238879 ], [ -9.844163841530019, 52.151936132389324 ], [ -9.811390841499502, 52.152500132389832 ], [ -9.760417841452011, 52.14958213238711 ], [ -9.801108841489935, 52.122773132362141 ], [ -9.986663841662732, 52.050000132294372 ], [ -10.056945841728179, 52.038609132283767 ], [ -10.096386341764912, 52.032081632277752 ], [ -10.101663841769835, 52.030827132276528 ], [ -10.123890841790541, 52.025554132271623 ], [ -10.256527341913966, 51.990549632239095 ], [ -10.371945842021546, 51.878882132135004 ], [ -10.353890842004745, 51.842773132101371 ], [ -10.338590841990481, 51.782918132045637 ], [ -10.24708184190527, 51.840000132098794 ], [ -10.238818341897513, 51.842777132101432 ], [ -10.23055484188987, 51.845554132103985 ], [ -10.207363841868272, 51.847145132105453 ], [ -10.177636841840581, 51.825554132085358 ], [ -10.175622841838702, 51.82096813208112 ], [ -10.173608841836852, 51.816382132076797 ], [ -10.182781841845383, 51.785827132048354 ], [ -10.101945841770089, 51.752218132017049 ], [ -10.05139084172302, 51.771109132034638 ], [ -9.939163841618495, 51.799436132061032 ], [ -9.709999841405079, 51.856382132114049 ], [ -9.688336841384881, 51.861109132118457 ], [ -9.642226841341937, 51.869436132126225 ], [ -9.580972841284904, 51.872354132128947 ], [ -9.592499841295648, 51.864718132121823 ], [ -9.77667284146716, 51.800827132062324 ], [ -9.90555484158719, 51.757773132022209 ], [ -9.974308841651236, 51.730273131996597 ], [ -9.988231841664117, 51.711450131979149 ], [ -9.980836841657293, 51.708327131976176 ], [ -9.988054841664024, 51.677773131947703 ], [ -10.060281841731296, 51.643609131915895 ], [ -10.129999841796234, 51.612218131886664 ], [ -10.132499841798563, 51.593327131869074 ], [ -10.033059341705865, 51.59409113186976 ], [ -9.939409341618671, 51.61902313189303 ], [ -9.932154841611975, 51.6241641318978 ], [ -9.806390841494846, 51.653882131925457 ], [ -9.777499841467943, 51.657773131929076 ], [ -9.663945841362164, 51.679500131949311 ], [ -9.628526841329204, 51.687409131956684 ], [ -9.549999841256067, 51.718609131985744 ], [ -9.5355548412426, 51.750000132014975 ], [ -9.451663841164475, 51.724718131991438 ], [ -9.446804841159889, 51.718745631985925 ], [ -9.441945841155416, 51.712773131980299 ], [ -9.450836841163692, 51.689436131958587 ], [ -9.461390841173539, 51.680827131950565 ], [ -9.465972841177773, 51.678604631948502 ], [ -9.470554841182064, 51.676382131946411 ], [ -9.514999841223471, 51.663327131934267 ], [ -9.520140841228169, 51.662077131933174 ], [ -9.525281841233038, 51.660827131931939 ], [ -9.55055484125657, 51.658336131929616 ], [ -9.609999841311947, 51.642973131915312 ], [ -9.745281841437929, 51.599445131874774 ], [ -9.779163841469483, 51.583882131860264 ], [ -9.838299841524531, 51.542845631822075 ], [ -9.805281841493809, 51.542773131821974 ], [ -9.785281841475182, 51.548609131827419 ], [ -9.681108841378176, 51.579991131856644 ], [ -9.591945841295114, 51.609991131884584 ], [ -9.59389084129694, 51.589718131865709 ], [ -9.651663841350739, 51.55000013182871 ], [ -9.675136841372591, 51.539582131819003 ], [ -9.702499841398094, 51.529445131809581 ], [ -9.709581841404685, 51.527499631807785 ], [ -9.774726841465338, 51.501936131783964 ], [ -9.800836841489655, 51.49027313177308 ], [ -9.816663841504408, 51.473054131757067 ], [ -9.81014084149831, 51.446131631731987 ], [ -9.768054841459133, 51.451945131737403 ], [ -9.707917841403059, 51.466036631750555 ], [ -9.638336841338315, 51.509436131790949 ], [ -9.454726841167314, 51.530827131810867 ], [ -9.372500341090671, 51.470277131754486 ], [ -9.352781841072385, 51.470554131754739 ], [ -9.230136840958153, 51.482354131765732 ], [ -9.163608840896217, 51.517773131798691 ], [ -9.112217840848331, 51.54804513182691 ], [ -8.983890840728833, 51.559718131837769 ], [ -8.882781840634664, 51.567218131844754 ], [ -8.737217840499085, 51.57610913185303 ], [ -8.696663840461326, 51.573054131850199 ], [ -8.55749984033173, 51.633891131906836 ], [ -8.541390840316723, 51.648327131920297 ], [ -8.524172840300679, 51.665273131936061 ], [ -8.417781840201599, 51.706382131974351 ], [ -8.344308840133181, 51.721109131988072 ], [ -8.310699840101876, 51.741800132007342 ], [ -8.296945840089052, 51.760827132025071 ], [ -8.297081840089191, 51.802464132063847 ], [ -8.304336840095942, 51.820382132080539 ], [ -8.339163340128295, 51.869859132126649 ], [ -8.345038964520571, 51.873052840363535 ], [ -8.357781840145719, 51.875545132131919 ], [ -8.371945840158901, 51.876391132132682 ], [ -8.399445840184512, 51.875545132131919 ], [ -8.421936840205461, 51.881545132137489 ], [ -8.38435484017046, 51.892418132147611 ], [ -8.365836840153207, 51.892218132147434 ], [ -8.286663840079484, 51.889445132144857 ], [ -8.210554840008598, 51.884436132140195 ], [ -8.178336839978584, 51.851527132109538 ], [ -8.206945840005233, 51.836664132095706 ], [ -8.224445840021531, 51.832500132091809 ], [ -8.237750340033898, 51.801340632062875 ], [ -8.169308839970199, 51.791945132054053 ], [ -8.086672839893225, 51.810827132071637 ], [ -8.018336839829573, 51.834718132093883 ], [ -7.889163839709283, 51.890273132145609 ], [ -7.852781839675401, 51.944300132195934 ], [ -7.851368339674082, 51.96895463221891 ], [ -7.851345839674053, 51.976800132226202 ], [ -7.834411457117021, 51.955073781531532 ], [ -7.821250339645985, 51.944300132195949 ], [ -7.71903183955078, 51.938332132190382 ], [ -7.586663839427558, 51.993191132241463 ], [ -7.546317839389985, 52.051800132296052 ], [ -7.56749983940972, 52.059164132302925 ], [ -7.601945839441782, 52.063045132306542 ], [ -7.620281839458869, 52.064718132308087 ], [ -7.578890839420325, 52.100273132341187 ], [ -7.43499983928632, 52.126109132365258 ], [ -7.368890839224747, 52.134164132372774 ], [ -7.160281839030461, 52.150273132387753 ], [ -7.105136838979092, 52.131936132370697 ], [ -7.036390838915082, 52.132773132371454 ], [ -7.00180883888288, 52.138473132376788 ], [ -6.974163838857123, 52.168054132404336 ], [ -6.972222838855259, 52.22777263245996 ], [ -6.974349847659606, 52.23454413339654 ], [ -6.988890838870844, 52.264164132493846 ], [ -6.995381838876881, 52.269818132499097 ], [ -6.997299838878661, 52.278273132506968 ], [ -6.979445838862034, 52.276664132505488 ], [ -6.914717838801749, 52.206109132439764 ], [ -6.902499838790391, 52.166382132402759 ], [ -6.870554838760626, 52.163054132399679 ], [ -6.830836838723627, 52.170827132406913 ], [ -6.818336838711986, 52.187218132422174 ], [ -6.789445838685083, 52.216945132449865 ], [ -6.622781838529875, 52.192218132426831 ], [ -6.466663838384477, 52.193054132427619 ], [ -6.399308838321758, 52.180973132416369 ], [ -6.392986338315836, 52.178954632414531 ], [ -6.364445838289214, 52.177709132413355 ], [ -6.32749983825488, 52.222500132455025 ], [ -6.326109338253502, 52.244372632475432 ], [ -6.381945838305569, 52.277218132505993 ], [ -6.409999838331714, 52.285000132513233 ], [ -6.498190838413848, 52.354027132577528 ], [ -6.47499983839225, 52.374445132596549 ], [ -6.469095338386722, 52.375695132597784 ], [ -6.463190838381252, 52.376945132598877 ], [ -6.361945838286942, 52.392773132613598 ], [ -6.244717838177763, 52.502773132716044 ], [ -6.230281838164331, 52.517218132729511 ], [ -6.207222838142769, 52.543050132753621 ], [ -6.200136838136245, 52.559718132769092 ], [ -6.201108838137145, 52.580554132788507 ], [ -6.214304838149388, 52.609995632815938 ], [ -6.218472838153332, 52.615273132820818 ], [ -6.222781838157346, 52.630000132834539 ], [ -6.222499838157034, 52.636663632840822 ], [ -6.222217838156809, 52.643327132846963 ], [ -6.216108838151115, 52.663882132866092 ], [ -6.193890838130443, 52.692636132892886 ], [ -6.147781838087496, 52.738327132935439 ], [ -6.150554838090073, 52.766109132961304 ], [ -6.148681838088322, 52.77471813296934 ], [ -6.146808838086599, 52.783327132977348 ], [ -6.137499838077929, 52.801664132994432 ], [ -6.118754838060454, 52.830554133021337 ], [ -6.113127338055136, 52.835277133025755 ], [ -6.107499838049989, 52.840000133030117 ], [ -6.069445838014531, 52.865827133054182 ], [ -6.013054837962017, 52.945000133127905 ], [ -6.034581837982074, 53.110000133281574 ], [ -6.110554838052821, 53.252491133414281 ], [ -6.180281838117764, 53.307491133465504 ], [ -6.22083683815552, 53.342218133497852 ], [ -6.222709338157244, 53.347495633502831 ], [ -6.224581838159025, 53.352773133507668 ], [ -6.159163838098095, 53.382773133535608 ], [ -6.154445338093637, 53.384441133537237 ], [ -6.078336838022807, 53.524164133667313 ], [ -6.077217838021767, 53.544164133685939 ], [ -6.081108838025386, 53.563609133704034 ], [ -6.101390838044296, 53.583054133722158 ], [ -6.12389083806525, 53.585827133724734 ], [ -6.146808838086599, 53.58930013372796 ], [ -6.214163838149318, 53.635554133771052 ], [ -6.236390838170024, 53.671391133804406 ], [ -6.238758838172174, 53.676295633809019 ], [ -6.241126838174438, 53.681200133813547 ], [ -6.251036838183666, 53.723845133853274 ], [ -6.24694583817984, 53.754164133881517 ], [ -6.239999838173389, 53.782773133908137 ], [ -6.254999838187359, 53.833609133955491 ], [ -6.289717838219673, 53.86388213398368 ], [ -6.325554838253055, 53.869164133988619 ], [ -6.331250338258315, 53.87055013398998 ], [ -6.336945838263659, 53.871936133991198 ], [ -6.348336838274264, 53.878609133997401 ], [ -6.355277338280672, 53.883331634001877 ], [ -6.362217838287194, 53.888054134006211 ], [ -6.373608838297798, 53.899718134017064 ], [ -6.376872838300727, 53.90652263402346 ], [ -6.380136838303883, 53.913327134029743 ], [ -6.381390838305066, 53.95151813406531 ], [ -6.357226838282543, 54.010827134120547 ], [ -6.352295338277941, 54.012495634122118 ], [ -6.347363838273367, 54.014164134123661 ], [ -6.330281838257463, 54.013054134122626 ], [ -6.311945838240376, 54.009436134119255 ], [ -6.288608838218636, 54.004436134114599 ], [ -6.228054838162251, 53.987782134099092 ], [ -6.157154338096205, 53.972495634084908 ], [ -6.138054838078432, 53.975000134087168 ], [ -6.120836838062388, 53.982773134094401 ], [ -6.106254838048812, 53.993364134104269 ], [ -6.131254838072095, 54.030554134138924 ], [ -6.145281838085168, 54.028609134137099 ], [ -6.151809338091198, 54.029577134138066 ], [ -6.158336838097313, 54.030545134138919 ], [ -6.1705548381087, 54.036945134144872 ], [ -6.240836838174147, 54.074718134180046 ], [ -6.270281838201583, 54.095691134199569 ], [ -6.267896893129439, 54.098672135353517 ], [ -6.269219409629187, 54.099842848489146 ], [ -6.288608838218636, 54.108609134211633 ], [ -6.346249838272257, 54.114895134217477 ], [ -6.365208838290016, 54.104018134207365 ], [ -6.447499838366582, 54.058327134164784 ], [ -6.567499838478398, 54.050827134157771 ], [ -6.615661588523182, 54.041524884149197 ], [ -6.655554838560334, 54.065273134171235 ], [ -6.734726838634117, 54.183609134281426 ], [ -6.851108838742505, 54.289718134380337 ], [ -6.873054838762954, 54.342082134429091 ], [ -6.922081838808538, 54.376382134461039 ], [ -6.974445838857378, 54.401664134484605 ], [ -7.0294458389086, 54.417218134499052 ], [ -7.058336838935531, 54.410000134492293 ], [ -7.160836839030935, 54.336664134423984 ], [ -7.175554839044707, 54.289164134379774 ], [ -7.143472839014777, 54.256518134349392 ], [ -7.145836839016937, 54.225273134320247 ], [ -7.283890839145585, 54.123464134225429 ], [ -7.321809339180845, 54.11277713421552 ], [ -7.559445839402173, 54.126936134228686 ], [ -7.615904339454772, 54.144995634245532 ], [ -7.624863839463075, 54.163673134262893 ], [ -7.699717839532781, 54.202500134299044 ], [ -7.747781839577584, 54.200273134296964 ], [ -7.818054839643082, 54.199164134295984 ], [ -7.858266089680455, 54.217529384313082 ], [ -7.869445839690911, 54.2530541343462 ], [ -7.875763839696816, 54.284991134375929 ], [ -7.900281839719582, 54.294164134384488 ], [ -7.941390839757872, 54.299436134389396 ], [ -8.037781839847696, 54.359300134445135 ], [ -8.060695839868941, 54.369582134454674 ], [ -8.158054839959703, 54.440273134520481 ], [ -8.17166383997241, 54.463882134542473 ], [ -8.046945839856221, 54.507218134582843 ], [ -7.950836839766737, 54.532218134606154 ], [ -7.833608839657529, 54.553891134626326 ], [ -7.752226839581738, 54.594445134664056 ], [ -7.777499839605241, 54.626936134694347 ], [ -7.852363839674979, 54.633882134700798 ], [ -7.910140839728768, 54.667777134732376 ], [ -7.926390839743959, 54.700545134762933 ], [ -7.834409339658208, 54.733886634794004 ], [ -7.739163839569557, 54.710545134772218 ], [ -7.553336839396479, 54.762773134820833 ], [ -7.482836839330844, 54.829936134883383 ], [ -7.458054839307749, 54.857773134909337 ], [ -7.443890839294596, 54.882500134932343 ], [ -7.406390839259615, 54.95332713499829 ], [ -7.326390839185109, 55.04527313508396 ], [ -7.252508839116359, 55.07059113510752 ] ] ], [ [ [ -9.95819984163623, 53.876245133995212 ], [ -9.943890841622903, 53.883745134002197 ], [ -9.92610884160635, 53.923882134039559 ], [ -9.923890841604276, 53.948191134062199 ], [ -9.938336841617712, 53.9945821341054 ], [ -9.970136841647331, 54.02082713412986 ], [ -10.066108841736735, 54.022082134131011 ], [ -10.119517841786461, 54.000000134110451 ], [ -10.122258841789005, 54.000832134111235 ], [ -10.158890841823137, 54.009164134119004 ], [ -10.193054841854945, 54.008609134118473 ], [ -10.26562684192254, 53.972500134084839 ], [ -10.174163841837355, 53.96082713407398 ], [ -10.152226841816912, 53.959718134072943 ], [ -10.062081841732976, 53.922636134038413 ], [ -10.058818341729904, 53.916036134032311 ], [ -9.978608841655245, 53.879436133998183 ], [ -9.95819984163623, 53.876245133995212 ] ] ] ] } },
{ "type": "Feature", "properties": { "cntry_name": "Netherlands", "area": 34937.8, "capname": "Amsterdam", "caplong": 4.91667, "caplat": 52.35, "gwcode": 210.0, "gwsdate": "1886-01-01", "gwsyear": 1886.0, "gwsmonth": 1.0, "gwsday": 1.0, "gwedate": "2019-12-31", "gweyear": 2019.0, "gwemonth": 12.0, "gweday": 31.0, "name": "Netherlands", "max": 1886.0 }, "geometry": { "type": "MultiPolygon", "coordinates": [ [ [ [ 7.207575336819303, 53.242568402915524 ], [ 7.207573429850809, 53.242568632605796 ], [ 7.200482174344017, 53.240409133403091 ], [ 7.092291174243314, 53.256454133417947 ], [ 6.94250017410377, 53.323054133480014 ], [ 6.901663174065845, 53.350273133505425 ], [ 6.867918174034401, 53.427391133577316 ], [ 6.777500173950102, 53.459164133606862 ], [ 6.741945173917088, 53.465827133613004 ], [ 6.721109173897673, 53.464718133611996 ], [ 6.69750017387571, 53.461936133609356 ], [ 6.452500173647479, 53.425282133575308 ], [ 6.29694517350265, 53.40193613355359 ], [ 6.194718173407409, 53.410000133561027 ], [ 6.189117342333326, 53.411830376864756 ], [ 6.186642506733307, 53.4120574668963 ], [ 6.09250017331226, 53.410827133561781 ], [ 5.981663173208972, 53.398891133550649 ], [ 5.890836173124399, 53.382218133535218 ], [ 5.599163172852684, 53.300282133458893 ], [ 5.579718172834532, 53.291382133450611 ], [ 5.462363172725418, 53.228464133391924 ], [ 5.442500172706787, 53.211936133376526 ], [ 5.415627172681695, 53.170345133337889 ], [ 5.411109172677527, 53.14027313330979 ], [ 5.402500172669534, 53.121382133292173 ], [ 5.387363172655398, 53.098327133270743 ], [ 5.369718172639125, 53.088054133261153 ], [ 5.327218172599487, 53.079436133253125 ], [ 5.301663172575672, 53.072773133246983 ], [ 5.250691172528207, 53.04916413322502 ], [ 5.224445172503692, 53.032491133209533 ], [ 5.184209172466353, 53.005527133184216 ], [ 5.182241172464529, 53.004290633183103 ], [ 5.180273172462705, 53.003054133181934 ], [ 5.179556304228657, 53.002687547140177 ], [ 5.179556304228615, 53.002687547140148 ], [ 5.094445172382677, 52.959164133141201 ], [ 5.046921407562489, 52.937848536651998 ], [ 4.937782172236723, 52.903745133089615 ], [ 4.896109172198067, 52.897082133083302 ], [ 4.867500172171276, 52.89860913308479 ], [ 4.831245172137528, 52.910136133095421 ], [ 4.808682172116448, 52.926245133110456 ], [ 4.80576317211387, 52.949927133132576 ], [ 4.783473172093181, 52.965000133146589 ], [ 4.738818172051481, 52.956664133138815 ], [ 4.654163171972584, 52.751664132947951 ], [ 4.635836171955646, 52.680545132881662 ], [ 4.634027171953903, 52.643191132846823 ], [ 4.622218171942848, 52.596664132803539 ], [ 4.598336171920664, 52.513882132726508 ], [ 4.582009171905383, 52.477082132692033 ], [ 4.668463171985877, 52.46588213268177 ], [ 4.713154172027544, 52.441018132658655 ], [ 4.825791172132483, 52.425700132644238 ], [ 4.875527172178749, 52.41560013263495 ], [ 4.914863172215348, 52.387218132608496 ], [ 5.023891172316951, 52.375691132597808 ], [ 5.046373172337837, 52.402627132622911 ], [ 5.078054172367445, 52.416109132635484 ], [ 5.09028217237875, 52.43332713265147 ], [ 5.089791172378455, 52.510827132723477 ], [ 5.067782172357965, 52.541382132752119 ], [ 5.045136172336754, 52.569018132777785 ], [ 5.029718172322475, 52.624091132829165 ], [ 5.050627172341876, 52.641527132845397 ], [ 5.103891172391513, 52.643191132846823 ], [ 5.139300172424385, 52.623882132828953 ], [ 5.167782172450984, 52.628882132833553 ], [ 5.196663172477884, 52.637773132841744 ], [ 5.235973172514491, 52.657082132859841 ], [ 5.255300172532429, 52.691591132891972 ], [ 5.303191172577044, 52.704854132904359 ], [ 5.284754172559872, 52.744891132941632 ], [ 5.22347317250285, 52.756800132952662 ], [ 5.196391172477547, 52.755691132951654 ], [ 5.1261091724121, 52.822491133013955 ], [ 5.101313978098532, 52.868082157430131 ], [ 5.091663172380038, 52.885827133072723 ], [ 5.100273172388142, 52.948054133130768 ], [ 5.198309172479412, 52.995318133174806 ], [ 5.263054172539682, 53.035273133212002 ], [ 5.296245172570593, 53.050000133225808 ], [ 5.339163172610654, 53.065554133240141 ], [ 5.369863172639214, 53.070409133244652 ], [ 5.409582172676267, 53.031936133208944 ], [ 5.419582172685466, 52.956936133139095 ], [ 5.405973172672873, 52.911318133096586 ], [ 5.370800172639974, 52.880200133067603 ], [ 5.411945172678315, 52.853745133042992 ], [ 5.584509172839091, 52.839818133030064 ], [ 5.648609172898773, 52.855409133044418 ], [ 5.714445172960154, 52.840273133030394 ], [ 5.716399672961927, 52.839145633029375 ], [ 5.718354172963643, 52.838018133028356 ], [ 5.665973172914903, 52.823400133014729 ], [ 5.619163172871481, 52.779445132973763 ], [ 5.596736172850513, 52.748264132944655 ], [ 5.600554172854117, 52.65819113286085 ], [ 5.671800172920427, 52.607773132813747 ], [ 5.758891173001416, 52.606664132812966 ], [ 5.855000173091014, 52.606909132813144 ], [ 5.848054173084563, 52.577773132785921 ], [ 5.872418173107178, 52.523418132735344 ], [ 5.87805417311256, 52.509436132722271 ], [ 5.851245173087477, 52.463054132679076 ], [ 5.813736173052575, 52.428464132646809 ], [ 5.770418173012274, 52.40359113262366 ], [ 5.73190917297643, 52.390636132611689 ], [ 5.695127172942193, 52.380118132601922 ], [ 5.67055417291931, 52.371382132593681 ], [ 5.627082172878715, 52.355273132578702 ], [ 5.58139117283622, 52.325273132550706 ], [ 5.566245172821993, 52.305273132532136 ], [ 5.548609172805754, 52.278745132507538 ], [ 5.528745172787183, 52.265691132495192 ], [ 5.42250017268816, 52.249018132479762 ], [ 5.40750017267419, 52.251936132482456 ], [ 5.371736172640851, 52.269100132498579 ], [ 5.33411367260598, 52.275690632504563 ], [ 5.330445172602538, 52.275827132504674 ], [ 5.29500017256953, 52.29923613252663 ], [ 5.24430017252223, 52.311873132538381 ], [ 5.126945172412888, 52.330273132555305 ], [ 4.991945172287274, 52.36110913258409 ], [ 4.952400172250407, 52.373127132595243 ], [ 4.906882172207986, 52.374154132596232 ], [ 4.885982172188449, 52.390373132611444 ], [ 4.845254172150703, 52.410200132629939 ], [ 4.706845172021701, 52.427227132645726 ], [ 4.657954171976087, 52.453127132669863 ], [ 4.574373171898344, 52.454473132671126 ], [ 4.551109171876647, 52.419718132638707 ], [ 4.540836171867056, 52.395973132616632 ], [ 4.517782171845681, 52.360836132583927 ], [ 4.494491171823881, 52.327218132552673 ], [ 4.441663171774735, 52.252491132483044 ], [ 4.424718171758968, 52.231382132463295 ], [ 4.404445171740008, 52.210273132443717 ], [ 4.365418171703709, 52.174436132410392 ], [ 4.143745171497244, 51.999164132247074 ], [ 4.118336171473572, 51.987636132236332 ], [ 4.089718171446975, 51.984027132232939 ], [ 4.051809171411719, 51.985409132234338 ], [ 4.018054171380129, 51.979054132228271 ], [ 4.061109171420355, 51.860273132117641 ], [ 4.021527171383468, 51.839436132098399 ], [ 3.99208217135606, 51.846800132105159 ], [ 3.867982171240442, 51.812145132072828 ], [ 3.874191171246309, 51.786373132048993 ], [ 3.955836171322346, 51.801664132063252 ], [ 3.986809171351069, 51.80208213206356 ], [ 4.020900171382891, 51.792073132054156 ], [ 4.058191171417661, 51.754718132019434 ], [ 4.127218171481957, 51.706664131974662 ], [ 4.169318171520956, 51.685773131955159 ], [ 4.209436171558536, 51.674091131944294 ], [ 4.205536171554854, 51.652282131923982 ], [ 4.174382171525735, 51.652282131923982 ], [ 4.140100171493884, 51.651891131923605 ], [ 4.115173171470701, 51.647991131920094 ], [ 4.111945171467596, 51.63360913190661 ], [ 4.137218171491156, 51.61555413188978 ], [ 4.159863171512256, 51.614854131889217 ], [ 4.186163171536805, 51.617045131891132 ], [ 4.201318171550838, 51.60523613188019 ], [ 4.207509171556637, 51.589482131865452 ], [ 4.195343404232265, 51.598326825660898 ], [ 4.182482879823167, 51.602511190833134 ], [ 4.169718171521367, 51.605554131880581 ], [ 4.070691171429303, 51.611382131885989 ], [ 4.041945171402347, 51.60527313188021 ], [ 3.997845171361462, 51.590136131866075 ], [ 4.082782171440613, 51.530827131810952 ], [ 4.209582171558509, 51.5156911317967 ], [ 4.22963617157734, 51.518618131799428 ], [ 4.264863171610045, 51.509445131790983 ], [ 4.284718171628583, 51.488327131771371 ], [ 4.292009171635357, 51.469582131753896 ], [ 4.283609171627575, 51.448054131733784 ], [ 4.264282171609409, 51.443973131730047 ], [ 4.246736171593113, 51.436873131723473 ], [ 4.149027171502269, 51.435691131722308 ], [ 4.12555417148036, 51.438327131724748 ], [ 4.103473171459711, 51.447491131733386 ], [ 4.08194517143977, 51.469164131753416 ], [ 4.068336171427006, 51.49332713177597 ], [ 4.048054171408126, 51.50916413179084 ], [ 4.006663171369723, 51.525273131805648 ], [ 3.929718171297964, 51.547845131826705 ], [ 3.886336171257653, 51.543045131822339 ], [ 3.865854171238425, 51.538664131818109 ], [ 3.820554171196306, 51.549164131828036 ], [ 3.84353617121775, 51.55402713183247 ], [ 3.865282171237993, 51.546664131825651 ], [ 3.899309171269692, 51.568536131846031 ], [ 3.870836171243127, 51.60027313187561 ], [ 3.835000171209742, 51.606664131881644 ], [ 3.691900171076497, 51.600309131875576 ], [ 3.571182170964107, 51.596664131872217 ], [ 3.517363170913995, 51.577218131854181 ], [ 3.485554170884257, 51.563327131841163 ], [ 3.457427170858125, 51.548882131827781 ], [ 3.444236170845841, 51.529373131809507 ], [ 3.538473170933628, 51.456245131741468 ], [ 3.573054170965861, 51.44444513173039 ], [ 3.826391171201749, 51.389854131679613 ], [ 3.903191171273249, 51.397500131686797 ], [ 3.926945171295358, 51.429854131716809 ], [ 4.056109171415756, 51.425827131713163 ], [ 4.202500171552003, 51.405000131693782 ], [ 4.252363171598461, 51.375145131665874 ], [ 4.279673171623813, 51.37659113166724 ], [ 4.352918171692124, 51.361245131653035 ], [ 4.388054171724804, 51.357500131649417 ], [ 4.412918171747947, 51.358464131650479 ], [ 4.43347317176719, 51.370136131661255 ], [ 4.417782171752492, 51.398327131687552 ], [ 4.399027171735128, 51.413882131701996 ], [ 4.395691171731954, 51.451518131737046 ], [ 4.484300171814539, 51.480136131763672 ], [ 4.544336171870299, 51.483045131766517 ], [ 4.540418171866747, 51.454509131739741 ], [ 4.540345171866591, 51.43117313171814 ], [ 4.647636171966553, 51.423191131710695 ], [ 4.671145171988428, 51.432554131719428 ], [ 4.702082172017384, 51.466945131751388 ], [ 4.766182172077066, 51.499927131782215 ], [ 4.797636172106166, 51.501245131783449 ], [ 4.825836172132483, 51.492218131774976 ], [ 4.845482172150952, 51.475273131759209 ], [ 4.832782172139133, 51.429991131716974 ], [ 4.853054172157869, 51.414445131702564 ], [ 4.940482172239371, 51.402354131691226 ], [ 4.997082172292039, 51.436318131722842 ], [ 5.01715417231074, 51.470618131754904 ], [ 5.03847317233064, 51.486945131769986 ], [ 5.076809172366239, 51.469300131753684 ], [ 5.101245172388985, 51.434718131721382 ], [ 5.081073172370367, 51.401245131690246 ], [ 5.141945172426915, 51.319718131614351 ], [ 5.161527172445204, 51.315127131610012 ], [ 5.193473172474881, 51.319509131614112 ], [ 5.233336172512139, 51.309373131604659 ], [ 5.238973172517404, 51.262282131560895 ], [ 5.32971817260173, 51.262218131560758 ], [ 5.404373172671427, 51.266036131564377 ], [ 5.474236172736482, 51.286873131583661 ], [ 5.508336172768168, 51.294227131590489 ], [ 5.552918172809683, 51.269645131567572 ], [ 5.56833617282399, 51.220709131522142 ], [ 5.644718172895182, 51.20360913150617 ], [ 5.754163172997153, 51.189991131493542 ], [ 5.847136173083754, 51.153191131459266 ], [ 5.818054173056566, 51.115000131423585 ], [ 5.77694517301839, 51.025836131340554 ], [ 5.764163173006523, 50.99000013130717 ], [ 5.758054173000772, 50.960000131279344 ], [ 5.651391172901413, 50.875136131200208 ], [ 5.638818172889643, 50.848882131175728 ], [ 5.653609172903572, 50.82360913115231 ], [ 5.69077492293809, 50.809352381139064 ], [ 5.704236172950715, 50.782009131113455 ], [ 5.695259172942201, 50.759163631092207 ], [ 5.73986317298386, 50.759854131092936 ], [ 5.797500173037434, 50.769436131101855 ], [ 5.870554173105575, 50.760827131093691 ], [ 5.89891817313196, 50.753882131087309 ], [ 5.926391173157469, 50.756100131089468 ], [ 6.011798076583943, 50.75727143905884 ], [ 6.008239511397164, 50.799994974771437 ], [ 6.016663893044296, 50.841663112220132 ], [ 6.052180991363315, 50.849211583945774 ], [ 6.077835795535805, 50.866649857228211 ], [ 6.080833315452622, 50.914718572741634 ], [ 6.050431581679078, 50.949122539908245 ], [ 6.024928019072775, 50.977981759768667 ], [ 5.943749378914958, 50.984298864415422 ], [ 5.902011684976685, 50.973118267470966 ], [ 5.873040967290734, 51.013828370014139 ], [ 5.864999983787328, 51.045342878744222 ], [ 5.905554306090409, 51.06311809794903 ], [ 6.003054272252712, 51.084163180212641 ], [ 6.055884515711909, 51.11041876319284 ], [ 6.095225564802348, 51.138620948993392 ], [ 6.081810051216451, 51.182473227066808 ], [ 6.071663748973265, 51.214091381098839 ], [ 6.077636612401307, 51.241382235393672 ], [ 6.143054348647894, 51.295273063937444 ], [ 6.222499457793191, 51.36319035362861 ], [ 6.222232790510645, 51.42982129285835 ], [ 6.222082271536465, 51.467354910362076 ], [ 6.213670994929231, 51.489878055371477 ], [ 6.204860963495975, 51.513465686952941 ], [ 6.182784077535104, 51.534879241375478 ], [ 6.158609433498128, 51.5583270405821 ], [ 6.134027241734998, 51.570827210133189 ], [ 6.093609420735334, 51.605827176250173 ], [ 6.067939727258448, 51.645822649848512 ], [ 6.028888976932592, 51.706664938275026 ], [ 5.987986158424036, 51.728417995620575 ], [ 5.952053839994818, 51.747527547540813 ], [ 5.978257129159147, 51.764338599762837 ], [ 5.971757624067067, 51.808028167851219 ], [ 6.003054569323609, 51.829993860596815 ], [ 6.095320083669037, 51.874429235510291 ], [ 6.123609467381243, 51.888054079232333 ], [ 6.182218893232033, 51.89527272528791 ], [ 6.351109459068851, 51.848053875752882 ], [ 6.462781054568126, 51.853608697805612 ], [ 6.52749995709425, 51.874444670368305 ], [ 6.591551842034647, 51.895088766159091 ], [ 6.642823465138605, 51.904429246533397 ], [ 6.684653657817165, 51.911663892888896 ], [ 6.704080499212353, 51.904603700279338 ], [ 6.728296482331359, 51.8998992745191 ], [ 6.746390565352868, 51.906108223125642 ], [ 6.775127233656548, 51.920695578016506 ], [ 6.823898710787574, 51.970132960991151 ], [ 6.797500059015107, 52.008745569717021 ], [ 6.762777838870846, 52.022115733720412 ], [ 6.728610473422634, 52.035271968596874 ], [ 6.732549445897945, 52.056230700781484 ], [ 6.740171075321882, 52.082883320598782 ], [ 6.759427362901988, 52.11456387811603 ], [ 6.812698539108425, 52.117827388770735 ], [ 6.856037832846454, 52.120483099013029 ], [ 6.870150407108724, 52.136699638797893 ], [ 6.891422492912483, 52.160068316568626 ], [ 6.906035503384572, 52.173206680179732 ], [ 6.964721290180478, 52.190276658811214 ], [ 7.047076084886811, 52.238760633795351 ], [ 7.030698443550449, 52.28556761440403 ], [ 7.037177920850951, 52.308652759069417 ], [ 7.058114509862492, 52.337638552489466 ], [ 7.069797764599286, 52.358756523178343 ], [ 7.062982895551812, 52.390964216044125 ], [ 6.984027221157817, 52.457354436361413 ], [ 6.954243193784436, 52.437222876719161 ], [ 6.930517756829374, 52.440101250991077 ], [ 6.758890628940179, 52.460964995988604 ], [ 6.704027174331031, 52.488191661427066 ], [ 6.695669430657631, 52.552196444733937 ], [ 6.722499883688414, 52.559440115012478 ], [ 6.758124665104901, 52.564647392139932 ], [ 6.746943184542459, 52.584528271846963 ], [ 6.723766633213415, 52.623278413863886 ], [ 6.765763258589999, 52.651175714907268 ], [ 6.906215482943651, 52.648120269621245 ], [ 7.012736004946106, 52.635650250273812 ], [ 7.033746153343174, 52.633190915546919 ], [ 7.053472032150637, 52.649580583627582 ], [ 7.057111259195153, 52.675353097940672 ], [ 7.063609586741507, 52.721382134740509 ], [ 7.064954622866225, 52.759070302602609 ], [ 7.066246106742597, 52.792499153997795 ], [ 7.073028269649257, 52.816064836200752 ], [ 7.091064094221309, 52.836908533044564 ], [ 7.127708615113306, 52.882267028420074 ], [ 7.161999736859542, 52.916970444507797 ], [ 7.179718987202705, 52.934164537889501 ], [ 7.194486562858543, 52.959582662250355 ], [ 7.210971981395204, 53.008884174737972 ], [ 7.210023912501697, 53.051157023139538 ], [ 7.207219021131067, 53.176109173481322 ], [ 7.207575336819303, 53.242568402915524 ] ] ], [ [ [ 5.400973172668273, 52.269436132498811 ], [ 5.422218172687906, 52.264164132493931 ], [ 5.529927172788177, 52.28326413251159 ], [ 5.559445172815742, 52.324027132549588 ], [ 5.545554172802895, 52.34680013257082 ], [ 5.570209172825798, 52.36617313258887 ], [ 5.61194517286458, 52.369718132592254 ], [ 5.631663172883123, 52.384164132605747 ], [ 5.693891172940994, 52.408054132627854 ], [ 5.72083617296596, 52.413054132632453 ], [ 5.759027173001641, 52.413891132633353 ], [ 5.79173617303212, 52.426318132644951 ], [ 5.831109173068796, 52.463336132679331 ], [ 5.851527173087675, 52.487500132701939 ], [ 5.860700173096347, 52.530909132742295 ], [ 5.834373173071867, 52.565273132774337 ], [ 5.643609172894173, 52.601109132807721 ], [ 5.57333617282876, 52.588336132795746 ], [ 5.478054172739917, 52.548882132759104 ], [ 5.453122672716802, 52.516027632728438 ], [ 5.451345172715094, 52.509473132722292 ], [ 5.413100172679378, 52.493318132707259 ], [ 5.381945172650319, 52.484445132699079 ], [ 5.296391172570736, 52.451664132668554 ], [ 5.20305417248386, 52.414718132634107 ], [ 5.174654172457338, 52.39967313262008 ], [ 5.136663172422061, 52.381518132603162 ], [ 5.148954172433434, 52.343054132567431 ], [ 5.172845172455652, 52.335964132560775 ], [ 5.20236317248316, 52.339718132564258 ], [ 5.248609172526301, 52.332500132557527 ], [ 5.278609172554297, 52.32582713255124 ], [ 5.305554172579264, 52.317773132543721 ], [ 5.33055417260249, 52.309164132535898 ], [ 5.363745172633571, 52.290836132518677 ], [ 5.400973172668273, 52.269436132498811 ] ] ], [ [ [ 4.238900171585897, 51.350427131642903 ], [ 4.212400171561285, 51.37055413166172 ], [ 3.961391171327421, 51.369718131660932 ], [ 3.864582171237259, 51.33958213163271 ], [ 3.764163171143878, 51.34527313163801 ], [ 3.734373171116033, 51.350764131643075 ], [ 3.63971817102788, 51.381664131672039 ], [ 3.55028217094457, 51.409718131698185 ], [ 3.528891170924737, 51.411664131700036 ], [ 3.406663170810816, 51.385554131675576 ], [ 3.370863170777397, 51.373854131664757 ], [ 3.373609170780099, 51.310000131605207 ], [ 3.384231670789916, 51.271973131569766 ], [ 3.439863170841789, 51.244782131544511 ], [ 3.474718170874297, 51.242636131542454 ], [ 3.522982170919192, 51.258954131557672 ], [ 3.521736170918047, 51.283264131580282 ], [ 3.600000170990938, 51.304164131599819 ], [ 3.669163171055288, 51.2927731315892 ], [ 3.788745171166624, 51.262845131561292 ], [ 3.793818171171409, 51.230273131530993 ], [ 3.895418171266073, 51.205691131508075 ], [ 3.952500171319201, 51.214436131516308 ], [ 4.062218171421364, 51.252218131551359 ], [ 4.127782171482465, 51.278882131576182 ], [ 4.167218171519181, 51.29736413159354 ], [ 4.221663171569958, 51.335418131628899 ], [ 4.238900171585897, 51.350427131642903 ] ] ], [ [ [ 4.105596184338981, 51.654018734260582 ], [ 4.105037737110215, 51.657107663104711 ], [ 4.066945171425743, 51.679445131949194 ], [ 4.004445171367536, 51.710000131977836 ], [ 3.96402717132986, 51.733536131999642 ], [ 3.881945171253335, 51.743891132009253 ], [ 3.824863171200207, 51.742291132007779 ], [ 3.818681671194526, 51.743504632009007 ], [ 3.780836171159308, 51.746391132011638 ], [ 3.716182171099092, 51.733954132000122 ], [ 3.688954171073647, 51.71013613197789 ], [ 3.693682171078137, 51.685136131954664 ], [ 3.712654171095892, 51.674673131944814 ], [ 3.76194517114169, 51.675000131945239 ], [ 3.901527171271653, 51.634445131907398 ], [ 3.973745171339033, 51.614582131888938 ], [ 4.014309171376681, 51.618745131892865 ], [ 4.066391171425209, 51.629718131903019 ], [ 4.090973171448127, 51.640345131912909 ], [ 4.105596184338981, 51.654018734260582 ] ] ], [ [ [ 4.787500172096884, 52.998882133178199 ], [ 4.804718172112871, 53.006945133185582 ], [ 4.858609172163085, 53.03916413321565 ], [ 4.876663172179803, 53.056936133232114 ], [ 4.906945172208083, 53.08937313326247 ], [ 4.912218172213045, 53.141936133311333 ], [ 4.883545172186302, 53.183464133350128 ], [ 4.862709172166944, 53.185968133352389 ], [ 4.743336172055649, 53.086109133259413 ], [ 4.717777172031958, 53.061109133236087 ], [ 4.707363172022156, 53.040136133216492 ], [ 4.708336172023053, 53.020554133198345 ], [ 4.719999672033936, 52.999645633178829 ], [ 4.73860917205127, 52.989718133169561 ], [ 4.759163672070457, 52.989441133169294 ], [ 4.787500172096884, 52.998882133178199 ] ] ], [ [ [ 5.206804172487296, 53.34972263350484 ], [ 5.311391172584763, 53.371664133525428 ], [ 5.353336172623756, 53.381100133534176 ], [ 5.56715017282292, 53.432945633582406 ], [ 5.57902717283406, 53.448464133596929 ], [ 5.548190672805333, 53.45069063359891 ], [ 5.223054172502486, 53.395273133547349 ], [ 5.175000172457743, 53.378395633531653 ], [ 5.169373172452424, 53.359091133513687 ], [ 5.186663172468627, 53.349718133504837 ], [ 5.206804172487296, 53.34972263350484 ] ] ] ] } },
{ "type": "Feature", "properties": { "cntry_name": "Spain", "area": 506124.0, "capname": "Madrid", "caplong": -3.68333, "caplat": 40.4, "gwcode": 230.0, "gwsdate": "1886-01-01", "gwsyear": 1886.0, "gwsmonth": 1.0, "gwsday": 1.0, "gwedate": "2019-12-31", "gweyear": 2019.0, "gwemonth": 12.0, "gweday": 31.0, "name": "Spain", "max": 1886.0 }, "geometry": { "type": "MultiPolygon", "coordinates": [ [ [ [ -17.963890849091545, 27.682354109601114 ], [ -17.911254849043075, 27.773745109685365 ], [ -17.903472849035836, 27.78055410969182 ], [ -17.88347284901721, 27.797218109707273 ], [ -17.887118349020596, 27.823154609731404 ], [ -17.903195349035396, 27.845554609752174 ], [ -17.903195349035585, 27.845554609752309 ], [ -17.931117849061593, 27.848609109755103 ], [ -18.001045849126712, 27.816109109724891 ], [ -18.015281849139939, 27.790554109701048 ], [ -18.039999849162996, 27.762218109674663 ], [ -18.061108849182688, 27.75597310966883 ], [ -18.113199849231137, 27.761945109674457 ], [ -18.139172349255293, 27.771040609682906 ], [ -18.139172349255364, 27.771040609682888 ], [ -18.164304349278694, 27.75777710967057 ], [ -18.169863849283953, 27.735764109650002 ], [ -18.156117849271141, 27.705273109621714 ], [ -18.096939132282422, 27.681949079322813 ], [ -18.01444584913915, 27.649436109569621 ], [ -17.996103237363315, 27.64252171422612 ], [ -17.982781849109642, 27.637500109558516 ], [ -17.973336349100833, 27.659927109579399 ], [ -17.963890849092024, 27.682354109600311 ], [ -17.963890849091545, 27.682354109601114 ] ] ], [ [ [ -15.554163846847814, 27.755836109668692 ], [ -15.525417846821085, 27.767636109679756 ], [ -15.48499984678341, 27.781391109692549 ], [ -15.478336346777162, 27.782222609693303 ], [ -15.443754846745037, 27.789027109699589 ], [ -15.428336846730588, 27.799164109709125 ], [ -15.40344458385583, 27.832551923513186 ], [ -15.394163846698802, 27.845000109751723 ], [ -15.379722846685354, 27.926109109827308 ], [ -15.365281846671907, 28.007218109902901 ], [ -15.370331517616776, 28.024232526822814 ], [ -15.409408846713006, 28.155900110041273 ], [ -15.483730173266721, 28.155421356360517 ], [ -15.635281846923334, 28.154445110039916 ], [ -15.699858846983489, 28.147704610033685 ], [ -15.699858846983497, 28.147704610033621 ], [ -15.697217846981005, 28.139300110025829 ], [ -15.707499846990629, 28.078054109968889 ], [ -15.709863346992712, 28.073122609964422 ], [ -15.709863346992734, 28.073122609964258 ], [ -15.709863346992877, 28.073122609964077 ], [ -15.712226846994952, 28.068191109959628 ], [ -15.730836847011835, 28.046664109940124 ], [ -15.730836847012284, 28.046664109939556 ], [ -15.785417847063201, 28.010900109906274 ], [ -15.811736847087644, 28.005277109901016 ], [ -15.820836847096103, 27.962218109860899 ], [ -15.822636847097868, 27.915691109817615 ], [ -15.794375825854456, 27.858362162395736 ], [ -15.783199847061155, 27.835691109743038 ], [ -15.727018347008823, 27.793572609703801 ], [ -15.67083684695649, 27.751454109664593 ], [ -15.670836846955524, 27.751454109664508 ], [ -15.62194584691099, 27.748609109662084 ], [ -15.614581846904185, 27.746527109660093 ], [ -15.614581846904031, 27.746527109660079 ], [ -15.614581846903832, 27.746527109659993 ], [ -15.607217846897186, 27.744445109658045 ], [ -15.579172846871851, 27.731109109645988 ], [ -15.579172846871169, 27.73110910964569 ], [ -15.566811101102145, 27.743331465102901 ], [ -15.554163846847814, 27.755836109668692 ] ] ], [ [ [ -17.174999848357373, 28.016936109911867 ], [ -17.154726848338498, 28.024718109919107 ], [ -17.140190091092961, 28.037127471793468 ], [ -17.111117848297908, 28.06194510995374 ], [ -17.093681848281676, 28.082845109973221 ], [ -17.093681848281566, 28.082845109973704 ], [ -17.089586348277805, 28.105418109994247 ], [ -17.100417848287748, 28.13263611001932 ], [ -17.100417848287918, 28.132636110019632 ], [ -17.106724163666229, 28.138677570669714 ], [ -17.11360884830026, 28.145273110031354 ], [ -17.192081848373221, 28.186109110069523 ], [ -17.213054938886682, 28.192775911466075 ], [ -17.254999848431908, 28.206109110088107 ], [ -17.272868269157936, 28.197399631921147 ], [ -17.299445848473255, 28.184445110067912 ], [ -17.31722684848981, 28.170691110055046 ], [ -17.328336848500101, 28.140554110027082 ], [ -17.332499848504, 28.116664110004763 ], [ -17.327572848499415, 28.085204609975477 ], [ -17.30208634847574, 28.050554609943134 ], [ -17.259163848435719, 28.019445109914287 ], [ -17.238059348416044, 28.010413609905726 ], [ -17.174999848357373, 28.016936109911867 ] ] ], [ [ [ -16.474726847705416, 28.080827109971093 ], [ -16.474726847705199, 28.080827109971324 ], [ -16.418054847652456, 28.145273110031383 ], [ -16.394172847630159, 28.221945110102752 ], [ -16.349581847588638, 28.360418110231876 ], [ -16.341117847580733, 28.370282110241021 ], [ -16.235281847482213, 28.461664110326012 ], [ -16.227217847474662, 28.468327110332325 ], [ -16.217781847465915, 28.473609110337179 ], [ -16.177226847428074, 28.492773110355017 ], [ -16.156390847408716, 28.501945110363579 ], [ -16.156945847409247, 28.572218110428977 ], [ -16.197924119312678, 28.571440909120003 ], [ -16.273890847518146, 28.570000110426975 ], [ -16.378336847615401, 28.535554110394912 ], [ -16.378336847615515, 28.535554110394838 ], [ -16.406250347641361, 28.515418110376189 ], [ -16.412791048007154, 28.498426483454658 ], [ -16.413890847648531, 28.494164110356394 ], [ -16.416249847650512, 28.489441110352473 ], [ -16.416249847650704, 28.489441110351976 ], [ -16.416249847650814, 28.489441110351873 ], [ -16.41860884765299, 28.484718110347558 ], [ -16.493199847722337, 28.415836110283351 ], [ -16.519406569393144, 28.406839123019989 ], [ -16.563608847788004, 28.391664110260805 ], [ -16.621847658648768, 28.381731747090797 ], [ -16.693890847909188, 28.369445110240122 ], [ -16.727588265740504, 28.365806807220778 ], [ -16.750554847961979, 28.363327110234522 ], [ -16.795554848003974, 28.364164110235208 ], [ -16.815972848022909, 28.370691110241296 ], [ -16.821595348028186, 28.372636610243177 ], [ -16.843890848048865, 28.373054110243526 ], [ -16.843890848049, 28.373054110243515 ], [ -16.849152982415845, 28.370882943414109 ], [ -16.909372848110014, 28.346036110218368 ], [ -16.871213848074461, 28.271768110149168 ], [ -16.833054848038898, 28.197500110079972 ], [ -16.803982181345173, 28.161202776712855 ], [ -16.789445847998309, 28.143054110029311 ], [ -16.789445847998039, 28.143054110028988 ], [ -16.757922347968957, 28.107081609995902 ], [ -16.752226847963641, 28.101945109991107 ], [ -16.724863847938824, 28.069027109961176 ], [ -16.724863847938167, 28.069027109960416 ], [ -16.696526847911713, 28.029582109923652 ], [ -16.67586786660128, 27.992253592531902 ], [ -16.671390847888347, 27.984164109881362 ], [ -16.65444584787258, 27.993745109890369 ], [ -16.574717847798297, 28.019445109914273 ], [ -16.568054347792049, 28.020413609915185 ], [ -16.568054347792014, 28.020413609915195 ], [ -16.568054347791964, 28.020413609915195 ], [ -16.561390847785844, 28.02138210991609 ], [ -16.553468133487598, 28.020785134093458 ], [ -16.538059347764353, 28.021177609915792 ], [ -16.538059347764158, 28.021177609915814 ], [ -16.474726847705416, 28.080827109971093 ] ] ], [ [ [ -14.32374984570194, 28.048404609941201 ], [ -14.281663845663008, 28.082500109972742 ], [ -14.281663845662763, 28.082500109972955 ], [ -14.281663845662244, 28.08250010997342 ], [ -14.243613845627337, 28.117636610005583 ], [ -14.243613845627191, 28.117636610005757 ], [ -14.225836845611179, 28.143891110029465 ], [ -14.225836845610729, 28.143891110030154 ], [ -14.211945845597825, 28.159164110044344 ], [ -14.200554845587192, 28.1691641100536 ], [ -14.098054845491788, 28.200554110082919 ], [ -14.068890845464466, 28.208327110090124 ], [ -14.060187859730469, 28.209989757674371 ], [ -14.04999984544699, 28.21193611009349 ], [ -14.037181093266817, 28.212846255800539 ], [ -14.030281845428647, 28.213336110094758 ], [ -14.011390845411029, 28.215273110096575 ], [ -14.011390845410686, 28.215273110096629 ], [ -13.946736345350796, 28.227709110108201 ], [ -13.946736345350621, 28.227709110108325 ], [ -13.926390845331907, 28.245136610124376 ], [ -13.926390845331728, 28.245136610124593 ], [ -13.90416384531213, 28.281391110156505 ], [ -13.904163845311132, 28.281391110158211 ], [ -13.884726845293017, 28.326109110199923 ], [ -13.860836845270796, 28.382218110252154 ], [ -13.826390845238734, 28.535273110394598 ], [ -13.826390845238382, 28.535273110397018 ], [ -13.819863845232691, 28.584022610438883 ], [ -13.819863845232566, 28.584022610440904 ], [ -13.821390845233941, 28.622773110474881 ], [ -13.821390845234021, 28.622773110476203 ], [ -13.828054845240331, 28.686945110535817 ], [ -13.832917845244708, 28.706109110553768 ], [ -13.844163845255309, 28.726945110573183 ], [ -13.86778184527725, 28.749582110594304 ], [ -13.888054845296145, 28.756109110600388 ], [ -13.919172845325051, 28.751109110595607 ], [ -13.943608845347882, 28.742081610587277 ], [ -14.007845345407645, 28.701800110549783 ], [ -14.008269592646679, 28.680017465656668 ], [ -14.007781845407578, 28.676109110525772 ], [ -14.009163845408921, 28.663054110513542 ], [ -14.019163845418234, 28.63639111048883 ], [ -14.050836845447691, 28.56471811042195 ], [ -14.071763512133904, 28.531942110391544 ], [ -14.08222684547701, 28.515554110376328 ], [ -14.139445845530275, 28.434164110300415 ], [ -14.193336845580404, 28.321945110195941 ], [ -14.203890845590252, 28.288886110165123 ], [ -14.203800991553601, 28.264019996561604 ], [ -14.203336845589718, 28.258054110136527 ], [ -14.203754845590115, 28.251249610130991 ], [ -14.203754845590112, 28.251249610130117 ], [ -14.203754845590185, 28.251249610129872 ], [ -14.20417284559062, 28.244445110123706 ], [ -14.211108845597096, 28.226109110106734 ], [ -14.253054845636086, 28.182782110066398 ], [ -14.257081845639584, 28.179445610063446 ], [ -14.25708184563976, 28.179445610063269 ], [ -14.257081845640016, 28.179445610063091 ], [ -14.261108845643548, 28.176109110060111 ], [ -14.311254845690314, 28.141527110027994 ], [ -14.332672975697498, 28.131059260683202 ], [ -14.353608845729724, 28.12082711000869 ], [ -14.414308845786167, 28.096527109986013 ], [ -14.444172845814093, 28.069164109960568 ], [ -14.405556967181326, 28.056231408529545 ], [ -14.386108845759935, 28.049718109942489 ], [ -14.379208235392452, 28.049004608214961 ], [ -14.345836845722431, 28.045554109938507 ], [ -14.345836845722365, 28.0455541099385 ], [ -14.32374984570194, 28.048404609941201 ] ] ], [ [ [ -17.791145848931194, 28.504827110366207 ], [ -17.783336848923852, 28.529164110389004 ], [ -17.758890848901103, 28.562500110420004 ], [ -17.753401178441472, 28.57510452520447 ], [ -17.739172848882845, 28.607773110462176 ], [ -17.716526848861637, 28.743327110588371 ], [ -17.761945348903893, 28.821386110660974 ], [ -17.761945348904007, 28.821386110661127 ], [ -17.787918348928027, 28.841318110679598 ], [ -17.78791834892823, 28.841318110679673 ], [ -17.906808849038896, 28.848191110686116 ], [ -17.947226849076486, 28.825000110664433 ], [ -17.966754153452111, 28.812899371392575 ], [ -17.972781849100329, 28.809164110649647 ], [ -17.972781849100617, 28.809164110649245 ], [ -18.000554849126218, 28.769027610612341 ], [ -18.00291784912838, 28.749718110594387 ], [ -17.981877349108771, 28.733259110579041 ], [ -17.981877349108714, 28.733259110578974 ], [ -17.976672849104034, 28.730273110576206 ], [ -17.961672849090156, 28.710282110557795 ], [ -17.961672849090036, 28.710282110557657 ], [ -17.876390849010591, 28.554718110412765 ], [ -17.874618349008927, 28.545831610404463 ], [ -17.872845849007263, 28.536945110396175 ], [ -17.870554849005202, 28.506382110367781 ], [ -17.870554849005185, 28.506382110367724 ], [ -17.856320848991885, 28.472704860336435 ], [ -17.833617848970789, 28.453191110318087 ], [ -17.791145848931194, 28.504827110366207 ] ] ], [ [ [ -13.60972684503696, 28.926391110758871 ], [ -13.587127841628988, 28.937824918868383 ], [ -13.541663844973584, 28.960827110791001 ], [ -13.507499844941776, 28.978609110807611 ], [ -13.48347284491939, 28.995282110823098 ], [ -13.468890844905786, 29.013609110840207 ], [ -13.426945844866623, 29.165273110981445 ], [ -13.42139084486155, 29.205554111018831 ], [ -13.44249984488124, 29.231664111043116 ], [ -13.472781844909377, 29.242500111053289 ], [ -13.590699845019088, 29.138609110956637 ], [ -13.590699845019108, 29.138609110956629 ], [ -13.590699845019117, 29.138609110956622 ], [ -13.636945845062314, 29.123054110942007 ], [ -13.674260845097043, 29.108793777595434 ], [ -13.7488908451665, 29.080273110902255 ], [ -13.791663845206386, 29.052500110876267 ], [ -13.829031845241133, 29.001668110828959 ], [ -13.852217845262743, 28.906391110740259 ], [ -13.819445845232224, 28.856109110693424 ], [ -13.771250345187378, 28.843191110681445 ], [ -13.769445845185658, 28.848609110686425 ], [ -13.733054845151742, 28.900273110734645 ], [ -13.722363845141842, 28.908191110741939 ], [ -13.697499845118671, 28.916945110750021 ], [ -13.681945845104224, 28.919300110752317 ], [ -13.656663845080686, 28.913191110746538 ], [ -13.60972684503696, 28.926391110758871 ] ] ], [ [ [ 1.587363169116543, 38.669854119833246 ], [ 1.575418169105376, 38.689582119851536 ], [ 1.513927500649824, 38.713924932428363 ], [ 1.445282168984136, 38.741100119899585 ], [ 1.399163168941215, 38.73778211989648 ], [ 1.383054168926236, 38.718054119878175 ], [ 1.383331668926445, 38.688468119850597 ], [ 1.387409168930304, 38.649718119814409 ], [ 1.430750368631171, 38.673110790816992 ], [ 1.443891168982873, 38.682782119845285 ], [ 1.459863168997742, 38.686245119848479 ], [ 1.494445169029859, 38.67555411983858 ], [ 1.499863669034994, 38.672499619835691 ], [ 1.505282169040129, 38.669445119832801 ], [ 1.522709169056327, 38.655691119819949 ], [ 1.522709169057157, 38.655691119819913 ], [ 1.56458666909532, 38.654509119818954 ], [ 1.587363169116543, 38.669854119833246 ] ] ], [ [ [ 1.37194516891585, 38.830827119983049 ], [ 1.405836168947417, 38.845554119996791 ], [ 1.531663169064586, 38.951945120095843 ], [ 1.615000169142093, 39.028327120167035 ], [ 1.615000169142016, 39.028327120167724 ], [ 1.606040669133904, 39.087632120222281 ], [ 1.545836169078034, 39.118045120250528 ], [ 1.545836169077859, 39.118045120250599 ], [ 1.545259727196175, 39.118051344180863 ], [ 1.519718169053476, 39.118327120250839 ], [ 1.472782169009747, 39.105273120238692 ], [ 1.439335139870603, 39.095416312717788 ], [ 1.36250016890705, 39.072773120208467 ], [ 1.329163168875994, 39.055273120192098 ], [ 1.298886168847815, 39.035000120173279 ], [ 1.24250016879526, 38.968045120110972 ], [ 1.227782168781687, 38.948054120092223 ], [ 1.21194516876682, 38.898327120046012 ], [ 1.21722266877174, 38.886245620034742 ], [ 1.222500168776662, 38.87416412002348 ], [ 1.231851502118711, 38.869718453352654 ], [ 1.250554168802807, 38.860827120011038 ], [ 1.273891168824491, 38.878882120027868 ], [ 1.349582168894983, 38.8697181200194 ], [ 1.35458216889966, 38.866245620016151 ], [ 1.354582168899697, 38.866245620016144 ], [ 1.354582168899743, 38.866245620016095 ], [ 1.359582168904353, 38.862773120012889 ], [ 1.368054168911929, 38.851109120002384 ], [ 1.368054168912238, 38.851109120002036 ], [ 1.37194516891585, 38.830827119983049 ] ] ], [ [ [ 3.180836170600486, 39.759991120848525 ], [ 3.139927170562487, 39.78694512087354 ], [ 3.137455932575446, 39.790979199005989 ], [ 3.124445170548029, 39.812218120897114 ], [ 3.091809170517593, 39.897500120976588 ], [ 3.071391170498487, 39.921945120999339 ], [ 3.009454975144775, 39.913917987402982 ], [ 2.987782170420729, 39.911109120989181 ], [ 2.921378827335599, 39.890115862176025 ], [ 2.777782170225066, 39.844718120927325 ], [ 2.683891170137656, 39.793882120879971 ], [ 2.538609170002417, 39.700273120792772 ], [ 2.38610916986039, 39.612782120711387 ], [ 2.364163169839941, 39.555827120658293 ], [ 2.389163169863309, 39.524991120629693 ], [ 2.43694516990777, 39.521664120626554 ], [ 2.544445170007748, 39.522500120627342 ], [ 2.667291170122155, 39.561727120663818 ], [ 2.667291170122161, 39.561727120663818 ], [ 2.667291170122212, 39.561727120663832 ], [ 2.694445170147418, 39.551936120654673 ], [ 2.722126879491733, 39.533581654944498 ], [ 2.734027170184333, 39.525691120630256 ], [ 2.736377794801486, 39.521164010726054 ], [ 2.747782170197269, 39.499200120605693 ], [ 2.738848660954125, 39.487521343972084 ], [ 2.727782170178677, 39.47305412058126 ], [ 2.749791170199187, 39.400754120513888 ], [ 2.791663170238166, 39.363745120479393 ], [ 2.813120393551803, 39.357876030018929 ], [ 2.829718170273424, 39.353336120469706 ], [ 2.985554170418624, 39.318600120437452 ], [ 3.029163170459213, 39.283054120404259 ], [ 3.060282170488307, 39.263336120385901 ], [ 3.081945170508448, 39.273045120395011 ], [ 3.241945170657459, 39.36443612048005 ], [ 3.266945170680685, 39.412773120525131 ], [ 3.271017495189656, 39.423330991736528 ], [ 3.288054170700434, 39.467500120576119 ], [ 3.305554170716619, 39.502218120608291 ], [ 3.320282170730366, 39.520554120625491 ], [ 3.326113670735795, 39.523468120628181 ], [ 3.326113670735822, 39.523468120628209 ], [ 3.374582170781025, 39.550973120653865 ], [ 3.424900224554051, 39.612595795465673 ], [ 3.447500170848912, 39.640273120736936 ], [ 3.46360917086389, 39.661382120756571 ], [ 3.480000170879123, 39.716382120807737 ], [ 3.439718170841672, 39.750273120839381 ], [ 3.414243252411288, 39.760588189855383 ], [ 3.382782170788573, 39.773327120860912 ], [ 3.356945670764532, 39.769263620857146 ], [ 3.33110917074049, 39.765200120853365 ], [ 3.293336170705288, 39.745827120835315 ], [ 3.267918170681583, 39.735691120825834 ], [ 3.252671668124298, 39.735506877008547 ], [ 3.244582170659839, 39.735409120825622 ], [ 3.244582170659802, 39.735409120825636 ], [ 3.244582170659783, 39.735409120825636 ], [ 3.225055650979472, 39.742939019278595 ], [ 3.180836170600486, 39.759991120848525 ] ] ], [ [ [ 4.308409805550879, 39.89284475545346 ], [ 4.273336171617984, 39.961391121036002 ], [ 4.254125530058787, 39.980765935553286 ], [ 4.241391171588248, 39.993609121065987 ], [ 4.174445171525804, 40.05028212111884 ], [ 4.122500171477441, 40.056109121124194 ], [ 4.031407906372717, 40.057474520319531 ], [ 3.937500171305203, 40.058882121126771 ], [ 3.868336171240742, 40.058054121126133 ], [ 3.84068892989279, 40.055279086522773 ], [ 3.833745171208619, 40.054582121122735 ], [ 3.796945171174343, 40.017218121087978 ], [ 3.826663171202085, 39.92249112099978 ], [ 3.853755794113376, 39.921424137608369 ], [ 3.88298217125444, 39.920273120997606 ], [ 3.917636171286591, 39.927495621004446 ], [ 3.924163171292889, 39.929164121006011 ], [ 3.938336171305934, 39.93249112100915 ], [ 3.965554171331348, 39.933609121010193 ], [ 3.98471817134913, 39.930273121007019 ], [ 4.028609171390144, 39.920000120997429 ], [ 4.041109171401786, 39.915554120993363 ], [ 4.082218171439933, 39.897354120976388 ], [ 4.08590017144341, 39.892495120971851 ], [ 4.085900171443456, 39.89249512097183 ], [ 4.100836171457388, 39.877773120958182 ], [ 4.116391171471832, 39.868327120949345 ], [ 4.182081683800469, 39.840197823538432 ], [ 4.238336171585416, 39.816109120900762 ], [ 4.268127171613173, 39.808054620893174 ], [ 4.293400171636612, 39.809927120894969 ], [ 4.293400171636733, 39.809927120894997 ], [ 4.293400171636943, 39.809927120895225 ], [ 4.315418171657193, 39.839022620922087 ], [ 4.315418171657228, 39.839022620922258 ], [ 4.315554171657368, 39.878882120959176 ], [ 4.308409805550879, 39.89284475545346 ] ] ], [ [ [ -1.780872834020442, 43.359927124201192 ], [ -1.786045834025341, 43.390409124229485 ], [ -1.810321754405032, 43.38590520474191 ], [ -1.839163834074668, 43.380554124220339 ], [ -1.974717834200987, 43.332500124175624 ], [ -2.121945834338106, 43.296664124142239 ], [ -2.133056040099346, 43.295173046540768 ], [ -2.163336834376651, 43.291109124137165 ], [ -2.29555483449974, 43.296109124141765 ], [ -2.350972834551442, 43.305136124150067 ], [ -2.458472834651559, 43.337918124180703 ], [ -2.487636834678653, 43.358882124200193 ], [ -2.510554834700031, 43.377636124217645 ], [ -2.565281834751033, 43.390273124229395 ], [ -2.735554834909578, 43.426382124263 ], [ -2.775559403159268, 43.428537243194434 ], [ -2.807781834976851, 43.430273124266634 ], [ -2.856390835022069, 43.432782124269067 ], [ -2.934581835094862, 43.435691124271727 ], [ -2.986939107380858, 43.395324267091276 ], [ -3.002499835158159, 43.383327124222959 ], [ -3.022217835176519, 43.357500124198836 ], [ -3.088314163054993, 43.355473567629105 ], [ -3.150590835296157, 43.353564124195202 ], [ -3.224717835365141, 43.396945124235572 ], [ -3.325281835458838, 43.418327124255541 ], [ -3.451390835576262, 43.465554124299558 ], [ -3.549863835667963, 43.506936124338154 ], [ -3.585554835701259, 43.510273124341211 ], [ -3.766390835869572, 43.46999112430376 ], [ -3.787499835889264, 43.489582124321942 ], [ -3.810281835910513, 43.492491124324602 ], [ -3.944717836035636, 43.46777312430163 ], [ -4.051390836134942, 43.442500124278013 ], [ -4.095827211338591, 43.426050698332837 ], [ -4.121945836200752, 43.416382124253801 ], [ -4.141381966700101, 43.412462877970249 ], [ -4.218336836290518, 43.396945124235572 ], [ -4.273054836341544, 43.390545124229732 ], [ -4.31555483638104, 43.390545124229732 ], [ -4.315554836381068, 43.390545124229732 ], [ -4.330013935210884, 43.391948984345809 ], [ -4.389999836450414, 43.397773124236423 ], [ -4.403467795917957, 43.399282538093452 ], [ -4.424717836482728, 43.401664124240028 ], [ -4.424717836483198, 43.401664124240028 ], [ -4.507831836560115, 43.398727124237382 ], [ -4.50783183656014, 43.398727124237382 ], [ -4.514554836566447, 43.396345124235154 ], [ -4.594717836641053, 43.403054124241351 ], [ -4.647081836689779, 43.407636124245471 ], [ -4.73333683677015, 43.41916412425644 ], [ -4.753754836789142, 43.4256911242623 ], [ -4.881945836908585, 43.448609124283792 ], [ -4.94760446005462, 43.456979336506905 ], [ -4.979999836999895, 43.461109124295419 ], [ -5.001184486586587, 43.463572268613873 ], [ -5.056390837071035, 43.46999112430376 ], [ -5.15384465613118, 43.475597075545878 ], [ -5.202572837207128, 43.478400124311563 ], [ -5.218509337222002, 43.486977124319566 ], [ -5.234445837236876, 43.495554124327555 ], [ -5.246804837248362, 43.506940624338085 ], [ -5.259163837259848, 43.518327124348602 ], [ -5.278448919688379, 43.528676785251918 ], [ -5.279863837279183, 43.52943612435898 ], [ -5.398054837389282, 43.552500124380458 ], [ -5.459717837446647, 43.553891124381835 ], [ -5.548890837529711, 43.552218124380204 ], [ -5.577509380785242, 43.551311457608698 ], [ -5.609999837586571, 43.550282124378484 ], [ -5.645836837619953, 43.544991124373595 ], [ -5.661805338908356, 43.544922031594119 ], [ -5.67749983764952, 43.544854124373444 ], [ -5.733336837701472, 43.576382124402812 ], [ -5.753608837720378, 43.590409124415885 ], [ -5.778608837743604, 43.617218124440797 ], [ -5.854163837814034, 43.648045124469547 ], [ -5.883336837841085, 43.623327124446405 ], [ -5.944726837898315, 43.593891124419073 ], [ -6.028133999237657, 43.576037882287856 ], [ -6.07583683802045, 43.565827124392968 ], [ -6.101808838044576, 43.561800124389094 ], [ -6.295836838225341, 43.569445124396225 ], [ -6.342781838269104, 43.556936124384549 ], [ -6.481390838398113, 43.554991124382809 ], [ -6.600836838509395, 43.558327124385983 ], [ -6.766663838663874, 43.567773124394648 ], [ -6.943336838828316, 43.577773124404018 ], [ -6.999445838880604, 43.560827124388197 ], [ -7.019163838898976, 43.539718124368605 ], [ -7.04481783892291, 43.490400124322662 ], [ -7.044817838922903, 43.490400124322733 ], [ -7.044817838922938, 43.490400124322662 ], [ -7.038472838917017, 43.55027312437845 ], [ -7.204717839071748, 43.564854124392056 ], [ -7.218933119436547, 43.563975460999437 ], [ -7.247363839111529, 43.562218124389574 ], [ -7.295972839156832, 43.596109124421218 ], [ -7.333472839191757, 43.6386091244608 ], [ -7.363608839219864, 43.674164124493871 ], [ -7.463608839312997, 43.726391124542488 ], [ -7.516663839362366, 43.734445124550007 ], [ -7.685554839519675, 43.748600124563211 ], [ -7.6877546176697, 43.748537905644561 ], [ -7.724445839555813, 43.747500124562066 ], [ -7.761371209703593, 43.737771817086276 ], [ -7.802499839628553, 43.726936124542988 ], [ -7.812240861868646, 43.724459466344477 ], [ -7.850554839673293, 43.714718124531601 ], [ -7.858263839680433, 43.764300124577744 ], [ -7.898054839717588, 43.76416412457769 ], [ -8.006672839818719, 43.70389112452149 ], [ -8.265554840059821, 43.552773124380664 ], [ -8.312925022578378, 43.442865472361454 ], [ -8.32972684011952, 43.403882124241989 ], [ -8.372990588265447, 43.392948083129667 ], [ -8.405554840190149, 43.384718124224193 ], [ -8.657499840424833, 43.303327124148367 ], [ -8.695418340460094, 43.289718124135774 ], [ -8.695418340460149, 43.289718124135774 ], [ -8.701390840465706, 43.287218124133403 ], [ -8.724163840486881, 43.291109124137165 ], [ -8.782781840541531, 43.303054124148161 ], [ -8.824445840580324, 43.32721812417077 ], [ -8.876390840628687, 43.319718124163771 ], [ -8.913336340663108, 43.306663624151582 ], [ -8.950281840697528, 43.29360912413938 ], [ -8.963890840710206, 43.286109124132395 ], [ -8.977499840722878, 43.278609124125403 ], [ -8.944026840691663, 43.23500012408482 ], [ -8.944026840691672, 43.23500012408482 ], [ -8.944026840691663, 43.235000124084806 ], [ -8.989654340734148, 43.219445624070318 ], [ -9.035281840776634, 43.203891124055815 ], [ -9.089445840827068, 43.190554124043331 ], [ -9.132081840866817, 43.196173124048698 ], [ -9.161611269523897, 43.188057531834865 ], [ -9.169726840901802, 43.185827124038951 ], [ -9.186799075530558, 43.172208119724516 ], [ -9.208199840937652, 43.155136124010426 ], [ -9.259163840985138, 43.047218123909943 ], [ -9.293336841016894, 42.922491123793741 ], [ -9.287360092663127, 42.920715920333087 ], [ -9.263890840989546, 42.913745123785603 ], [ -9.188199840919054, 42.951245123820598 ], [ -9.162781840895349, 42.925827123796907 ], [ -9.143890840877731, 42.893327123766525 ], [ -9.124445840859664, 42.840000123716962 ], [ -9.124445840859666, 42.840000123716955 ], [ -9.124445840859664, 42.840000123716948 ], [ -9.125314891542006, 42.835596940893531 ], [ -9.132381840866941, 42.799791123679512 ], [ -9.123336840858599, 42.768882123650727 ], [ -9.105836840842272, 42.752491123635508 ], [ -9.086672840824573, 42.740273123623979 ], [ -9.036578213725534, 42.763444712191365 ], [ -9.008608840751862, 42.776382123657726 ], [ -8.928480458851423, 42.787303774469642 ], [ -8.915836840665293, 42.789027123669428 ], [ -8.9158368406653, 42.78902712366942 ], [ -8.915836840665264, 42.789027123669428 ], [ -9.006390840749617, 42.720836123605935 ], [ -9.022499840764794, 42.699582123586069 ], [ -9.026575401474679, 42.689997372771195 ], [ -9.034726840776102, 42.670827123559263 ], [ -9.039860234481027, 42.656591123220473 ], [ -9.056663840796517, 42.609991123502695 ], [ -9.061074216770358, 42.581482759237737 ], [ -9.061390840800923, 42.579436123474252 ], [ -9.02937284077106, 42.524164123422921 ], [ -8.995554840739715, 42.532491123430674 ], [ -8.937426840685589, 42.600345123493824 ], [ -8.929131840677826, 42.613572623506116 ], [ -8.920836840670063, 42.626800123518422 ], [ -8.851390840605404, 42.661109123550318 ], [ -8.720499840483512, 42.698491123585143 ], [ -8.720499840483512, 42.698491123585136 ], [ -8.720499840483484, 42.698491123585143 ], [ -8.71971784048273, 42.675282123563576 ], [ -8.746945840508118, 42.638054123528875 ], [ -8.778890840537883, 42.596109123489896 ], [ -8.811808840568574, 42.576036123471113 ], [ -8.831872840587238, 42.549164123446133 ], [ -8.80971784056652, 42.519436123418444 ], [ -8.814445840570926, 42.491664123392539 ], [ -8.824539245983896, 42.477813005998129 ], [ -8.836108840591237, 42.461936123364808 ], [ -8.868608840621448, 42.459791123362834 ], [ -8.868608840621439, 42.459791123362862 ], [ -8.868608840621448, 42.459791123362862 ], [ -8.860726840614127, 42.487418123388466 ], [ -8.886078585867244, 42.497417536253337 ], [ -8.888754840640132, 42.498473123398853 ], [ -8.906108840656344, 42.475136123377169 ], [ -8.880554840632612, 42.421664123327332 ], [ -8.840836840595557, 42.39139112329913 ], [ -8.780417840539258, 42.396954123304312 ], [ -8.763414421082704, 42.40492041225982 ], [ -8.746945840508147, 42.412636123318975 ], [ -8.713333402808027, 42.429165638091682 ], [ -8.696108840460823, 42.437636123342173 ], [ -8.662866636786763, 42.4294394269712 ], [ -8.656108840423542, 42.42777312333294 ], [ -8.656108840423549, 42.427773123332933 ], [ -8.656108840423514, 42.427773123332926 ], [ -8.671945840438298, 42.414445123320661 ], [ -8.692217840457118, 42.400836123307897 ], [ -8.793608840551627, 42.337773123249107 ], [ -8.821945840577939, 42.328327123240427 ], [ -8.852781840606696, 42.296109123210456 ], [ -8.864863840617915, 42.249645123167056 ], [ -8.861127344900629, 42.249842470131874 ], [ -8.79410884055207, 42.253382123170553 ], [ -8.775782283170464, 42.256566907817799 ], [ -8.760836840521051, 42.259164123176106 ], [ -8.683608840449153, 42.279718123195039 ], [ -8.653299840420914, 42.302736123216619 ], [ -8.625972840395491, 42.345273123256106 ], [ -8.615818697255724, 42.348532082067749 ], [ -8.599999840371254, 42.353609123264064 ], [ -8.579863840352573, 42.349018123259725 ], [ -8.644163840412375, 42.288327123203203 ], [ -8.722781840485471, 42.240273123158396 ], [ -8.722781840485595, 42.240273123158289 ], [ -8.751854507179322, 42.224273123143497 ], [ -8.766390840526185, 42.216273123136091 ], [ -8.781205326120201, 42.206497682522695 ], [ -8.810836840567561, 42.186945123108643 ], [ -8.897499840648379, 42.110554123037602 ], [ -8.897262597449778, 42.105972763463647 ], [ -8.888336840639766, 41.933609122872824 ], [ -8.875136840627508, 41.879509122822377 ], [ -8.84804584060231, 41.899582122841139 ], [ -8.830159094986325, 41.911247563993072 ], [ -8.816445840572896, 41.920191122860402 ], [ -8.816445840572641, 41.920191122860409 ], [ -8.783890840542483, 41.922773122862623 ], [ -8.764999840524979, 41.935000122874044 ], [ -8.750383269457945, 41.947795380423656 ], [ -8.743095340504482, 41.960168122897571 ], [ -8.639999840408535, 42.045273122976766 ], [ -8.613890840384158, 42.056382122987145 ], [ -8.518054840294951, 42.083045123011971 ], [ -8.473608840253604, 42.084718123013616 ], [ -8.446108840227993, 42.084718123013616 ], [ -8.31055484010173, 42.103609123031148 ], [ -8.251945840047057, 42.138609123063745 ], [ -8.197836839996739, 42.150673123074895 ], [ -8.083754839890446, 42.060482122990905 ], [ -8.084654839891272, 42.022982122956094 ], [ -8.102226839907672, 42.010964122944756 ], [ -8.134726839937883, 41.998882122933622 ], [ -8.165281839966411, 41.974445122910808 ], [ -8.208754840006861, 41.928745122868278 ], [ -8.21833684001578, 41.907491122848498 ], [ -8.193681839992848, 41.873400122816761 ], [ -8.165490839966566, 41.858609122803003 ], [ -8.162736339963999, 41.822341122769231 ], [ -8.136108839939169, 41.80916412275694 ], [ -8.08778183989412, 41.809436122757148 ], [ -8.061281839869537, 41.817395622764607 ], [ -8.035281839845311, 41.827218122773786 ], [ -7.92666383974418, 41.877773122820827 ], [ -7.876663839697585, 41.852636122797392 ], [ -7.858054839680193, 41.860000122804237 ], [ -7.759445839588409, 41.897500122839233 ], [ -7.692781839526361, 41.903882122845033 ], [ -7.598054839438163, 41.865273122809143 ], [ -7.609163839448428, 41.835691122781526 ], [ -7.418608839271059, 41.822773122769618 ], [ -7.331108839189568, 41.84499112279029 ], [ -7.268336839131052, 41.863609122807617 ], [ -7.203950339071042, 41.883722622826369 ], [ -7.186945839055227, 41.898327122839973 ], [ -7.178608839047541, 41.93159112287087 ], [ -7.184999839053461, 41.977354122913653 ], [ -7.131181839003318, 41.993809122928837 ], [ -7.098890838973176, 41.983609122919418 ], [ -7.075836838951744, 41.959164122896652 ], [ -7.056108838933426, 41.951109122889122 ], [ -7.008754838889303, 41.954582122892347 ], [ -6.982845838865131, 41.973864122910342 ], [ -6.940417838825539, 41.951109122889122 ], [ -6.906108838793699, 41.944718122883202 ], [ -6.697217838599073, 41.936664122875655 ], [ -6.602290838510754, 41.949164122887268 ], [ -6.54860883846078, 41.921945122861999 ], [ -6.528054838441619, 41.839436122785145 ], [ -6.547499838459686, 41.765000122715819 ], [ -6.54562683845802, 41.687009122643133 ], [ -6.50180883841719, 41.659436122617521 ], [ -6.460972838379121, 41.6706911226279 ], [ -6.429445838349721, 41.680000122636613 ], [ -6.347217838273139, 41.672218122629374 ], [ -6.303608838232549, 41.663327122621141 ], [ -6.256108838188339, 41.640409122599664 ], [ -6.190454838127181, 41.579636122543135 ], [ -6.21229083814751, 41.53652712250306 ], [ -6.295836838225341, 41.436100122409513 ], [ -6.357781838283017, 41.380554122357722 ], [ -6.438054838357715, 41.318882122300337 ], [ -6.510281838425016, 41.265000122250157 ], [ -6.558336838469756, 41.24221812222892 ], [ -6.589163838498422, 41.24193612222868 ], [ -6.618054838525438, 41.246382122232745 ], [ -6.643890838549424, 41.244718122231305 ], [ -6.688472838591025, 41.210273122199155 ], [ -6.753336838651393, 41.136664122130568 ], [ -6.754308838652321, 41.107491122103497 ], [ -6.774445838671085, 41.070691122069221 ], [ -6.805554838700061, 41.045554122045687 ], [ -6.841663838733638, 41.030136122031379 ], [ -6.927481838813577, 41.023259122025038 ], [ -6.891390838779955, 40.974718121979691 ], [ -6.862917838753418, 40.952636121959173 ], [ -6.801736838696513, 40.857009121870135 ], [ -6.819445838712966, 40.73332712175494 ], [ -6.796108838691197, 40.524436121560399 ], [ -6.815554838709346, 40.387773121433057 ], [ -6.831108838723821, 40.317218121367404 ], [ -6.862299838752904, 40.271518121324874 ], [ -6.878336838767808, 40.2618001213159 ], [ -6.910281838797573, 40.256382121310807 ], [ -6.946526838831318, 40.258982121313124 ], [ -7.008336838888823, 40.22680012128329 ], [ -7.027217838906409, 40.187773121246835 ], [ -7.008890838889357, 40.132773121195626 ], [ -6.982636838864977, 40.119164121183033 ], [ -6.946945838831709, 40.113191121177323 ], [ -6.928890838814851, 40.101664121166635 ], [ -6.882499838771736, 40.044164121113212 ], [ -6.870690838760623, 40.01597312108693 ], [ -6.989717838871513, 39.724718120815538 ], [ -7.017217838897125, 39.675000120769354 ], [ -7.052872838930369, 39.663754120758838 ], [ -7.157708839028004, 39.660345120755665 ], [ -7.20555483907259, 39.667218120762115 ], [ -7.263608839126647, 39.672082120766575 ], [ -7.307217839167237, 39.656664120752183 ], [ -7.332845839191179, 39.645273120741564 ], [ -7.411108839264074, 39.648745120744806 ], [ -7.532508839377044, 39.669418120764021 ], [ -7.524999839370111, 39.636664120733585 ], [ -7.502781839349439, 39.602773120701968 ], [ -7.375690839231083, 39.493745120600565 ], [ -7.322781839181715, 39.388327120502282 ], [ -7.31360883917327, 39.344718120461692 ], [ -7.242781839107209, 39.213054120339052 ], [ -7.145836839016937, 39.113882120246686 ], [ -7.124863838997413, 39.106382120239687 ], [ -7.102781838976881, 39.104718120238246 ], [ -7.053263838930746, 39.119918120252279 ], [ -7.013190838893422, 39.111800120244766 ], [ -6.982781838865094, 39.091382120225688 ], [ -6.961108838844922, 39.056664120193503 ], [ -6.955872838840065, 39.023191120162181 ], [ -7.059999838937046, 38.860545120010769 ], [ -7.084163838959569, 38.835545119987557 ], [ -7.164163839034074, 38.781945119937618 ], [ -7.20735483907427, 38.749264119907167 ], [ -7.257154839120659, 38.723400119882996 ], [ -7.267217839129955, 38.703327119864383 ], [ -7.31708183917641, 38.444718119623573 ], [ -7.296526839157252, 38.431382119611101 ], [ -7.277636839139717, 38.41944511959997 ], [ -7.192217839060135, 38.320273119507604 ], [ -7.169717839039123, 38.284436119474307 ], [ -7.144999839016151, 38.246109119438572 ], [ -7.129999839002267, 38.225827119419719 ], [ -7.102217838976316, 38.189164119385595 ], [ -7.087781838962798, 38.177009119374205 ], [ -7.01680883889685, 38.193809119389783 ], [ -6.99333683887491, 38.20944511940435 ], [ -6.940659338825895, 38.213250119407959 ], [ -6.941526838826604, 38.170409119368031 ], [ -6.95166383883614, 38.140000119339774 ], [ -7.004026838884812, 38.031109119238337 ], [ -7.123608838996148, 38.009991119218711 ], [ -7.210836839077444, 37.996936119206481 ], [ -7.253545839117294, 37.983673119194094 ], [ -7.251945839115734, 37.959445119171519 ], [ -7.252781839116608, 37.930973119145079 ], [ -7.281663839143505, 37.865554119084095 ], [ -7.319999839179189, 37.815273119037329 ], [ -7.386945839241548, 37.769718118994888 ], [ -7.423054839275125, 37.743891118970751 ], [ -7.446945839297371, 37.699436118929441 ], [ -7.524445839369577, 37.552500118792508 ], [ -7.512536839358461, 37.528545118770296 ], [ -7.484726839332609, 37.498882118742699 ], [ -7.471390839320122, 37.481382118726287 ], [ -7.461390839310809, 37.45721811870385 ], [ -7.447217839297565, 37.418609118667874 ], [ -7.434717839285952, 37.366945118619753 ], [ -7.431854839283289, 37.253191118513769 ], [ -7.409445839262361, 37.201664118465871 ], [ -7.400594562665575, 37.188726204277721 ], [ -7.391390839245616, 37.175273118441282 ], [ -7.35639083921302, 37.175827118441816 ], [ -7.337499839195516, 37.187354118452504 ], [ -7.284717839146253, 37.204991118469025 ], [ -7.258608839122076, 37.208054118471807 ], [ -7.240279593332405, 37.210023923430221 ], [ -7.173336839042548, 37.217218118480233 ], [ -7.127226838999661, 37.220554118483406 ], [ -7.080281838955898, 37.217500118480658 ], [ -7.053336838930733, 37.213054118476407 ], [ -6.996836838878238, 37.191073118455904 ], [ -6.972226838855252, 37.177745118443639 ], [ -6.978717838861371, 37.212609118475996 ], [ -6.978717838861368, 37.212609118475996 ], [ -6.978717838861371, 37.21260911847601 ], [ -6.972454013244823, 37.215684863192322 ], [ -6.959926838843842, 37.221836118484703 ], [ -6.904726838792442, 37.165554118432226 ], [ -6.72583683862581, 37.09194511836364 ], [ -6.651878668107042, 37.055451215935932 ], [ -6.578890838488917, 37.019436118296156 ], [ -6.437527192927964, 36.919048029559981 ], [ -6.355554838281023, 36.860836118148427 ], [ -6.355554838281027, 36.86083611814842 ], [ -6.355554838280995, 36.860836118148399 ], [ -6.439445838359035, 36.741527118037283 ], [ -6.443608838362962, 36.718891118016217 ], [ -6.435440426301947, 36.699378547049903 ], [ -6.432499838352669, 36.692354117991442 ], [ -6.425547254911108, 36.680662568957224 ], [ -6.395208838317814, 36.629645117933151 ], [ -6.365136838289914, 36.616664117921005 ], [ -6.337226838263774, 36.620554117924726 ], [ -6.297499838226855, 36.613882117918379 ], [ -6.234445838168199, 36.578191117885083 ], [ -6.174717838112514, 36.514436117825895 ], [ -6.217636838152401, 36.468891117783386 ], [ -6.234078873149778, 36.464623796305695 ], [ -6.23721783817075, 36.463809117778737 ], [ -6.262217838193987, 36.475827117789869 ], [ -6.226945838161214, 36.404718117723533 ], [ -6.192641338129221, 36.354995617677247 ], [ -6.158336838097227, 36.305273117630975 ], [ -6.158336838096949, 36.305273117630684 ], [ -6.036638837983844, 36.184452117518546 ], [ -6.026313797162032, 36.184086173144181 ], [ -6.025554837973687, 36.184436117518487 ], [ -5.91486383787119, 36.180136117514415 ], [ -5.914863837870541, 36.180136117514394 ], [ -5.881808837839714, 36.162354117497941 ], [ -5.847217837807477, 36.127909117465791 ], [ -5.839999837800804, 36.119995617458414 ], [ -5.83278183779413, 36.112082117451052 ], [ -5.824722837786624, 36.101873117441585 ], [ -5.816663837779117, 36.091664117432131 ], [ -5.802217837765568, 36.077218117418681 ], [ -5.613608837589977, 36.006100117352453 ], [ -5.448890837436579, 36.052218117395284 ], [ -5.426045837415362, 36.07534511741683 ], [ -5.444581837432565, 36.138745117475935 ], [ -5.44458183743256, 36.138745117475942 ], [ -5.444581837432565, 36.138745117475963 ], [ -5.435036337423696, 36.156245117492261 ], [ -5.425490837414827, 36.173745117508588 ], [ -5.398201643967175, 36.177524796398615 ], [ -5.388336837380137, 36.178891117513345 ], [ -5.355799837349878, 36.163309117498798 ], [ -5.333922837329511, 36.167254617502486 ], [ -5.333336837328943, 36.17194511750688 ], [ -5.326108837322238, 36.197491117530717 ], [ -5.312499837309474, 36.231109117561914 ], [ -5.250411994800949, 36.323869030121024 ], [ -5.219163837222652, 36.370554117691896 ], [ -5.208943215157798, 36.379630694369858 ], [ -5.172636837179311, 36.411873117730238 ], [ -5.080136837093164, 36.446518117762594 ], [ -4.939999836962613, 36.491664117804589 ], [ -4.913890836938322, 36.498882117811377 ], [ -4.878054836904937, 36.500827117813117 ], [ -4.878054836904909, 36.500827117813117 ], [ -4.852499836881179, 36.500827117813117 ], [ -4.822917836853577, 36.497636117810217 ], [ -4.801736667747088, 36.492255495680837 ], [ -4.787917836821009, 36.488745117801841 ], [ -4.775262575273254, 36.487462626138509 ], [ -4.757781836792816, 36.485691117799064 ], [ -4.71152683674984, 36.488191117801279 ], [ -4.639717836682948, 36.508327117820109 ], [ -4.490136836543684, 36.615273117919799 ], [ -4.46194583651743, 36.655827117957529 ], [ -4.435554836492884, 36.697082117995933 ], [ -4.405523049643562, 36.717589660768219 ], [ -4.399863836459559, 36.721454118018499 ], [ -4.359726836422226, 36.717500118014996 ], [ -4.324717836389572, 36.710545118008497 ], [ -4.239717836310376, 36.713336118011 ], [ -4.170490836246017, 36.719864118017142 ], [ -4.127434604421942, 36.726222831433873 ], [ -4.024726836110091, 36.741391118037214 ], [ -3.848890835946378, 36.752491118047558 ], [ -3.816390835916167, 36.750000118045207 ], [ -3.785554835887496, 36.742491118038174 ], [ -3.725554835831588, 36.728609118025375 ], [ -3.694445835802583, 36.728336118024984 ], [ -3.690248450554505, 36.729052576839322 ], [ -3.672499835782162, 36.732082118028529 ], [ -3.63971783575164, 36.740554118036357 ], [ -3.634661501908056, 36.741325721650831 ], [ -3.601526835716015, 36.746382118041794 ], [ -3.529445835648971, 36.715827118013351 ], [ -3.48319083560591, 36.695554117994561 ], [ -3.459999835584313, 36.691936117991133 ], [ -3.425554835552248, 36.693609117992764 ], [ -3.359926835491137, 36.719509118016731 ], [ -3.336945835469692, 36.737218118033354 ], [ -3.259163835397203, 36.746936118042356 ], [ -3.239768837391744, 36.747701592952126 ], [ -3.230836835370752, 36.748054118043356 ], [ -3.129438241068465, 36.750180061529619 ], [ -3.124999835272206, 36.750273118045413 ], [ -3.124999835272189, 36.750273118045413 ], [ -3.124999835272178, 36.750273118045413 ], [ -2.923472835084482, 36.747354118042637 ], [ -2.892081835055336, 36.729164118025821 ], [ -2.88114350447226, 36.715895756681732 ], [ -2.873472835038058, 36.706591118004837 ], [ -2.768890834940578, 36.67832711797837 ], [ -2.74030197654651, 36.680383573335327 ], [ -2.722499834897405, 36.681664117981612 ], [ -2.692499834869523, 36.685273117984991 ], [ -2.644863834825164, 36.697773117996583 ], [ -2.611108834793697, 36.729582118026144 ], [ -2.598336834781776, 36.758609118053187 ], [ -2.584308834768649, 36.786527118079277 ], [ -2.566684421614827, 36.804242354627007 ], [ -2.557917834744103, 36.813054118103949 ], [ -2.519931834708729, 36.821522618111857 ], [ -2.481945834673354, 36.829991118119779 ], [ -2.414513834610574, 36.835268118124645 ], [ -2.347081834547794, 36.840545118129526 ], [ -2.291317834495885, 36.825618118115699 ], [ -2.231108834439652, 36.764445118058575 ], [ -2.217217834426833, 36.745554118041142 ], [ -2.192081834403382, 36.720409118017656 ], [ -2.122917834339034, 36.733464118029886 ], [ -2.105421964617392, 36.746664321541225 ], [ -2.061526834281835, 36.779782118072944 ], [ -2.058754834279227, 36.808054118099335 ], [ -1.992636834217706, 36.890000118175635 ], [ -1.932081834161238, 36.939309118221558 ], [ -1.90221783413341, 36.972218118252215 ], [ -1.846663834081767, 37.081936118354349 ], [ -1.82666383406314, 37.125000118394439 ], [ -1.823608834060224, 37.150836118418454 ], [ -1.813263834050531, 37.190418118455341 ], [ -1.794581834033238, 37.227491118489809 ], [ -1.684026833930261, 37.345973118600227 ], [ -1.643608833892586, 37.372773118625275 ], [ -1.638513333887886, 37.374818618627188 ], [ -1.633417833883186, 37.376864118629101 ], [ -1.567781833823136, 37.399718118649858 ], [ -1.567781833822011, 37.399718118650256 ], [ -1.509445833767643, 37.421945118671047 ], [ -1.497081833756141, 37.43027711867876 ], [ -1.484717833744639, 37.438609118686486 ], [ -1.467363833728541, 37.472354118717931 ], [ -1.448336833710755, 37.490964118735178 ], [ -1.350836833619951, 37.549436118789799 ], [ -1.350836833619939, 37.549436118789806 ], [ -1.350836833619923, 37.549436118789814 ], [ -1.327499833598239, 37.558054118797841 ], [ -1.238608833515428, 37.575273118813712 ], [ -1.147363798365594, 37.577139049858573 ], [ -1.048336833338226, 37.579164118817346 ], [ -1.026855890174662, 37.577852426580854 ], [ -0.977917833272613, 37.574864118813451 ], [ -0.95249983324901, 37.555827118795662 ], [ -0.939445279457008, 37.554288299367634 ], [ -0.918336833217069, 37.551800118791974 ], [ -0.888338224556982, 37.559049643328557 ], [ -0.744163833054927, 37.593891118831152 ], [ -0.723472833035714, 37.602218118838891 ], [ -0.702499833016194, 37.624445118859505 ], [ -0.708335357449884, 37.628999555454229 ], [ -0.721626833033952, 37.63937311887355 ], [ -0.759106131942898, 37.644192943286562 ], [ -0.786945833094734, 37.647773118881318 ], [ -0.786945833094757, 37.647773118881332 ], [ -0.786945833094762, 37.647773118881332 ], [ -0.809445833115774, 37.660973118893651 ], [ -0.858336833161275, 37.715545118944419 ], [ -0.85833683316127, 37.715545118944426 ], [ -0.858336833161275, 37.715545118944434 ], [ -0.852873378423847, 37.726657021243383 ], [ -0.841945833146042, 37.74888211897553 ], [ -0.801390833108144, 37.801382119024311 ], [ -0.801390833108002, 37.801382119024467 ], [ -0.760508833070195, 37.852695119072102 ], [ -0.759999833069685, 37.859436119078453 ], [ -0.750554833060846, 37.889718119106703 ], [ -0.678248938823168, 38.010799360475062 ], [ -0.656663832973493, 38.046945119253124 ], [ -0.648500373326384, 38.066973409240397 ], [ -0.600281832920928, 38.185273119381804 ], [ -0.511663832838394, 38.325000119512026 ], [ -0.379308832715139, 38.436245119615648 ], [ -0.31999983265996, 38.471527119648499 ], [ -0.294790215984776, 38.483924641421964 ], [ -0.294581832636226, 38.484027119660098 ], [ -0.272766157850714, 38.491751980835112 ], [ -0.145136832497087, 38.536945119709401 ], [ -0.052781832411029, 38.593327119761966 ], [ -0.012081832373099, 38.625554119791971 ], [ 0.014790667651965, 38.631799619797761 ], [ 0.041663167677029, 38.638045119803564 ], [ 0.135733522955844, 38.680871452083828 ], [ 0.14416316777244, 38.684709119846964 ], [ 0.16416316779106, 38.697491119859023 ], [ 0.207218167831059, 38.732209119891195 ], [ 0.215282167838552, 38.75804511991538 ], [ 0.19847316782301, 38.80374511995791 ], [ 0.174289594756473, 38.815472657254894 ], [ 0.147782167775773, 38.828327119980798 ], [ 0.077082167710017, 38.857627120008075 ], [ 0.05581267968359, 38.859178897492413 ], [ 0.048545167683301, 38.859709120009995 ], [ 0.008891167646311, 38.86220912001238 ], [ -0.041117832400232, 38.889209120037492 ], [ -0.064999832422416, 38.904991120052216 ], [ -0.092217832447773, 38.929718120075222 ], [ -0.143336832495379, 38.978336120120446 ], [ -0.182499832531903, 39.029164120167877 ], [ -0.194999832543544, 39.053600120190652 ], [ -0.241108832586406, 39.143882120274668 ], [ -0.337636832676367, 39.438054120548657 ], [ -0.337636832676365, 39.438054120548664 ], [ -0.337636832676367, 39.438054120548671 ], [ -0.336464164841692, 39.443818177643038 ], [ -0.326108832665625, 39.494718120601476 ], [ -0.317636832657683, 39.514854120620157 ], [ -0.179163832528729, 39.736109120826157 ], [ -0.153015811671024, 39.769936047287267 ], [ -0.111526832465699, 39.823609120907747 ], [ -0.084445832440565, 39.851391120933613 ], [ -0.03721783239655, 39.893327120972572 ], [ 0.032782167668699, 40.007764121079163 ], [ 0.047500167682301, 40.033736121103402 ], [ 0.213054167836447, 40.183600121242989 ], [ 0.258580282751298, 40.219382973104949 ], [ 0.280554167899481, 40.236654121292332 ], [ 0.312880160640891, 40.264008261516771 ], [ 0.356391167969946, 40.300827121352199 ], [ 0.458336168064932, 40.447218121488447 ], [ 0.458336168066276, 40.447218121490252 ], [ 0.519049668121508, 40.531309121566807 ], [ 0.519163168121679, 40.533882121569263 ], [ 0.541945168142718, 40.569164121602114 ], [ 0.589163168186872, 40.612782121642738 ], [ 0.610136168206225, 40.625000121654068 ], [ 0.61013616820623, 40.625000121654068 ], [ 0.610136168206253, 40.625000121654082 ], [ 0.632831636387945, 40.628278790188411 ], [ 0.696663168286932, 40.63750012166571 ], [ 0.734718168322331, 40.640000121668095 ], [ 0.734718168322322, 40.640000121668081 ], [ 0.73471816832236, 40.640000121668081 ], [ 0.709163168298716, 40.59583612162686 ], [ 0.699024471165734, 40.594511467149388 ], [ 0.621427168216957, 40.584373121616125 ], [ 0.636391168230801, 40.561800121595155 ], [ 0.663336151575282, 40.562739209953726 ], [ 0.664309168256864, 40.562773121596081 ], [ 0.689718168280535, 40.571664121604499 ], [ 0.857918168437095, 40.680273121705511 ], [ 0.873498712274444, 40.693084195976063 ], [ 0.885282168462652, 40.702773121726494 ], [ 0.889753309669158, 40.711855645801201 ], [ 0.896600168473242, 40.725764121747773 ], [ 0.876714328852525, 40.730847032422311 ], [ 0.870282168448654, 40.732491121754251 ], [ 0.84805416842795, 40.729436121751405 ], [ 0.73055416831852, 40.771109121790062 ], [ 0.703609168293383, 40.796873121814144 ], [ 0.70360916829339, 40.796873121814151 ], [ 0.703609168293383, 40.796873121814158 ], [ 0.899445168475779, 40.980273121984922 ], [ 0.904806819082795, 40.982570063033563 ], [ 0.924718168499339, 40.991100121995089 ], [ 0.939863168513455, 41.012082122014476 ], [ 0.964445168536372, 41.032773122033745 ], [ 0.993054168562935, 41.048045122048052 ], [ 1.032773626180857, 41.060413626386122 ], [ 1.039445168606193, 41.062491122061502 ], [ 1.083328687541076, 41.072802311011202 ], [ 1.205000168760421, 41.101391122097766 ], [ 1.322500168869851, 41.129436122123877 ], [ 1.49833616903345, 41.178600122169712 ], [ 1.531945169064841, 41.185000122175552 ], [ 1.54917777633677, 41.187209551147127 ], [ 1.616391169143526, 41.19582712218569 ], [ 1.633891169159824, 41.197495622187233 ], [ 1.651391169176122, 41.19916412218879 ], [ 1.675836169198874, 41.201664122191175 ], [ 1.701391169222688, 41.205554122194712 ], [ 1.761663169278847, 41.218609122206942 ], [ 1.89000016939832, 41.251109122237153 ], [ 1.959649400395569, 41.258417887600814 ], [ 2.005136169505619, 41.263191122248443 ], [ 2.054163169551288, 41.268609122253537 ], [ 2.065835935579589, 41.271827064288487 ], [ 2.078336169573731, 41.275273122259591 ], [ 2.11736316961003, 41.289300122272834 ], [ 2.151245169641584, 41.311945122293764 ], [ 2.164718169654122, 41.342500122322349 ], [ 2.247082169730902, 41.442427122415381 ], [ 2.267082169749472, 41.45985412243158 ], [ 2.267082169749494, 41.459854122431587 ], [ 2.2670821697495, 41.459854122431594 ], [ 2.537782170001663, 41.570273122534402 ], [ 2.549584848986065, 41.574371602811794 ], [ 2.557782170020232, 41.577218122540955 ], [ 2.605836170065004, 41.590827122553549 ], [ 2.676663170130951, 41.61278212257406 ], [ 2.706523419167004, 41.623537427887136 ], [ 2.717500170169046, 41.627491122587756 ], [ 2.837487599263218, 41.677466107491938 ], [ 2.937427170373837, 41.719091122673035 ], [ 3.011945170443198, 41.773045122723317 ], [ 3.12360917054724, 41.848609122793619 ], [ 3.175282170595324, 41.867491122811202 ], [ 3.188192166730869, 41.879863304392487 ], [ 3.201663170620009, 41.892773122834654 ], [ 3.220554170637456, 41.946936122885177 ], [ 3.211109170628674, 42.066518122996513 ], [ 3.179100170598929, 42.105964123033345 ], [ 3.157846296230205, 42.112972684888859 ], [ 3.146873170568966, 42.116591123043278 ], [ 3.146873170568958, 42.116591123043285 ], [ 3.146873170568938, 42.116591123043293 ], [ 3.117082170541153, 42.14443612306917 ], [ 3.111454170535751, 42.198818123119736 ], [ 3.118054170541996, 42.225127123144318 ], [ 3.154718170576245, 42.260136123176949 ], [ 3.170136170590553, 42.256109123173161 ], [ 3.18555417060486, 42.252082123169387 ], [ 3.213745170631142, 42.233745123152318 ], [ 3.256245078148392, 42.240714883936135 ], [ 3.26458217067858, 42.242082123160003 ], [ 3.283191170695773, 42.262909123179554 ], [ 3.317991170728191, 42.320482123233148 ], [ 3.273054170686464, 42.341945123253055 ], [ 3.257218601561854, 42.344521249388002 ], [ 3.226109170642644, 42.349582123260177 ], [ 3.200309170618652, 42.3449271232559 ], [ 3.168473170588982, 42.359718123269658 ], [ 3.159163170580371, 42.380691123289182 ], [ 3.169163170589627, 42.426109123331457 ], [ 3.169623699063484, 42.426689461886426 ], [ 3.171658372883485, 42.43563658300549 ], [ 3.106109170530885, 42.429164123334331 ], [ 3.084027170510353, 42.434718123339479 ], [ 3.047982170476729, 42.465964123368607 ], [ 2.950000170385493, 42.480554123382248 ], [ 2.724718170175805, 42.419445123325275 ], [ 2.67833617013261, 42.40166412330872 ], [ 2.657082170112744, 42.381936123290416 ], [ 2.670418170125146, 42.349582123260205 ], [ 2.533891169998043, 42.332909123244733 ], [ 2.477218169945189, 42.348191123258971 ], [ 2.440836169911393, 42.378473123287208 ], [ 2.332218169810176, 42.41805412332404 ], [ 2.273182169755245, 42.43560912334037 ], [ 2.14458216963547, 42.419300123325172 ], [ 2.123336169615555, 42.395764123303195 ], [ 2.09360916958795, 42.364164123273895 ], [ 2.062218169558719, 42.356945123267053 ], [ 2.020554169519897, 42.352636123262954 ], [ 1.9962451694972, 42.362500123272284 ], [ 1.972782169475408, 42.379436123288016 ], [ 1.959163169462869, 42.410827123317247 ], [ 1.906391169413581, 42.446936123350838 ], [ 1.851391169362358, 42.469991123372466 ], [ 1.780000169295931, 42.488327123389453 ], [ 1.723264919243064, 42.514611373413942 ], [ 1.657782169182155, 42.469582123372021 ], [ 1.537500169070086, 42.43666412334133 ], [ 1.512218169046463, 42.43638212334109 ], [ 1.451527168989969, 42.446245123350337 ], [ 1.424163168964611, 42.493327123394067 ], [ 1.421391168961918, 42.545827123442876 ], [ 1.434445168974065, 42.576382123471504 ], [ 1.44583616898467, 42.601945123495284 ], [ 1.417218168958044, 42.650836123540728 ], [ 1.390282168932913, 42.688327123575689 ], [ 1.35916316890399, 42.715273123600753 ], [ 1.325000168872094, 42.717491123602898 ], [ 1.173891168731473, 42.709718123595692 ], [ 1.143818168703291, 42.733300123617582 ], [ 1.126663168687372, 42.764718123646901 ], [ 1.088336168651637, 42.784854123665568 ], [ 0.896945168473394, 42.813045123691865 ], [ 0.823609168405198, 42.833054123710497 ], [ 0.716109168305167, 42.858882123734546 ], [ 0.692782168283429, 42.853609123729726 ], [ 0.667782168260032, 42.839164123716174 ], [ 0.651945168245362, 42.785000123665753 ], [ 0.661809168254507, 42.751109123634137 ], [ 0.682636168273859, 42.72124512360638 ], [ 0.670090668262219, 42.693261373580356 ], [ 0.595554168192734, 42.695000123581934 ], [ 0.560000168159604, 42.695827123582689 ], [ 0.505418168108861, 42.691664123578761 ], [ 0.4327821680412, 42.686664123574161 ], [ 0.269163167888877, 42.707564123593684 ], [ 0.180900167806669, 42.734509123618665 ], [ 0.144163167772462, 42.722218123607306 ], [ 0.111945167742306, 42.709445123595316 ], [ 0.00278216764076, 42.686073123573578 ], [ -0.057917832415797, 42.699791123586479 ], [ -0.123608832476975, 42.757500123640142 ], [ -0.151945832503372, 42.776654123657849 ], [ -0.179999832529518, 42.784436123665273 ], [ -0.205554832553332, 42.794164123674364 ], [ -0.262499832606409, 42.817500123695964 ], [ -0.311904832652374, 42.838722623715881 ], [ -0.39194583272689, 42.796391123676372 ], [ -0.555836832879521, 42.780000123661139 ], [ -0.715836833028561, 42.884582123758477 ], [ -0.730626833042322, 42.901036123773764 ], [ -0.723395333035597, 42.924399623795509 ], [ -0.754099833064146, 42.964373123832829 ], [ -0.788754833096448, 42.954718123823739 ], [ -0.818608833124273, 42.946109123815759 ], [ -0.940281833237634, 42.954164123823375 ], [ -0.993608833287283, 42.976109123843756 ], [ -1.072781833360949, 43.006382123871958 ], [ -1.20055483347997, 43.045827123908538 ], [ -1.300281833572882, 43.071664123932791 ], [ -1.348263833617523, 43.036173123899715 ], [ -1.398054833663991, 43.038054123901333 ], [ -1.439517833702524, 43.049373123911863 ], [ -1.466736833727964, 43.092045123951664 ], [ -1.423126833687292, 43.12326412398069 ], [ -1.383890833650668, 43.209718124061354 ], [ -1.385136833651899, 43.25256412410117 ], [ -1.408890833673979, 43.273045124120316 ], [ -1.503608833762257, 43.287773124134006 ], [ -1.655554833903722, 43.309436124154146 ], [ -1.702081833947005, 43.305973124150938 ], [ -1.730372833973405, 43.298982124144317 ], [ -1.776945834016772, 43.342500124185008 ], [ -1.780872834020437, 43.359927124201192 ], [ -1.780872834020442, 43.359927124201192 ] ] ] ] } },
{ "type": "Feature", "properties": { "cntry_name": "Portugal", "area": 91871.8, "capname": "Lisbon", "caplong": -9.13333, "caplat": 38.7167, "gwcode": 235.0, "gwsdate": "1886-01-01", "gwsyear": 1886.0, "gwsmonth": 1.0, "gwsday": 1.0, "gwedate": "2019-12-31", "gweyear": 2019.0, "gwemonth": 12.0, "gweday": 31.0, "name": "Portugal", "max": 1886.0 }, "geometry": { "type": "MultiPolygon", "coordinates": [ [ [ [ -16.959999848155793, 32.830827114395383 ], [ -16.959999848157167, 32.830827114395134 ], [ -17.01319984820671, 32.813464114378959 ], [ -17.02999984822236, 32.810554114376245 ], [ -17.053054848243818, 32.809436114375202 ], [ -17.102499848289881, 32.82332711438815 ], [ -17.12528184831109, 32.831936114396157 ], [ -17.133336848318578, 32.838882114402637 ], [ -17.135794526135012, 32.841340980842872 ], [ -17.162572598345747, 32.865834364427755 ], [ -17.19069984837202, 32.868609114430313 ], [ -17.254517848431433, 32.812845114378391 ], [ -17.235977348414139, 32.774163614342399 ], [ -17.201181848381765, 32.733191114304205 ], [ -17.158054848341607, 32.709164114281833 ], [ -17.102499848289881, 32.683327114257764 ], [ -17.067781848257511, 32.676936114251831 ], [ -17.010744908906492, 32.661383326572768 ], [ -16.988336848183536, 32.655273114231633 ], [ -16.975875796991023, 32.650321623826414 ], [ -16.943608848141849, 32.637500114215101 ], [ -16.893072143688109, 32.638036760632403 ], [ -16.839172848044626, 32.638609114216109 ], [ -16.839172848043724, 32.638609114216408 ], [ -16.820736348027431, 32.645227114222301 ], [ -16.820736348027271, 32.645227114222422 ], [ -16.718195847931963, 32.752086614321769 ], [ -16.718195847931931, 32.752086614321854 ], [ -16.90778184810835, 32.838536614402287 ], [ -16.907781848108694, 32.838536614402329 ], [ -16.959999848155793, 32.830827114395383 ] ] ], [ [ [ -31.215554861433645, 39.353336120469706 ], [ -31.180145861400689, 39.354300120470597 ], [ -31.151109361373642, 39.369718620485031 ], [ -31.131390861355328, 39.414991120527105 ], [ -31.126378995176943, 39.452694044225076 ], [ -31.12604586135032, 39.455200120564555 ], [ -31.150000361371198, 39.490277120595337 ], [ -31.150000361372772, 39.490277120597433 ], [ -31.208749861427197, 39.521177120625985 ], [ -31.208749861427606, 39.521177120626042 ], [ -31.230836861447614, 39.520827120625704 ], [ -31.230836861447898, 39.520827120625682 ], [ -31.258472861473649, 39.499373120605696 ], [ -31.283336861496792, 39.446109120556088 ], [ -31.28713008887463, 39.422685774835962 ], [ -31.289026861502094, 39.410973120523373 ], [ -31.279999861493707, 39.389445120503325 ], [ -31.2741109939921, 39.380040780923643 ], [ -31.258817861473943, 39.355618120471831 ], [ -31.239445861455863, 39.353336120469706 ], [ -31.215554861433645, 39.353336120469706 ] ] ], [ [ [ -8.750383269457945, 41.947795380423656 ], [ -8.74500884050633, 41.952500122890456 ], [ -8.745008840506358, 41.952500122890342 ], [ -8.75241784051326, 41.931736122871001 ], [ -8.786217840544737, 41.919091122859243 ], [ -8.81360884056954, 41.902500122844209 ], [ -8.813608840570254, 41.902500122843747 ], [ -8.835661428618939, 41.885098231345523 ], [ -8.862363840615643, 41.864027122807954 ], [ -8.86639099487606, 41.858774867539438 ], [ -8.879726840631776, 41.841382122786825 ], [ -8.880823438284375, 41.752747394684739 ], [ -8.880836840632838, 41.751664122703346 ], [ -8.875648681681934, 41.733420897114421 ], [ -8.873054840625599, 41.724300122677818 ], [ -8.858563840612106, 41.69753412265289 ], [ -8.815090840571628, 41.617236122578149 ], [ -8.799717840557236, 41.566664122531023 ], [ -8.799717840555793, 41.566664122524401 ], [ -8.781108840539986, 41.484445122454446 ], [ -8.779977340539007, 41.476009122447223 ], [ -8.779977340538863, 41.47600912244657 ], [ -8.779977340538895, 41.476009122446392 ], [ -8.778845840537855, 41.467573122438722 ], [ -8.789717840547745, 41.421391122396699 ], [ -8.789717840547922, 41.421391122395704 ], [ -8.72944584049182, 41.236664122223686 ], [ -8.657217840424522, 41.041936122042358 ], [ -8.657217840424314, 41.041936122041797 ], [ -8.645545840413718, 41.018582122020575 ], [ -8.64555034041372, 41.010609122013307 ], [ -8.645550340413678, 41.010609122013193 ], [ -8.64555034041372, 41.010609122012987 ], [ -8.645554840413723, 41.002636122005725 ], [ -8.668054840434598, 40.903882121914094 ], [ -8.668054840434678, 40.903882121913711 ], [ -8.677781840443686, 40.86916412188144 ], [ -8.696599840461204, 40.805900121822546 ], [ -8.717781840480995, 40.752773121773004 ], [ -8.726663840489266, 40.727773121749706 ], [ -8.730990840493259, 40.68619112171104 ], [ -8.703054840467274, 40.718609121741196 ], [ -8.678336840444246, 40.775836121794498 ], [ -8.678336840444235, 40.775836121794441 ], [ -8.678336840444217, 40.775836121794484 ], [ -8.660136840427299, 40.691109121715584 ], [ -8.69166384045667, 40.661109121687645 ], [ -8.717008749978602, 40.64418207140433 ], [ -8.729681840492077, 40.635718121663999 ], [ -8.777499840536564, 40.560136121593629 ], [ -8.782499840541249, 40.537773121572783 ], [ -8.782499840541496, 40.537773121571661 ], [ -8.785863840544408, 40.520709121556877 ], [ -8.788072840546041, 40.512436621550762 ], [ -8.788072840546391, 40.51243662154917 ], [ -8.788072840552404, 40.51243662152693 ], [ -8.790281840548516, 40.504164121541493 ], [ -8.799999840547656, 40.468327121544689 ], [ -8.799999840557547, 40.468327121508111 ], [ -8.816387859206369, 40.414651295371172 ], [ -8.840281840595082, 40.336391121385219 ], [ -8.845730229723285, 40.320769365153232 ], [ -8.850554840604616, 40.306936121357779 ], [ -8.877084154571603, 40.251734397007631 ], [ -8.881390840633371, 40.242773121298036 ], [ -8.862363840615615, 40.139436121201854 ], [ -8.865664145907168, 40.127869969995302 ], [ -8.874726840627147, 40.096109121161447 ], [ -8.890972840642291, 40.055000121123157 ], [ -8.893668340644746, 40.050200121118806 ], [ -8.89366834064478, 40.050200121118721 ], [ -8.931945840679237, 39.964164121041328 ], [ -8.931945840680442, 39.964164121038579 ], [ -8.963615661362107, 39.895995493546785 ], [ -8.984726840729593, 39.850554120932742 ], [ -9.02694584076886, 39.775554120862921 ], [ -9.047499840788078, 39.732218120822537 ], [ -9.079445840817755, 39.640273120736879 ], [ -9.085554840823448, 39.615000120713361 ], [ -9.144163840878036, 39.526382120630842 ], [ -9.227217840955376, 39.435273120546043 ], [ -9.227217840955388, 39.435273120546036 ], [ -9.227217840955433, 39.435273120545986 ], [ -9.293336841017009, 39.391391120505119 ], [ -9.359581841078709, 39.356664120472807 ], [ -9.338345841058924, 39.292973120413521 ], [ -9.337363841057964, 39.263327120385867 ], [ -9.339717841060178, 39.224854120350031 ], [ -9.364726841083439, 39.163054120292458 ], [ -9.392980765403173, 39.122995068186171 ], [ -9.396663841113252, 39.117773120250291 ], [ -9.411873913791172, 39.091308715507388 ], [ -9.419172841134184, 39.078609120213869 ], [ -9.426254841140803, 39.011527120151356 ], [ -9.417363841132499, 38.991727120132879 ], [ -9.412636841128091, 38.949436120093509 ], [ -9.420990331450952, 38.921275282913271 ], [ -9.42194584113679, 38.918054120064312 ], [ -9.427774971508709, 38.903850586019679 ], [ -9.44451784115779, 38.863054120013118 ], [ -9.462499841174548, 38.839582119991178 ], [ -9.490836841200917, 38.793882119948648 ], [ -9.476045841187158, 38.705273119866149 ], [ -9.429726841144031, 38.691936119853764 ], [ -9.365227146256277, 38.682772963199533 ], [ -9.322226841043914, 38.676664119839501 ], [ -9.212499840941746, 38.690827119852685 ], [ -9.118472840854935, 38.717218119877046 ], [ -9.118472840854139, 38.717218119877316 ], [ -9.102227886775855, 38.738327944210155 ], [ -9.09528184083257, 38.747354119905339 ], [ -9.09315180263248, 38.767880020016669 ], [ -9.092781840830241, 38.771445119927805 ], [ -9.092524007727295, 38.773836382992812 ], [ -9.08916384082687, 38.805000119959004 ], [ -9.07902684081742, 38.830554119982821 ], [ -9.06528184080463, 38.85500012000557 ], [ -8.99430884073854, 38.940618120085304 ], [ -8.994308840738531, 38.940618120085233 ], [ -8.994308840738483, 38.94061812008529 ], [ -8.989445840733936, 38.900691120048165 ], [ -8.979545840724739, 38.850127120001076 ], [ -8.955845840702693, 38.840854119992429 ], [ -8.941199465712813, 38.818415762550494 ], [ -8.929445840678113, 38.800409119954736 ], [ -8.919726840669057, 38.770273119926657 ], [ -8.919736340669076, 38.768082119924742 ], [ -8.919736340669061, 38.768082119924699 ], [ -8.919736340669076, 38.768082119924699 ], [ -8.919745840669094, 38.7658911199226 ], [ -8.948199840695594, 38.762845119919746 ], [ -9.015554840758313, 38.729436119888646 ], [ -9.020863068262765, 38.716935881102955 ], [ -9.028054840769926, 38.700000119861244 ], [ -9.043210261603548, 38.677491260482569 ], [ -9.074445840813155, 38.631100119797054 ], [ -9.159726840892574, 38.677909119840649 ], [ -9.215281840944328, 38.678327119841043 ], [ -9.274236840999178, 38.668745119832131 ], [ -9.239863840967161, 38.640973119806276 ], [ -9.2258412301028, 38.625670297953512 ], [ -9.22013684094884, 38.619445119786207 ], [ -9.211446976417436, 38.605254645985212 ], [ -9.205417840935098, 38.595409119763801 ], [ -9.183890840915041, 38.536945119709387 ], [ -9.178890840910412, 38.509164119683547 ], [ -9.182929913243012, 38.483330332622117 ], [ -9.183754840914958, 38.47805411965453 ], [ -9.194772734966616, 38.46046095549751 ], [ -9.200281840930355, 38.451664119629946 ], [ -9.198179508505566, 38.447566681301453 ], [ -9.183890840915051, 38.419718119600198 ], [ -9.147878990594414, 38.424507154879471 ], [ -9.083608840821682, 38.433054119612663 ], [ -9.067680805738558, 38.436238655939796 ], [ -9.062781840802302, 38.437218119616489 ], [ -9.039365299027175, 38.446046490387737 ], [ -8.992781840737109, 38.463609119641106 ], [ -8.918890840668297, 38.509991119684287 ], [ -8.898608840649359, 38.517773119691526 ], [ -8.76889084052857, 38.517218119690995 ], [ -8.673336840439532, 38.413891119594737 ], [ -8.723336840486127, 38.416664119597343 ], [ -8.764238232486464, 38.394850698316446 ], [ -8.802499840559866, 38.374445119558054 ], [ -8.792217840550308, 38.349164119534521 ], [ -8.786390840544868, 38.328891119515617 ], [ -8.78080709121822, 38.305612649558618 ], [ -8.779726840538672, 38.301109119489723 ], [ -8.779597013629846, 38.298794743981126 ], [ -8.777217840536309, 38.256382119448077 ], [ -8.776517840535689, 38.234073119427293 ], [ -8.775817840535041, 38.211764119406524 ], [ -8.77916384053816, 38.180545119377456 ], [ -8.784304840542944, 38.159995119358314 ], [ -8.789445840547728, 38.139445119339143 ], [ -8.796108840553927, 38.118327119319517 ], [ -8.80680884056386, 38.08902711929224 ], [ -8.839445840594237, 38.014718119223033 ], [ -8.812552689831534, 37.937660599357194 ], [ -8.810554840567391, 37.931936119145902 ], [ -8.808461835009885, 37.928601380253902 ], [ -8.799308840556876, 37.914018119129196 ], [ -8.799308840556423, 37.91401811912403 ], [ -8.790972840549159, 37.829164119050191 ], [ -8.791418340549557, 37.824127619045647 ], [ -8.791418340549541, 37.82412761904547 ], [ -8.791418340549589, 37.824127619045278 ], [ -8.791863840549979, 37.819091119040806 ], [ -8.805836840562073, 37.766391118995195 ], [ -8.805836840562932, 37.766391118991748 ], [ -8.793216761442693, 37.735989921686752 ], [ -8.787499840545934, 37.722218118950593 ], [ -8.787226840545657, 37.524164118766137 ], [ -8.787226840545657, 37.524164118766123 ], [ -8.787621061908066, 37.520437113399986 ], [ -8.795863840553722, 37.442509118690097 ], [ -8.828890840584478, 37.380554118632389 ], [ -8.835950937373411, 37.354462214503727 ], [ -8.858054840611601, 37.272773118531987 ], [ -8.906526840656738, 37.160618118427564 ], [ -8.924445840673428, 37.130136118399207 ], [ -8.925912780560305, 37.128421415971211 ], [ -8.94909984069642, 37.101318118372333 ], [ -8.984163840729082, 37.052218118326607 ], [ -8.987317892801999, 37.036109635149565 ], [ -8.989236840733781, 37.026309118302535 ], [ -8.926672840675536, 37.016109118293016 ], [ -8.859506461265031, 37.046604764107002 ], [ -8.814726840571268, 37.066936118340308 ], [ -8.658890840426153, 37.10889111837939 ], [ -8.622660776603027, 37.107460126225163 ], [ -8.5111088402885, 37.10305411837399 ], [ -8.469332377328167, 37.093157126121184 ], [ -8.439581840221905, 37.086109118358166 ], [ -8.407781840192285, 37.090691118362443 ], [ -8.394135512089186, 37.095259411877073 ], [ -8.373754840160586, 37.102082118373062 ], [ -8.175281839975725, 37.092218118363917 ], [ -8.110836839915663, 37.074300118347224 ], [ -8.068440574921203, 37.055017719993373 ], [ -8.067781839875636, 37.054718118328935 ], [ -8.067781839875609, 37.054718118328921 ], [ -8.067781839875607, 37.054718118328921 ], [ -8.044581839853976, 37.043045118318062 ], [ -8.012917839824468, 37.022082118298556 ], [ -7.973054839787409, 37.008327118285777 ], [ -7.898156035615053, 37.008888314538744 ], [ -7.897781839717311, 37.008891118286257 ], [ -7.758336839587429, 37.035000118310577 ], [ -7.618681839457366, 37.115482118385529 ], [ -7.580417839421727, 37.144436118412486 ], [ -7.559581839402341, 37.153191118420651 ], [ -7.525416945830696, 37.162774410832192 ], [ -7.471945839320654, 37.177773118443568 ], [ -7.459006000228763, 37.178232756054904 ], [ -7.444581839295239, 37.178745118444439 ], [ -7.433322597522608, 37.179538177931455 ], [ -7.419026839271432, 37.180545118446155 ], [ -7.431854839283375, 37.253191118513783 ], [ -7.434717839286037, 37.366945118619725 ], [ -7.447217839297679, 37.418609118667831 ], [ -7.461390839310894, 37.457218118703793 ], [ -7.471390839320208, 37.481382118726302 ], [ -7.484726839332609, 37.4988821187426 ], [ -7.512536839358461, 37.528545118770296 ], [ -7.524445839369577, 37.552500118792508 ], [ -7.446945839297371, 37.699436118929441 ], [ -7.423054839275125, 37.743891118970751 ], [ -7.386945839241548, 37.769718118994888 ], [ -7.319999839179189, 37.815273119037329 ], [ -7.281663839143505, 37.865554119084095 ], [ -7.252781839116608, 37.930973119145079 ], [ -7.251945839115734, 37.959445119171519 ], [ -7.253545839117294, 37.983673119194094 ], [ -7.210836839077444, 37.996936119206481 ], [ -7.123608838996148, 38.009991119218711 ], [ -7.004026838884812, 38.031109119238337 ], [ -6.95166383883614, 38.140000119339774 ], [ -6.941526838826604, 38.170409119368031 ], [ -6.940659338825895, 38.213250119407959 ], [ -6.99333683887491, 38.20944511940435 ], [ -7.01680883889685, 38.193809119389783 ], [ -7.087781838962798, 38.177009119374205 ], [ -7.102217838976316, 38.189164119385595 ], [ -7.129999839002267, 38.225827119419719 ], [ -7.144999839016151, 38.246109119438572 ], [ -7.169717839039123, 38.284436119474307 ], [ -7.192217839060135, 38.320273119507604 ], [ -7.277636839139717, 38.41944511959997 ], [ -7.296526839157252, 38.431382119611101 ], [ -7.31708183917641, 38.444718119623573 ], [ -7.267217839129955, 38.703327119864383 ], [ -7.257154839120659, 38.723400119882996 ], [ -7.20735483907427, 38.749264119907167 ], [ -7.164163839034074, 38.781945119937618 ], [ -7.084163838959569, 38.835545119987557 ], [ -7.059999838937046, 38.860545120010769 ], [ -6.955872838840065, 39.023191120162181 ], [ -6.961108838844922, 39.056664120193503 ], [ -6.982781838865094, 39.091382120225688 ], [ -7.013190838893422, 39.111800120244766 ], [ -7.053263838930746, 39.119918120252279 ], [ -7.102781838976881, 39.104718120238246 ], [ -7.124863838997413, 39.106382120239687 ], [ -7.145836839016937, 39.113882120246686 ], [ -7.242781839107209, 39.213054120339052 ], [ -7.31360883917327, 39.344718120461692 ], [ -7.322781839181715, 39.388327120502282 ], [ -7.375690839231083, 39.493745120600565 ], [ -7.502781839349439, 39.602773120701968 ], [ -7.524999839370111, 39.636664120733585 ], [ -7.532508839377044, 39.669418120764021 ], [ -7.411108839264074, 39.648745120744806 ], [ -7.332845839191179, 39.645273120741564 ], [ -7.307217839167237, 39.656664120752183 ], [ -7.263608839126647, 39.672082120766575 ], [ -7.20555483907259, 39.667218120762115 ], [ -7.157708839028004, 39.660345120755665 ], [ -7.052872838930369, 39.663754120758838 ], [ -7.017217838897125, 39.675000120769354 ], [ -6.989717838871513, 39.724718120815538 ], [ -6.870690838760623, 40.01597312108693 ], [ -6.882499838771736, 40.044164121113212 ], [ -6.928890838814851, 40.101664121166635 ], [ -6.946945838831709, 40.113191121177323 ], [ -6.982636838864977, 40.119164121183033 ], [ -7.008890838889357, 40.132773121195626 ], [ -7.027217838906409, 40.187773121246835 ], [ -7.008336838888823, 40.22680012128329 ], [ -6.946526838831318, 40.258982121313124 ], [ -6.910281838797573, 40.256382121310807 ], [ -6.878336838767808, 40.2618001213159 ], [ -6.862299838752904, 40.271518121324874 ], [ -6.831108838723821, 40.317218121367404 ], [ -6.815554838709346, 40.387773121433057 ], [ -6.796108838691197, 40.524436121560399 ], [ -6.819445838712966, 40.73332712175494 ], [ -6.801736838696513, 40.857009121870135 ], [ -6.862917838753418, 40.952636121959173 ], [ -6.891390838779955, 40.974718121979691 ], [ -6.927481838813577, 41.023259122025038 ], [ -6.841663838733638, 41.030136122031379 ], [ -6.805554838700061, 41.045554122045687 ], [ -6.774445838671085, 41.070691122069221 ], [ -6.754308838652321, 41.107491122103497 ], [ -6.753336838651393, 41.136664122130568 ], [ -6.688472838591025, 41.210273122199155 ], [ -6.643890838549424, 41.244718122231305 ], [ -6.618054838525438, 41.246382122232745 ], [ -6.589163838498422, 41.24193612222868 ], [ -6.558336838469756, 41.24221812222892 ], [ -6.510281838425016, 41.265000122250157 ], [ -6.438054838357715, 41.318882122300337 ], [ -6.357781838283017, 41.380554122357722 ], [ -6.295836838225341, 41.436100122409513 ], [ -6.21229083814751, 41.53652712250306 ], [ -6.190454838127181, 41.579636122543135 ], [ -6.256108838188339, 41.640409122599664 ], [ -6.303608838232549, 41.663327122621141 ], [ -6.347217838273139, 41.672218122629374 ], [ -6.429445838349721, 41.680000122636613 ], [ -6.460972838379121, 41.6706911226279 ], [ -6.50180883841719, 41.659436122617521 ], [ -6.54562683845802, 41.687009122643133 ], [ -6.547499838459686, 41.765000122715819 ], [ -6.528054838441619, 41.839436122785145 ], [ -6.54860883846078, 41.921945122861999 ], [ -6.602290838510754, 41.949164122887268 ], [ -6.697217838599073, 41.936664122875655 ], [ -6.906108838793699, 41.944718122883202 ], [ -6.940417838825539, 41.951109122889122 ], [ -6.982845838865131, 41.973864122910342 ], [ -7.008754838889303, 41.954582122892347 ], [ -7.056108838933426, 41.951109122889122 ], [ -7.075836838951744, 41.959164122896652 ], [ -7.098890838973176, 41.983609122919418 ], [ -7.131181839003318, 41.993809122928837 ], [ -7.184999839053461, 41.977354122913653 ], [ -7.178608839047541, 41.93159112287087 ], [ -7.186945839055227, 41.898327122839973 ], [ -7.203950339071042, 41.883722622826369 ], [ -7.268336839131052, 41.863609122807617 ], [ -7.331108839189568, 41.84499112279029 ], [ -7.418608839271059, 41.822773122769618 ], [ -7.609163839448428, 41.835691122781526 ], [ -7.598054839438163, 41.865273122809143 ], [ -7.692781839526361, 41.903882122845033 ], [ -7.759445839588409, 41.897500122839233 ], [ -7.858054839680193, 41.860000122804237 ], [ -7.876663839697585, 41.852636122797392 ], [ -7.92666383974418, 41.877773122820827 ], [ -8.035281839845311, 41.827218122773786 ], [ -8.061281839869537, 41.817395622764607 ], [ -8.08778183989412, 41.809436122757148 ], [ -8.136108839939169, 41.80916412275694 ], [ -8.162736339963999, 41.822341122769231 ], [ -8.165490839966566, 41.858609122803003 ], [ -8.193681839992848, 41.873400122816761 ], [ -8.21833684001578, 41.907491122848498 ], [ -8.208754840006861, 41.928745122868278 ], [ -8.165281839966411, 41.974445122910808 ], [ -8.134726839937883, 41.998882122933622 ], [ -8.102226839907672, 42.010964122944756 ], [ -8.084654839891272, 42.022982122956094 ], [ -8.083754839890446, 42.060482122990905 ], [ -8.197836839996739, 42.150673123074895 ], [ -8.251945840047057, 42.138609123063745 ], [ -8.31055484010173, 42.103609123031148 ], [ -8.446108840227993, 42.084718123013616 ], [ -8.473608840253604, 42.084718123013616 ], [ -8.518054840294951, 42.083045123011971 ], [ -8.613890840384158, 42.056382122987145 ], [ -8.639999840408535, 42.045273122976766 ], [ -8.743095340504482, 41.960168122897571 ], [ -8.750383269457945, 41.947795380423656 ] ] ], [ [ [ -27.083336857585181, 38.631945119797905 ], [ -27.054308857558198, 38.64332711980849 ], [ -27.052979807599886, 38.645266988880906 ], [ -27.020145857526394, 38.693191119854866 ], [ -27.035763857540985, 38.734509119893374 ], [ -27.039818900653557, 38.738935820955348 ], [ -27.049445857553678, 38.749445119907278 ], [ -27.065836857568939, 38.764164119920991 ], [ -27.113336857613177, 38.780827119936504 ], [ -27.142917857640754, 38.788609119943743 ], [ -27.152529421371177, 38.790194509501404 ], [ -27.181663857676824, 38.795000119949663 ], [ -27.193715236616779, 38.796603789165488 ], [ -27.21499985770788, 38.799436119953839 ], [ -27.233666087495255, 38.800784771248267 ], [ -27.245836857736606, 38.801664119955888 ], [ -27.281672857769973, 38.80305411995721 ], [ -27.281672857770051, 38.803054119957203 ], [ -27.321809357807297, 38.798677619953125 ], [ -27.369099857851388, 38.783395619938894 ], [ -27.369099857851438, 38.783395619938851 ], [ -27.384999857866031, 38.763327119920461 ], [ -27.384999857866205, 38.763327119920206 ], [ -27.386147911236112, 38.755331146103089 ], [ -27.388608857869514, 38.738191119896754 ], [ -27.379999857861549, 38.710545119871057 ], [ -27.36722685784963, 38.693327119855013 ], [ -27.36266703995047, 38.68996887559144 ], [ -27.351390857834872, 38.681664119844172 ], [ -27.300836357787773, 38.655968119820216 ], [ -27.274445857763197, 38.650273119814941 ], [ -27.237499857728835, 38.647218119812109 ], [ -27.181663857676824, 38.642773119807941 ], [ -27.138617857636717, 38.629436119795557 ], [ -27.083336857585181, 38.631945119797905 ] ] ], [ [ [ -28.594999858993109, 38.554927119726109 ], [ -28.608336859005501, 38.592354119760969 ], [ -28.611945485072923, 38.594839699069944 ], [ -28.631526859027105, 38.608327119775851 ], [ -28.719999859109507, 38.640418119805723 ], [ -28.775617084938808, 38.622171884142816 ], [ -28.833890859215543, 38.60305411977096 ], [ -28.845972859226833, 38.589790619758645 ], [ -28.758890859145737, 38.517773119691526 ], [ -28.726945859115972, 38.513882119687906 ], [ -28.636108859031381, 38.510273119684527 ], [ -28.612008440718288, 38.53645181727758 ], [ -28.594999858993109, 38.554927119726109 ] ] ], [ [ [ -25.017645855661442, 36.972082118251947 ], [ -25.027573634549736, 36.987807375819386 ], [ -25.033336855676026, 36.996936118275116 ], [ -25.054790855696012, 37.015754118292648 ], [ -25.054790855696901, 37.015754118292882 ], [ -25.088409355727173, 37.023118118299507 ], [ -25.088409355727673, 37.0231181182995 ], [ -25.114999855751524, 37.02082711829744 ], [ -25.114999855752103, 37.020827118297376 ], [ -25.141291355707224, 37.016271642776417 ], [ -25.181526855814042, 37.009300118286617 ], [ -25.199304855830519, 36.988681618267464 ], [ -25.169934105803151, 36.945863618227662 ], [ -25.100563855738912, 36.945000118226744 ], [ -25.100563855738642, 36.945000118226758 ], [ -25.073754855713673, 36.939859118221968 ], [ -25.046945855688705, 36.934718118217191 ], [ -25.015868355659762, 36.934300118216811 ], [ -25.017645855661442, 36.972082118251947 ] ] ], [ [ [ -25.549445856161064, 37.825273119046741 ], [ -25.584999856189825, 37.826664119047862 ], [ -25.599726856203517, 37.827773119048899 ], [ -25.677499856275972, 37.840964119061184 ], [ -25.698199856295247, 37.855754119074959 ], [ -25.698696051527342, 37.866800012935968 ], [ -25.699026856296001, 37.874164119092072 ], [ -25.714632600269947, 37.885194846708828 ], [ -25.728890856323829, 37.895273119111764 ], [ -25.747781856341419, 37.901109119117194 ], [ -25.777081856368699, 37.909300119124822 ], [ -25.7952818563856, 37.908336119123931 ], [ -25.84249985642964, 37.902218119118217 ], [ -25.854163856440465, 37.883891119101165 ], [ -25.864308856449949, 37.853609119072942 ], [ -25.863119116528619, 37.850502061460809 ], [ -25.857499856443553, 37.83582711905639 ], [ -25.811390856400664, 37.803600119026385 ], [ -25.719168356314782, 37.749022618975587 ], [ -25.68972685628756, 37.737909118965277 ], [ -25.689726856287336, 37.737909118965206 ], [ -25.626667856228622, 37.733395618961005 ], [ -25.563608856169907, 37.728882118956818 ], [ -25.45610885606979, 37.705554118935069 ], [ -25.342781855964233, 37.723609118951913 ], [ -25.213336855843664, 37.737636118964986 ], [ -25.184976083281867, 37.741768127908458 ], [ -25.166663855800209, 37.744436118971279 ], [ -25.166663855800095, 37.744436118971322 ], [ -25.145836605780715, 37.758745618984705 ], [ -25.132290855768218, 37.815477619037466 ], [ -25.140554855775889, 37.840691119060935 ], [ -25.160140855793756, 37.856113619075089 ], [ -25.160140855794427, 37.856113619075451 ], [ -25.185417855817342, 37.863881619082505 ], [ -25.185417855818386, 37.863881619082576 ], [ -25.327081855949586, 37.863609119082241 ], [ -25.355940116036674, 37.854034223905991 ], [ -25.373963855993281, 37.848054119067783 ], [ -25.386841605018454, 37.843094493044049 ], [ -25.401390856018821, 37.837491119057916 ], [ -25.435554856050629, 37.830554119051484 ], [ -25.549445856156666, 37.825273119046543 ], [ -25.549445856161064, 37.825273119046741 ] ] ], [ [ [ -28.036872858473288, 38.414164119595029 ], [ -28.048336858483992, 38.430273119610021 ], [ -28.07013685850427, 38.44416411962294 ], [ -28.093754858525877, 38.446800119625443 ], [ -28.101672858533647, 38.446109119624765 ], [ -28.125445858555793, 38.447882119626428 ], [ -28.141108858570391, 38.449882119628285 ], [ -28.189445858615386, 38.460136119637838 ], [ -28.26639085868706, 38.498054119673156 ], [ -28.266390858688101, 38.498054119673746 ], [ -28.324727358741335, 38.530413619703261 ], [ -28.32472735874159, 38.530413619703367 ], [ -28.354163858768771, 38.541664119713758 ], [ -28.360814064329482, 38.543615929281948 ], [ -28.379717858792588, 38.549164119720757 ], [ -28.379717858793096, 38.549164119720857 ], [ -28.429586358838836, 38.557772619728752 ], [ -28.429586358839249, 38.55777261972878 ], [ -28.466390858873297, 38.55778211972877 ], [ -28.479403236730153, 38.556232290095373 ], [ -28.497917858902696, 38.554027119725276 ], [ -28.50918551090772, 38.550383970090635 ], [ -28.52583685892867, 38.545000119716832 ], [ -28.544581858946088, 38.53138611970418 ], [ -28.550559358951659, 38.505272619679886 ], [ -28.540281858942109, 38.468891119645946 ], [ -28.537280318265541, 38.464513741868672 ], [ -28.521181858924336, 38.441036119620037 ], [ -28.485770169226814, 38.420431729104408 ], [ -28.459717858867055, 38.405273119586731 ], [ -28.427917858837503, 38.413191119594103 ], [ -28.427917858837478, 38.413191119594103 ], [ -28.427917858837475, 38.413191119594103 ], [ -28.389445858801622, 38.411945119592971 ], [ -28.389445858800727, 38.411945119592893 ], [ -28.283336858702825, 38.404718119586221 ], [ -28.275768358695906, 38.402150119583865 ], [ -28.275768358695757, 38.402150119583851 ], [ -28.275768358695704, 38.402150119583794 ], [ -28.268199858688746, 38.399582119581424 ], [ -28.246672858668806, 38.371936119555848 ], [ -28.246672858668688, 38.371936119555727 ], [ -28.246672858667569, 38.37193611955643 ], [ -28.203890858628853, 38.399991119581813 ], [ -28.198195358623728, 38.402495619584066 ], [ -28.198195358623536, 38.402495619584187 ], [ -28.198195358623455, 38.402495619584187 ], [ -28.192499858618248, 38.405000119586475 ], [ -28.148690858577453, 38.402409119584064 ], [ -28.097226858529496, 38.392627119574968 ], [ -28.077063950891048, 38.3933809785606 ], [ -28.056117858491234, 38.39416411957643 ], [ -28.036872858473288, 38.414164119595029 ] ] ], [ [ [ -27.780281858234332, 38.541936119714052 ], [ -27.765454858220551, 38.553154619724502 ], [ -27.765454858220583, 38.553154619724545 ], [ -27.996672858434088, 38.641391119805981 ], [ -27.996672858435858, 38.641391119806627 ], [ -27.996672858469985, 38.641391119818834 ], [ -28.291668358709742, 38.746659119904407 ], [ -28.291668358710641, 38.746659119904692 ], [ -28.315277358732573, 38.741591119899979 ], [ -28.301390858719657, 38.721382119881142 ], [ -28.194172858619794, 38.650273119814941 ], [ -28.164740508155944, 38.638171322166862 ], [ -28.156672858584869, 38.634854119800565 ], [ -28.084493725022515, 38.612759709889211 ], [ -27.848608858297979, 38.540554119712766 ], [ -27.810836858262775, 38.539991119712198 ], [ -27.780281858234332, 38.541936119714052 ] ] ] ] } },
{ "type": "Feature", "properties": { "cntry_name": "Germany (Prussia)", "area": 470833.0, "capname": "Berlin", "caplong": 13.4, "caplat": 52.5167, "gwcode": 255.0, "gwsdate": "1920-02-10", "gwsyear": 1920.0, "gwsmonth": 2.0, "gwsday": 10.0, "gwedate": "1938-09-29", "gweyear": 1938.0, "gwemonth": 9.0, "gweday": 29.0, "name": "Germany", "max": 1920.0 }, "geometry": { "type": "MultiPolygon", "coordinates": [ [ [ [ 12.365693114311236, 54.305202375893757 ], [ 12.365693251563886, 54.305202543166878 ], [ 12.365693771902786, 54.305203177316464 ], [ 12.365694445872656, 54.305203998699831 ], [ 12.425832748413086, 54.37249755859375 ], [ 12.463888168335075, 54.395133972167912 ], [ 12.643221855163574, 54.413887023925781 ], [ 12.664099838985518, 54.414443712172549 ], [ 12.664099838991458, 54.414443712172705 ], [ 12.666844766430081, 54.41451634938916 ], [ 12.668155949581575, 54.414551250726475 ], [ 12.66815750224051, 54.414551905255877 ], [ 12.670690536498967, 54.414619445800611 ], [ 12.703799247741813, 54.429672241211108 ], [ 12.729239477155765, 54.423362965137748 ], [ 12.72923947715578, 54.423362965137741 ], [ 12.73040748355309, 54.422948784449986 ], [ 12.730407573686136, 54.422948767909958 ], [ 12.730968254875489, 54.422749932241196 ], [ 12.73227681155393, 54.422285911747565 ], [ 12.75833702087408, 54.413043975830078 ], [ 12.880554199218693, 54.411941528320312 ], [ 12.921526908874569, 54.427459716796761 ], [ 12.921522963541982, 54.427462537600306 ], [ 12.921524368774318, 54.427463069848386 ], [ 12.908762617226415, 54.4365860549741 ], [ 12.908113582150659, 54.437049873954621 ], [ 12.900691986083984, 54.442356109619084 ], [ 12.861115623407999, 54.442413484645392 ], [ 12.861115623407329, 54.442413484645442 ], [ 12.803335455289442, 54.44249941424647 ], [ 12.680774033603399, 54.444944469485023 ], [ 12.680682268707375, 54.444950340157583 ], [ 12.664041683553254, 54.445903195387793 ], [ 12.660443305969238, 54.446109771728629 ], [ 12.653400142679999, 54.447024124644138 ], [ 12.638668804064146, 54.448937390641355 ], [ 12.63860959451759, 54.448944873845676 ], [ 12.61673299614219, 54.451162090656538 ], [ 12.616732995840668, 54.451162090687092 ], [ 12.540554046630973, 54.458885192871264 ], [ 12.536601379116151, 54.463320865721393 ], [ 12.536601379112387, 54.46332086572562 ], [ 12.533370024316655, 54.46694946180093 ], [ 12.526944686175455, 54.474162911094851 ], [ 12.480554279618389, 54.444163216249677 ], [ 12.436944647965589, 54.391108263820001 ], [ 12.436938080183429, 54.391100630394547 ], [ 12.355120599325527, 54.308502723684342 ], [ 12.355123268150979, 54.308501721031682 ], [ 12.349863179139845, 54.303191134392875 ], [ 12.335481612336777, 54.292820065601916 ], [ 12.326944972137937, 54.286662910963855 ], [ 12.129718806167716, 54.191109026619728 ], [ 11.986109555914879, 54.173335154292886 ], [ 11.747500000419677, 54.156390182967527 ], [ 11.715923552787277, 54.154740203004408 ], [ 11.695572675248197, 54.153676191290415 ], [ 11.626160750247948, 54.105156367217347 ], [ 11.626160449344088, 54.105149956982096 ], [ 11.626354178465931, 54.082391134187219 ], [ 11.6250318750012, 54.081107636439263 ], [ 11.625031871862063, 54.081107569565404 ], [ 11.624408251512612, 54.080502314465512 ], [ 11.576809178419808, 54.034300134142427 ], [ 11.554718178399298, 54.026936134135667 ], [ 11.544718178389871, 54.026382134135076 ], [ 11.522099277076457, 54.033258935638749 ], [ 11.522082215975729, 54.033263186970913 ], [ 11.492774101438243, 53.994581429375472 ], [ 11.488571641050703, 53.982506190156776 ], [ 11.480836178330492, 53.960273134073532 ], [ 11.456706737466021, 53.94589572675585 ], [ 11.412774120455765, 53.919717570863682 ], [ 11.258319464197591, 53.937990418827191 ], [ 11.251627178117019, 53.938782134053383 ], [ 11.183536178053657, 54.01193613412164 ], [ 11.094718177970833, 54.013609134123271 ], [ 11.094513762902585, 54.013576621695371 ], [ 11.053631632822148, 54.006852416267883 ], [ 11.045221502742997, 54.00445434625076 ], [ 11.013054106931946, 53.995280951775925 ], [ 10.964719053309267, 53.980272447004666 ], [ 10.96466161434742, 53.980251620406705 ], [ 10.904436177793741, 53.957345134070692 ], [ 10.898891177788471, 53.931109134046324 ], [ 10.818536177713611, 53.890054134008153 ], [ 10.86360917775562, 53.916936134033222 ], [ 10.890136177780278, 53.954300134067978 ], [ 10.881266925282556, 53.981392292495372 ], [ 10.880913694356963, 53.981956112272144 ], [ 10.861390196517135, 53.993890564323735 ], [ 10.822219072283303, 53.994163978874724 ], [ 10.795554173537198, 53.995553616326944 ], [ 10.777082244065667, 54.006663215944002 ], [ 10.75736225941742, 54.035827259787624 ], [ 10.759236379716583, 54.043810331635541 ], [ 10.762218177661168, 54.056518134163184 ], [ 10.801364136005734, 54.089413410419461 ], [ 10.801390329989545, 54.089436948667867 ], [ 10.801619997414575, 54.089446459176074 ], [ 10.832218177726361, 54.090827134195081 ], [ 10.834877935831472, 54.090823667529229 ], [ 10.834880858426146, 54.090823788553621 ], [ 10.836184206984125, 54.090821964966281 ], [ 10.880554177771387, 54.090764134195013 ], [ 11.015612106900477, 54.155832724216168 ], [ 11.059999999939436, 54.177218448423872 ], [ 11.076499140131318, 54.190952205884741 ], [ 11.093954177970147, 54.205482134301974 ], [ 11.083727017594867, 54.292603389975824 ], [ 11.073890578135291, 54.376390488296892 ], [ 11.063244607346405, 54.37395584958643 ], [ 11.04471817792421, 54.369718134454899 ], [ 11.016945177898435, 54.36999113445512 ], [ 10.986945177870439, 54.371936134456917 ], [ 10.958263177843833, 54.37895413446347 ], [ 10.968748090850424, 54.379746121094094 ], [ 10.952516101481933, 54.382854608597427 ], [ 10.885291576177655, 54.361942922619221 ], [ 10.885273177775844, 54.36193613444766 ], [ 10.867450489933589, 54.351392379173745 ], [ 10.831873177726095, 54.330345134418053 ], [ 10.829202775337468, 54.329042197055387 ], [ 10.82920224893499, 54.329041889450309 ], [ 10.827861411424925, 54.328387721472971 ], [ 10.795000177691804, 54.312354134401403 ], [ 10.772500177670793, 54.307218134396692 ], [ 10.709239146693534, 54.308825405849802 ], [ 10.690554049486195, 54.309299968047526 ], [ 10.668563423267152, 54.323259689950874 ], [ 10.652589245182778, 54.333399970863972 ], [ 10.624617312372987, 54.351115446830271 ], [ 10.609718177519142, 54.360545134446284 ], [ 10.368327177294304, 54.43555413451611 ], [ 10.288823725840444, 54.453394010499181 ], [ 10.124165074587694, 54.489680117624602 ], [ 10.122623262496026, 54.489659640618108 ], [ 10.106109177050143, 54.48943613456629 ], [ 10.024908225411849, 54.477024831297115 ], [ 10.006663928586192, 54.474235984581128 ], [ 9.89332826456652, 54.453890335763163 ], [ 9.89330389150032, 54.453894035496731 ], [ 9.866036176826526, 54.45729113453632 ], [ 9.865105304714106, 54.458174467725314 ], [ 9.865105217125375, 54.458174481020933 ], [ 9.864654062708112, 54.458602665148838 ], [ 9.845554176807468, 54.476727134554437 ], [ 9.845557196139861, 54.47672722482131 ], [ 9.845556377203962, 54.47672800206152 ], [ 9.87369640905959, 54.478016520956459 ], [ 9.875091827614, 54.478299461125481 ], [ 9.893054176851649, 54.481945134559339 ], [ 9.970554176923883, 54.507500134583154 ], [ 10.004300176955383, 54.52373613459838 ], [ 10.026123780165225, 54.548142197521358 ], [ 10.027168233869816, 54.549310511062401 ], [ 10.039999884786113, 54.6330728258786 ], [ 10.037362430575968, 54.668236045751797 ], [ 10.013643353653691, 54.701814961049166 ], [ 9.972009176925212, 54.760754134818967 ], [ 9.945009950728, 54.776570920884453 ], [ 9.943485007394713, 54.777464008389501 ], [ 9.902153409592131, 54.791108645569096 ], [ 9.819798155961081, 54.787577573059139 ], [ 9.785554176751646, 54.786109134842604 ], [ 9.688849647277948, 54.806308003322897 ], [ 9.660554353942473, 54.812218029250857 ], [ 9.573368504582206, 54.824925642522281 ], [ 9.439445176429217, 54.807982134863039 ], [ 9.440153169617881, 54.810069091261759 ], [ 9.440152901571025, 54.810069061368353 ], [ 9.44015500901228, 54.810074513257305 ], [ 9.445354176434762, 54.82540013487926 ], [ 9.414718176406211, 54.833327134886588 ], [ 9.377362892035569, 54.827658096930485 ], [ 9.377280805395969, 54.827645637228102 ], [ 9.350835251432926, 54.810553150531689 ], [ 9.248335262263765, 54.812635386163606 ], [ 9.230835011572083, 54.829300075418644 ], [ 9.228890142447568, 54.849581198478887 ], [ 9.168890294995464, 54.864999486016984 ], [ 9.062471889169956, 54.883942676432639 ], [ 8.927714164931302, 54.907137246272811 ], [ 8.835092111877287, 54.913790194057384 ], [ 8.785828397419266, 54.906107965397155 ], [ 8.758890065840887, 54.898053586555335 ], [ 8.71307722314765, 54.892235145845916 ], [ 8.692773175733976, 54.895827134944795 ], [ 8.664545175707644, 54.913091134960837 ], [ 8.633816257197992, 54.911979266439232 ], [ 8.600481651648778, 54.910772455284047 ], [ 8.559430927872796, 54.906960132649914 ], [ 8.490463175545415, 54.900554134949175 ], [ 8.461218175518241, 54.899973134948709 ], [ 8.461215090939731, 54.899974622199409 ], [ 8.46121494475409, 54.899974619284052 ], [ 8.420420928334096, 54.91964378727306 ], [ 8.420420830776328, 54.919643854697789 ], [ 8.420418175480222, 54.919645134967027 ], [ 8.397953642820738, 54.935171516413305 ], [ 8.353193380633911, 54.966107294997727 ], [ 8.353193525041654, 54.966107511065537 ], [ 8.353191175417635, 54.966109135010242 ], [ 8.371115273490242, 54.992922645270916 ], [ 8.37138195048567, 54.993321656530469 ], [ 8.371382022950348, 54.993321688467212 ], [ 8.371945175435087, 54.994164135036442 ], [ 8.407636175468383, 55.009300135050523 ], [ 8.438327175496852, 55.024164135064439 ], [ 8.454234293423626, 55.050969963494502 ], [ 8.408054219553179, 55.056526897341428 ], [ 8.388191664211007, 55.049164055905578 ], [ 8.37473075352867, 55.034822057795559 ], [ 8.373555703308575, 55.033570041983801 ], [ 8.361384190432148, 55.015208409488395 ], [ 8.307218984695851, 54.933053616981738 ], [ 8.302766260418172, 54.922631484346141 ], [ 8.296443655568458, 54.907829247088138 ], [ 8.294427615707917, 54.849394381192354 ], [ 8.299786363814365, 54.851073847056803 ], [ 8.300900175368838, 54.85645413490812 ], [ 8.326581807357798, 54.859471710113638 ], [ 8.390109385556372, 54.866936987357946 ], [ 8.464504253117809, 54.868693389710643 ], [ 8.54560917559678, 54.870609134921267 ], [ 8.57618217562532, 54.857382134909017 ], [ 8.641391175685953, 54.832218134885579 ], [ 8.650113256588309, 54.809821180691742 ], [ 8.650519182551022, 54.8087791624923 ], [ 8.696944702573575, 54.746937254302821 ], [ 8.71723318965735, 54.732963373859548 ], [ 8.734445175772748, 54.721109134782182 ], [ 8.754445175791318, 54.7116641347734 ], [ 8.774111807664781, 54.699277120759177 ], [ 8.809582071030007, 54.676937330547844 ], [ 8.850828378279317, 54.620827031314462 ], [ 8.883167193829195, 54.592452646092426 ], [ 8.925617205800926, 54.557517274688763 ], [ 8.934822948116661, 54.552601189302912 ], [ 8.943609429812, 54.547910000379773 ], [ 8.964027233186158, 54.542355200571109 ], [ 9.011246029163402, 54.503464990888176 ], [ 9.011260281150042, 54.503305371910606 ], [ 9.013954176032883, 54.474991134552909 ], [ 9.012987230165221, 54.473832669463157 ], [ 8.994718746757485, 54.45194446186045 ], [ 8.886944836220721, 54.41416352140439 ], [ 8.868501814314442, 54.410321218821721 ], [ 8.844927175875569, 54.405409134488025 ], [ 8.826527175858473, 54.414718134496752 ], [ 8.826433792498422, 54.414711860891757 ], [ 8.760769220764351, 54.409973128517386 ], [ 8.737208582398125, 54.407406669162299 ], [ 8.642427719716864, 54.397081467803616 ], [ 8.620354472518102, 54.374437001997165 ], [ 8.600482843741673, 54.3263820216483 ], [ 8.613811282263242, 54.301218995352343 ], [ 8.63763665477228, 54.276101094122993 ], [ 8.647042459448278, 54.273108085690751 ], [ 8.656065373071465, 54.270237983380305 ], [ 8.690187176448907, 54.267564632160067 ], [ 8.690209175731582, 54.267564134359702 ], [ 8.801607062642205, 54.288094381374748 ], [ 8.830000112822887, 54.293327183673512 ], [ 8.883608238715766, 54.294164725065684 ], [ 8.883607655300159, 54.294164110643194 ], [ 8.883609175911545, 54.294164134384573 ], [ 8.845627175876302, 54.25416413434715 ], [ 8.845572680265571, 54.254046625278129 ], [ 8.818030556027876, 54.192506691216167 ], [ 8.818018906143756, 54.192467898252247 ], [ 8.813229494569669, 54.174270383718266 ], [ 8.813445222762335, 54.173925227703997 ], [ 8.827363175859205, 54.151664134251746 ], [ 8.852363175882431, 54.127982134229796 ], [ 8.971109175993149, 54.131664134233176 ], [ 8.998967696042939, 54.103470289656059 ], [ 9.01721899472841, 54.084999871760459 ], [ 9.017211228731528, 54.084949983953486 ], [ 9.011945176031134, 54.046936134154237 ], [ 9.001806342313486, 54.027094201711549 ], [ 9.001801219967945, 54.027081734573926 ], [ 8.990085180215127, 54.023195640564147 ], [ 8.975000175996797, 54.018191134127392 ], [ 8.95305417597632, 54.026382134135076 ], [ 8.946863092412285, 54.028924159124635 ], [ 8.918280968891366, 54.038752339682645 ], [ 8.877177451094393, 54.042669972625767 ], [ 8.86683409824308, 54.040181654314637 ], [ 8.84427337466126, 54.034753236428401 ], [ 8.850000175880382, 54.008891134118755 ], [ 8.883054175911127, 53.96110913407432 ], [ 8.900031502047101, 53.942240751439115 ], [ 8.903195275211175, 53.938725091077103 ], [ 8.927461061637983, 53.919746477741782 ], [ 8.927500175952389, 53.919718134035691 ], [ 8.930792821952391, 53.917660230285705 ], [ 8.947554171726892, 53.907195546465147 ], [ 8.947704752402817, 53.907132510225033 ], [ 8.984163176005325, 53.891873134009757 ], [ 9.031404156506397, 53.895569009732668 ], [ 9.063054391672097, 53.898045950731458 ], [ 9.178149638890375, 53.891655801223436 ], [ 9.21305417621835, 53.889718134007865 ], [ 9.23444517623841, 53.886382134004691 ], [ 9.246631832706356, 53.883628322989296 ], [ 9.28236317628307, 53.875554133994626 ], [ 9.332773176330022, 53.855000133975523 ], [ 9.371306247950912, 53.834546740123571 ], [ 9.393746191555181, 53.822636013117744 ], [ 9.407773852026452, 53.792218867771808 ], [ 9.417218899640517, 53.771109484089962 ], [ 9.43416387096579, 53.744019192750272 ], [ 9.510934553898977, 53.669392261450909 ], [ 9.553891176535899, 53.627636133763701 ], [ 9.575282176555902, 53.613609133750629 ], [ 9.672782176646706, 53.575273133714859 ], [ 9.672871415774315, 53.575249885956531 ], [ 9.701935739958088, 53.568447114266178 ], [ 9.732606390079019, 53.565277666998917 ], [ 9.741082176710165, 53.565000133705439 ], [ 9.779027176745558, 53.562082133702575 ], [ 9.829063176792147, 53.541700133683662 ], [ 9.829060203931316, 53.541698932611652 ], [ 9.829060405911463, 53.54169885960485 ], [ 9.829052097221101, 53.54169565740191 ], [ 9.809373176773761, 53.533745133676291 ], [ 9.80877195712571, 53.533879609219149 ], [ 9.808771914227719, 53.533879592686091 ], [ 9.808492522316797, 53.53394211074874 ], [ 9.764745176732163, 53.543727133685422 ], [ 9.730657915376582, 53.546969699942281 ], [ 9.695835434045222, 53.550281027759027 ], [ 9.686550695458774, 53.55240191713947 ], [ 9.672782176646706, 53.555545133696569 ], [ 9.618513475095767, 53.574460004965843 ], [ 9.57791766874999, 53.588608797317079 ], [ 9.5695471542123, 53.594390099373236 ], [ 9.555000176536851, 53.604436133742183 ], [ 9.518394005996129, 53.636019115517115 ], [ 9.412362430139382, 53.727499375600033 ], [ 9.379444912858702, 53.760826878125755 ], [ 9.345616940769059, 53.804041761514391 ], [ 9.341861610995545, 53.807941726077985 ], [ 9.322361734316489, 53.828192146310094 ], [ 9.283400176283976, 53.855545133976022 ], [ 9.215973176221155, 53.864854133984693 ], [ 9.12889117614003, 53.866100133985867 ], [ 9.106508316824938, 53.863472152409052 ], [ 9.106109836640769, 53.863425297159949 ], [ 9.022168556004937, 53.846981659119905 ], [ 9.020554176039127, 53.846664133967693 ], [ 8.907500175933819, 53.828045133950411 ], [ 8.85305417588313, 53.829718133951872 ], [ 8.797218175831119, 53.83582713395765 ], [ 8.777346493107741, 53.840163057343581 ], [ 8.776757118061738, 53.840291542013063 ], [ 8.776755907288008, 53.840291920857695 ], [ 8.775554175810896, 53.84055413396203 ], [ 8.756424354187853, 53.846653555248729 ], [ 8.756390309487784, 53.846664207653575 ], [ 8.711599254051748, 53.870344414152015 ], [ 8.682218984957785, 53.893889992049296 ], [ 8.65292931414524, 53.891110862048677 ], [ 8.651794362066573, 53.890827033889444 ], [ 8.604582175651842, 53.879018133997761 ], [ 8.589962913197212, 53.866118121299621 ], [ 8.57344183191276, 53.850093477946828 ], [ 8.572702530913903, 53.849168484190777 ], [ 8.548054175599077, 53.818327133941239 ], [ 8.548041563858137, 53.818301101741383 ], [ 8.485633091755702, 53.677787399246263 ], [ 8.488721247485156, 53.660601700139992 ], [ 8.490828225439941, 53.64888255523266 ], [ 8.501745410176531, 53.632347867135302 ], [ 8.511736175565261, 53.617218133754022 ], [ 8.536455355103215, 53.576696365415458 ], [ 8.565518175615352, 53.529054133671877 ], [ 8.563190960854598, 53.52224596812691 ], [ 8.563191337016946, 53.522245202025346 ], [ 8.563190540209485, 53.522244737547929 ], [ 8.560863175611019, 53.51543613365925 ], [ 8.504373175558385, 53.483191133629134 ], [ 8.497363175551982, 53.456527133604311 ], [ 8.505418175559441, 53.429718133579399 ], [ 8.503891175557953, 53.362354133516646 ], [ 8.503673036478, 53.362585001095795 ], [ 8.503673035417989, 53.362584960272414 ], [ 8.503573242944178, 53.362690617620693 ], [ 8.489718175544681, 53.377354133530673 ], [ 8.484718175540081, 53.412218133563044 ], [ 8.484027175539438, 53.462082133609556 ], [ 8.494927175549719, 53.48923613363479 ], [ 8.513333879280253, 53.509579595751418 ], [ 8.513335223410877, 53.509582230123186 ], [ 8.494444670372967, 53.554991321414654 ], [ 8.332218175398054, 53.615273133752112 ], [ 8.311239570602492, 53.616616587243918 ], [ 8.309423190405454, 53.616732645722749 ], [ 8.291335420425071, 53.613121357388692 ], [ 8.263534544439203, 53.602616644755429 ], [ 8.254572949659806, 53.595393453426531 ], [ 8.243054467393335, 53.586108186963713 ], [ 8.236945152948124, 53.557781896148029 ], [ 8.233682333987824, 53.523119819396314 ], [ 8.268191931155968, 53.520273629239426 ], [ 8.304999969404975, 53.524854742096764 ], [ 8.309613031615605, 53.518889899361909 ], [ 8.319927175386738, 53.50555413364998 ], [ 8.31187343446957, 53.456319717484817 ], [ 8.311873240527973, 53.456317121931576 ], [ 8.28603826487506, 53.420893454983997 ], [ 8.286037679242078, 53.420893195660575 ], [ 8.286036175355093, 53.42089113357116 ], [ 8.246245175317938, 53.401800133553309 ], [ 8.234445175307087, 53.400554133552191 ], [ 8.210273175284499, 53.403045133554542 ], [ 8.117543253629151, 53.437169744723633 ], [ 8.097774744057375, 53.444444257979853 ], [ 8.097774238384901, 53.444444742333509 ], [ 8.097773175179668, 53.444445133593035 ], [ 8.07298217515671, 53.468191133615164 ], [ 8.062427175146865, 53.500900133645587 ], [ 8.093745175175911, 53.503054133647595 ], [ 8.093867894622202, 53.503077041277571 ], [ 8.132083206532229, 53.511078791230851 ], [ 8.143411904114446, 53.516921966051576 ], [ 8.166599234597641, 53.528882822177621 ], [ 8.163826910272043, 53.54431505545741 ], [ 8.162266768277457, 53.552997078135022 ], [ 8.123890385339877, 53.584717799511608 ], [ 8.089042787224827, 53.607363835191109 ], [ 8.052082175137173, 53.631382133767261 ], [ 8.035873755121997, 53.666188489016719 ], [ 8.024963464479157, 53.689616935937437 ], [ 8.014308223790172, 53.708327336246853 ], [ 7.988471872237381, 53.713824465998911 ], [ 7.984909532550461, 53.714582197333826 ], [ 7.949163955759218, 53.717499795209832 ], [ 7.907499959590552, 53.719444919112576 ], [ 7.88250005494055, 53.717499795209832 ], [ 7.867736236149858, 53.716242537587227 ], [ 7.850985618151936, 53.714815715463793 ], [ 7.78203714648609, 53.708291686918145 ], [ 7.698335327745951, 53.700272751984826 ], [ 7.581663879208605, 53.681390564105428 ], [ 7.513472901034334, 53.672080895092591 ], [ 7.487168680101632, 53.680246124887191 ], [ 7.468745174593835, 53.685964133818004 ], [ 7.409769626039747, 53.687186283728153 ], [ 7.341109438229438, 53.68860841591713 ], [ 7.294805742325097, 53.684981317590754 ], [ 7.289231241728864, 53.683402630633644 ], [ 7.23208234172526, 53.667217914010138 ], [ 7.184719117426084, 53.642218486197208 ], [ 7.093537297805369, 53.588190393141858 ], [ 7.05737137998014, 53.525621481583684 ], [ 7.032363174187594, 53.482354133628462 ], [ 7.021945174177745, 53.442500133591238 ], [ 7.015000267820354, 53.409854573771895 ], [ 7.018955034355969, 53.375344680835042 ], [ 7.049927520388756, 53.341109091240284 ], [ 7.082918174234635, 53.337082133493141 ], [ 7.12639117427517, 53.340000133495835 ], [ 7.183891174328608, 53.340827133496589 ], [ 7.226945174368723, 53.336391133492441 ], [ 7.337082174471277, 53.323054133480014 ], [ 7.350900174484138, 53.307254133465335 ], [ 7.324863174459836, 53.316936133474371 ], [ 7.255836174395597, 53.31603613347346 ], [ 7.234189452859624, 53.282646112242134 ], [ 7.208363174351462, 53.242809133405387 ], [ 7.20757601140869, 53.24256941876731 ], [ 7.207575336819303, 53.242568402915524 ], [ 7.207219021131067, 53.176109173481322 ], [ 7.210023912501697, 53.051157023139538 ], [ 7.210971981395204, 53.008884174737972 ], [ 7.194486562858543, 52.959582662250355 ], [ 7.179718987202705, 52.934164537889501 ], [ 7.161999736859542, 52.916970444507797 ], [ 7.127708615113306, 52.882267028420074 ], [ 7.091064094221309, 52.836908533044564 ], [ 7.073028269649257, 52.816064836200752 ], [ 7.066246106742597, 52.792499153997795 ], [ 7.064954622866225, 52.759070302602609 ], [ 7.063609586741507, 52.721382134740509 ], [ 7.057111259195153, 52.675353097940672 ], [ 7.053472032150637, 52.649580583627582 ], [ 7.033746153343174, 52.633190915546919 ], [ 7.012736004946106, 52.635650250273812 ], [ 6.906215482943651, 52.648120269621245 ], [ 6.765763258589999, 52.651175714907268 ], [ 6.723766633213415, 52.623278413863886 ], [ 6.746943184542459, 52.584528271846963 ], [ 6.758124665104901, 52.564647392139932 ], [ 6.722499883688414, 52.559440115012478 ], [ 6.695669430657631, 52.552196444733937 ], [ 6.704027174331031, 52.488191661427066 ], [ 6.758890628940179, 52.460964995988604 ], [ 6.930517756829374, 52.440101250991077 ], [ 6.954243193784436, 52.437222876719161 ], [ 6.984027221157817, 52.457354436361413 ], [ 7.062982895551812, 52.390964216044125 ], [ 7.069797764599286, 52.358756523178343 ], [ 7.058114509862492, 52.337638552489466 ], [ 7.037177920850951, 52.308652759069417 ], [ 7.030698443550449, 52.28556761440403 ], [ 7.047076084886811, 52.238760633795351 ], [ 6.964721290180478, 52.190276658811214 ], [ 6.906035503384572, 52.173206680179732 ], [ 6.891422492912483, 52.160068316568626 ], [ 6.870150407108724, 52.136699638797893 ], [ 6.856037832846454, 52.120483099013029 ], [ 6.812698539108425, 52.117827388770735 ], [ 6.759427362901988, 52.11456387811603 ], [ 6.740171075321882, 52.082883320598782 ], [ 6.732549445897945, 52.056230700781484 ], [ 6.728610473422634, 52.035271968596874 ], [ 6.762777838870846, 52.022115733720412 ], [ 6.797500059015107, 52.008745569717021 ], [ 6.823898710787574, 51.970132960991151 ], [ 6.775127233656548, 51.920695578016506 ], [ 6.746390565352868, 51.906108223125642 ], [ 6.728296482331359, 51.8998992745191 ], [ 6.704080499212353, 51.904603700279338 ], [ 6.684653657817165, 51.911663892888896 ], [ 6.642823465138605, 51.904429246533397 ], [ 6.591551842034647, 51.895088766159091 ], [ 6.52749995709425, 51.874444670368305 ], [ 6.462781054568126, 51.853608697805612 ], [ 6.351109459068851, 51.848053875752882 ], [ 6.182218893232033, 51.89527272528791 ], [ 6.123609467381243, 51.888054079232333 ], [ 6.095320083669037, 51.874429235510291 ], [ 6.003054569323609, 51.829993860596815 ], [ 5.971757624067067, 51.808028167851219 ], [ 5.978257129159147, 51.764338599762837 ], [ 5.952053839994818, 51.747527547540813 ], [ 5.987986158424036, 51.728417995620575 ], [ 6.028888976932592, 51.706664938275026 ], [ 6.067939727258448, 51.645822649848512 ], [ 6.093609420735334, 51.605827176250173 ], [ 6.134027241734998, 51.570827210133189 ], [ 6.158609433498128, 51.5583270405821 ], [ 6.182784077535104, 51.534879241375478 ], [ 6.204860963495975, 51.513465686952941 ], [ 6.213670994929231, 51.489878055371477 ], [ 6.222082271536465, 51.467354910362076 ], [ 6.222232790510645, 51.42982129285835 ], [ 6.222499457793191, 51.36319035362861 ], [ 6.143054348647894, 51.295273063937444 ], [ 6.077636612401307, 51.241382235393672 ], [ 6.071663748973265, 51.214091381098839 ], [ 6.081810051216451, 51.182473227066808 ], [ 6.095225564802348, 51.138620948993392 ], [ 6.055884515711909, 51.11041876319284 ], [ 6.003054272252712, 51.084163180212641 ], [ 5.905554306090409, 51.06311809794903 ], [ 5.864999983787328, 51.045342878744222 ], [ 5.873040967290734, 51.013828370014139 ], [ 5.902011684976685, 50.973118267470966 ], [ 5.943749378914958, 50.984298864415422 ], [ 6.024928019072775, 50.977981759768667 ], [ 6.050431581679078, 50.949122539908245 ], [ 6.080833315452622, 50.914718572741634 ], [ 6.077835795535805, 50.866649857228211 ], [ 6.052180991363315, 50.849211583945774 ], [ 6.016663893044296, 50.841663112220132 ], [ 6.008239511397164, 50.799994974771437 ], [ 6.011798076583943, 50.75727143905884 ], [ 6.034460057581128, 50.739499182011841 ], [ 6.054718986387769, 50.723609307338549 ], [ 6.129520699224884, 50.678915120488824 ], [ 6.167221595273844, 50.656387751534396 ], [ 6.265574038537693, 50.613289873952041 ], [ 6.247774020503925, 50.589164264923454 ], [ 6.264720591816825, 50.497772771141427 ], [ 6.28819275125818, 50.497505909216684 ], [ 6.313472866987041, 50.497218343036039 ], [ 6.339163838176745, 50.486936652110728 ], [ 6.37160366689227, 50.445486050725407 ], [ 6.389644638520082, 50.321337816553793 ], [ 6.349719670092156, 50.312773728395953 ], [ 6.280835522562398, 50.283608764485095 ], [ 6.166663808381969, 50.224717698578672 ], [ 6.139718994926511, 50.154444397855016 ], [ 6.12596259432928, 50.12783910504865 ], [ 6.121213083895981, 50.098360945197328 ], [ 6.113312707453616, 50.058992103986299 ], [ 6.130554391024418, 50.013882878764647 ], [ 6.145221805649783, 49.987949398694752 ], [ 6.174163846534356, 49.951108662519076 ], [ 6.234163833862141, 49.897499897886036 ], [ 6.252781151902667, 49.88235511266447 ], [ 6.29532874595742, 49.86414009578867 ], [ 6.318523477300033, 49.851821888263288 ], [ 6.367901699163042, 49.82912236392869 ], [ 6.401001077081617, 49.81635530170891 ], [ 6.429718986659452, 49.808882471714995 ], [ 6.48194493156214, 49.811100950340773 ], [ 6.524027210749267, 49.807700348267957 ], [ 6.505834756604429, 49.70662691853687 ], [ 6.473460492645017, 49.69336759640106 ], [ 6.420834522027832, 49.665834095167952 ], [ 6.356486859724725, 49.525863701070108 ], [ 6.36277820591684, 49.489166023115075 ], [ 6.362170424215236, 49.459390394456747 ], [ 6.410979247045702, 49.474816922904381 ], [ 6.435404628380894, 49.470017480335585 ], [ 6.468333610491101, 49.461388071228129 ], [ 6.514517426615043, 49.439223743337664 ], [ 6.541245173730147, 49.423882129848735 ], [ 6.594718173779881, 49.36305412979209 ], [ 6.688314746775376, 49.242181674446186 ], [ 6.715069361732901, 49.187286971037665 ], [ 6.729235714708409, 49.167633440761918 ], [ 6.784027383593411, 49.161067287221826 ], [ 6.834100174002998, 49.155064129598287 ], [ 6.85533975139046, 49.182827061331764 ], [ 6.84607565695228, 49.212043933137664 ], [ 6.872738520561455, 49.214640378500917 ], [ 6.92986317409202, 49.220200129658949 ], [ 7.020584476275133, 49.186529739590966 ], [ 7.090554174241731, 49.127491129572689 ], [ 7.151663174298704, 49.121109129566705 ], [ 7.231683505522795, 49.115634557632262 ], [ 7.289721074637015, 49.111663857259131 ], [ 7.318445214091554, 49.127232840499531 ], [ 7.372566306530672, 49.166358757778752 ], [ 7.425555097358, 49.176452823331132 ], [ 7.4869443206087, 49.16416198806354 ], [ 7.586901915436471, 49.095490932319066 ], [ 7.628054174742374, 49.06721812951649 ], [ 7.648439510482007, 49.048321006324457 ], [ 7.668891174780271, 49.042218129493278 ], [ 7.704569358284658, 49.042506741655529 ], [ 7.737499354283585, 49.042770728711304 ], [ 7.821388610915704, 49.046387270093405 ], [ 7.935971916673111, 49.04888160560408 ], [ 8.004052544227363, 49.023664862836128 ], [ 8.049564522408872, 49.007108008229693 ], [ 8.155553862434715, 48.976387537114022 ], [ 8.226078050884183, 48.964416792013594 ], [ 8.198327175273448, 48.955418129412394 ], [ 8.150685741617508, 48.9066801760017 ], [ 8.134582442862865, 48.887998699324541 ], [ 8.121663175202031, 48.865000129328109 ], [ 8.112378298989256, 48.845665749722414 ], [ 8.107115530690152, 48.827091675470697 ], [ 8.092220351347947, 48.803602798528289 ], [ 8.055739352323627, 48.781356596290436 ], [ 7.961945175053245, 48.724164129197092 ], [ 7.880000174976885, 48.664164129141099 ], [ 7.802218174904453, 48.575827129058808 ], [ 7.745400174851483, 48.424945128918324 ], [ 7.736663174843585, 48.394027128889519 ], [ 7.743698096316848, 48.36708755178833 ], [ 7.748705860582959, 48.335792364920422 ], [ 7.693333109954665, 48.276382406600433 ], [ 7.607121463931094, 48.163212172504743 ], [ 7.578379114534101, 48.117199092159282 ], [ 7.569305889267611, 48.087219099571612 ], [ 7.570396797536773, 48.047565468067631 ], [ 7.584906940810356, 48.026349737592724 ], [ 7.619768771704514, 47.996525100507114 ], [ 7.622634993263716, 47.97687368605763 ], [ 7.584163174701558, 47.903327128432522 ], [ 7.557218174676393, 47.862782128394812 ], [ 7.52666317464795, 47.788054128325115 ], [ 7.512082174634344, 47.695136128238616 ], [ 7.527636174648705, 47.662427128208165 ], [ 7.564163174682761, 47.639164128186565 ], [ 7.576588450979074, 47.61883617412883 ], [ 7.587317596178025, 47.59168043822612 ], [ 7.640555113548089, 47.60388190087437 ], [ 7.675690101301882, 47.604995604305614 ], [ 7.668973631972278, 47.576691769929198 ], [ 7.621113211899058, 47.561101392006947 ], [ 7.652848568666684, 47.551535911986619 ], [ 7.680623495934952, 47.546948697425705 ], [ 7.704365692359204, 47.545945305555662 ], [ 7.769719021538492, 47.553327648032464 ], [ 7.917708790173293, 47.554227707712045 ], [ 7.976983992153777, 47.555191913199678 ], [ 8.033333196975121, 47.556106851907941 ], [ 8.101838744399743, 47.57107179179674 ], [ 8.195762694387781, 47.620342573919686 ], [ 8.222461156934941, 47.619806702385617 ], [ 8.240835532459243, 47.619436582216693 ], [ 8.28909943245074, 47.609091480212768 ], [ 8.390835447796832, 47.579991811137859 ], [ 8.429269176109983, 47.574540234558356 ], [ 8.469198336810393, 47.605403268977867 ], [ 8.52609628083755, 47.631749295271078 ], [ 8.565134178063488, 47.611632794876272 ], [ 8.573302767067531, 47.594565566177863 ], [ 8.5930541756411, 47.600554128150492 ], [ 8.614634556541347, 47.638194170113763 ], [ 8.616331888686574, 47.662973207682072 ], [ 8.581942740735059, 47.668568586973251 ], [ 8.540554060959977, 47.664302526181345 ], [ 8.519240059617289, 47.651309254042687 ], [ 8.485417783721459, 47.647081536989347 ], [ 8.449688528595402, 47.661505085193241 ], [ 8.416721766586591, 47.679209715643921 ], [ 8.406944763414486, 47.701800388645779 ], [ 8.477081980709784, 47.770619044999947 ], [ 8.562916599109315, 47.806663551108585 ], [ 8.589690486735122, 47.805136165073691 ], [ 8.611663742336219, 47.803882232903675 ], [ 8.667799490293987, 47.79502704276635 ], [ 8.685554467875932, 47.786659783789545 ], [ 8.709574317507986, 47.772699884405711 ], [ 8.736454986648425, 47.75707382499219 ], [ 8.726238959507754, 47.702458151128837 ], [ 8.754362023003665, 47.693348677028183 ], [ 8.800133807479909, 47.681727729524965 ], [ 8.774374907111991, 47.715970174417706 ], [ 8.804471095229474, 47.735384110275646 ], [ 8.835278433953022, 47.718047427155881 ], [ 8.855833400510733, 47.69888295348521 ], [ 8.880390257653062, 47.658885259961465 ], [ 8.898890388892823, 47.650827614194682 ], [ 8.925972699337365, 47.65180055815155 ], [ 8.947773980074146, 47.657491675560351 ], [ 8.979444602764147, 47.670135988177989 ], [ 9.000835371944703, 47.680827342949087 ], [ 9.033335431307904, 47.688328122848247 ], [ 9.056898558193126, 47.68693680430431 ], [ 9.082637607890945, 47.685413890332754 ], [ 9.261095616915554, 47.662842167023214 ], [ 9.478321601041841, 47.575851739062912 ], [ 9.572112367221166, 47.538990893382334 ], [ 9.608773227281858, 47.529514606231885 ], [ 9.651506635694631, 47.529514606231885 ], [ 9.692530366222599, 47.529514606231885 ], [ 9.732793605577285, 47.541118583846867 ], [ 9.747222758910681, 47.566678671231713 ], [ 9.775417752709927, 47.591245502057618 ], [ 9.803372075520173, 47.59353917628124 ], [ 9.93719774758452, 47.54644791533542 ], [ 9.957911996231644, 47.538248725743074 ], [ 10.043054549634917, 47.495277768113397 ], [ 10.231735302390319, 47.373744977164307 ], [ 10.224613844308863, 47.3555591045087 ], [ 10.210944541827473, 47.321595355309597 ], [ 10.173335034649995, 47.274718903758753 ], [ 10.22889062036748, 47.276036588723187 ], [ 10.253569250983702, 47.283000096741219 ], [ 10.274442865381644, 47.288887339613183 ], [ 10.318520899900136, 47.305757611540344 ], [ 10.342719804228778, 47.318128951701354 ], [ 10.429721551127386, 47.396110426459728 ], [ 10.47374797403856, 47.437637236708966 ], [ 10.469892671993591, 47.460697674598791 ], [ 10.466181672255942, 47.482909286226985 ], [ 10.436390690956216, 47.529163423132488 ], [ 10.433681631148886, 47.580482182713197 ], [ 10.481800749191308, 47.586518592836512 ], [ 10.569444803872614, 47.540273504346089 ], [ 10.616716580492664, 47.545576173346603 ], [ 10.690832448794879, 47.553886776230598 ], [ 10.909443076702672, 47.518051376738967 ], [ 10.955041979097444, 47.438158313651982 ], [ 10.982205528987464, 47.399495052198247 ], [ 11.020085701650231, 47.395505264182816 ], [ 11.104026823937232, 47.396526397538551 ], [ 11.296388822410933, 47.42888677622166 ], [ 11.45749867563768, 47.51221492736957 ], [ 11.508330311480506, 47.509559422091044 ], [ 11.554444898549264, 47.515545678530401 ], [ 11.579862648447261, 47.524091512671717 ], [ 11.661291768909393, 47.571932230069194 ], [ 11.683053986351013, 47.584716899279584 ], [ 11.766950096764589, 47.595144129033443 ], [ 11.919999869540504, 47.614164456102174 ], [ 11.97079427420519, 47.620208902450869 ], [ 12.006387977359736, 47.624443213735759 ], [ 12.059999520783066, 47.620552221848484 ], [ 12.111110571229972, 47.614715772478903 ], [ 12.141388188644925, 47.611107046066451 ], [ 12.201556930160649, 47.612987795991586 ], [ 12.206114344653912, 47.632606891651477 ], [ 12.201111181417843, 47.657491577888521 ], [ 12.319730710934124, 47.662295026692917 ], [ 12.454999943362338, 47.667770596701615 ], [ 12.481245027230557, 47.652533059109572 ], [ 12.514444905174429, 47.633254849934772 ], [ 12.577088996054499, 47.647010316520721 ], [ 12.603401106797065, 47.672287305836406 ], [ 12.665833681376995, 47.684997756258184 ], [ 12.736942513432098, 47.682705248820966 ], [ 12.810264148488983, 47.63313292239728 ], [ 12.827844370526918, 47.62124590231258 ], [ 12.801582739195567, 47.607124449787477 ], [ 12.788191567724937, 47.58353583776362 ], [ 12.806663524329537, 47.554718111103369 ], [ 12.84500470983042, 47.535016144762935 ], [ 12.9578706908068, 47.47701657813306 ], [ 13.019809892399309, 47.474761327962526 ], [ 13.05333558733372, 47.497564450376231 ], [ 13.081787766055044, 47.585930620987085 ], [ 13.097025660473207, 47.649023829003511 ], [ 13.071996917521062, 47.692741298507372 ], [ 13.058335604943977, 47.706108969020121 ], [ 13.023054171021926, 47.724163963212547 ], [ 12.993745715911359, 47.714163634553785 ], [ 12.913956904725723, 47.724999555155037 ], [ 12.944165952411907, 47.788745822296107 ], [ 12.969188466073092, 47.809425549957595 ], [ 13.008890728195894, 47.85416412764036 ], [ 12.98032393240328, 47.889870481574107 ], [ 12.96162150184216, 47.912309956611594 ], [ 12.918890704649982, 47.957772847373391 ], [ 12.860382133791177, 48.004970505349775 ], [ 12.839394186443741, 48.028249475483889 ], [ 12.800853014661698, 48.053498692836726 ], [ 12.76624843196646, 48.082218166968559 ], [ 12.759720800967273, 48.121729308613155 ], [ 12.871245651258306, 48.202909474594804 ], [ 13.017773542195982, 48.259436349113585 ], [ 13.154444958497663, 48.292218581185793 ], [ 13.240150296858786, 48.297730573654647 ], [ 13.265074891254727, 48.30053034369233 ], [ 13.291738892501257, 48.307729486932089 ], [ 13.313054972420304, 48.315826470846645 ], [ 13.334999168748453, 48.328605919314896 ], [ 13.356457338989401, 48.342016634587296 ], [ 13.394999929390423, 48.366100743804026 ], [ 13.422312624566615, 48.392087498625642 ], [ 13.437917814283765, 48.429436654423355 ], [ 13.457500076158738, 48.515553881579635 ], [ 13.450237705448529, 48.538289496169028 ], [ 13.443228071408811, 48.560236657757926 ], [ 13.469502109436206, 48.568722099543947 ], [ 13.518609937504095, 48.584579672488388 ], [ 13.583806640839441, 48.571778749605713 ], [ 13.602773695244991, 48.568054139846524 ], [ 13.634597807235281, 48.558012630633058 ], [ 13.656188146083934, 48.550382997408661 ], [ 13.676943006475767, 48.53228786929941 ], [ 13.725996337684279, 48.51558718194859 ], [ 13.803748784166686, 48.58263413808325 ], [ 13.822534212196871, 48.624659259910814 ], [ 13.820860238076676, 48.676665124809148 ], [ 13.81472176264549, 48.738052503629191 ], [ 13.833609225122899, 48.773607054817006 ], [ 13.817331238067908, 48.782887032173875 ], [ 13.811748191621149, 48.800485871695201 ], [ 13.780136999101387, 48.834022208210229 ], [ 13.761665189682446, 48.845966181268366 ], [ 13.74564130206565, 48.870097714845357 ], [ 13.728126678199487, 48.881317442862141 ], [ 13.699444985645613, 48.879299991409667 ], [ 13.672218609429308, 48.889444745707536 ], [ 13.657591711372362, 48.900260933686226 ], [ 13.636953573166238, 48.929503377795243 ], [ 13.626109547762269, 48.94763588349538 ], [ 13.595345225561346, 48.957426705757726 ], [ 13.571862897438905, 48.96992191091212 ], [ 13.541599126107371, 48.973173511652959 ], [ 13.509718691043162, 48.972499544183563 ], [ 13.402544742139838, 49.00619060224615 ], [ 13.397205075987301, 49.041849773079463 ], [ 13.318471113834136, 49.100829867512388 ], [ 13.173053772773045, 49.167220859355538 ], [ 13.031110650423045, 49.287773132138412 ], [ 12.995705452450977, 49.310933244011338 ], [ 12.959027059273296, 49.334927054831311 ], [ 12.887200613484879, 49.340381512320363 ], [ 12.844761720750625, 49.340133107674347 ], [ 12.797220969189766, 49.339858660287845 ], [ 12.728004941363082, 49.387855159143456 ], [ 12.674445039322933, 49.424999457351703 ], [ 12.601071861734823, 49.523090473300726 ], [ 12.578609446038541, 49.560554477650442 ], [ 12.554721571350797, 49.616661290223817 ], [ 12.515484621976867, 49.67721930081305 ], [ 12.476860591811658, 49.690499010625743 ], [ 12.456758204698588, 49.703739343572039 ], [ 12.4684728995407, 49.783472407640275 ], [ 12.511536239424572, 49.85354589735131 ], [ 12.545972992336857, 49.909581858931261 ], [ 12.490025630742309, 49.976501442498758 ], [ 12.471109209396531, 49.98583557094112 ], [ 12.429444919237056, 49.993890805322508 ], [ 12.343776892379424, 50.031545976206118 ], [ 12.307499020971619, 50.047492848776471 ], [ 12.270825986896, 50.063769188649246 ], [ 12.206144785653208, 50.106209083453493 ], [ 12.193818833827265, 50.1363159667725 ], [ 12.209165402112234, 50.163608592419109 ], [ 12.122082672313581, 50.308467598253358 ], [ 12.099272459069368, 50.321366455790098 ], [ 12.182636605273558, 50.314581461963584 ], [ 12.201043648963889, 50.29661487874597 ], [ 12.28110940542922, 50.218464642276416 ], [ 12.323054389451414, 50.206664375065671 ], [ 12.325540029545522, 50.235942623557264 ], [ 12.398609466502762, 50.309164403925536 ], [ 12.431786138496335, 50.333388998449038 ], [ 12.486325082716604, 50.37319718725206 ], [ 12.515417752487906, 50.392491569452176 ], [ 12.570438151932308, 50.402631422993707 ], [ 12.620972858027045, 50.411944358815688 ], [ 12.671390632294901, 50.411944358815688 ], [ 12.697581742825605, 50.419371614567439 ], [ 12.748366796892668, 50.434888385252677 ], [ 12.772218700684448, 50.44499921994128 ], [ 12.803150808959117, 50.449702746237364 ], [ 12.833059143726587, 50.450251224125807 ], [ 12.855835509749227, 50.442217452587741 ], [ 12.898800715458634, 50.425013208425739 ], [ 12.917617170668223, 50.414649810814026 ], [ 12.944718831600312, 50.40999925261309 ], [ 12.988749846455363, 50.419717648755764 ], [ 13.015273978855589, 50.43930021786187 ], [ 13.051035740856719, 50.472043282242055 ], [ 13.079444865260143, 50.498054184212663 ], [ 13.187218808043639, 50.502773160232124 ], [ 13.201532899392674, 50.516137042783285 ], [ 13.223227225804948, 50.551418700647702 ], [ 13.249582195788122, 50.589164217070092 ], [ 13.378335602663981, 50.629436727635138 ], [ 13.423056915900361, 50.609086059164653 ], [ 13.463400526089089, 50.601663606199153 ], [ 13.511749411725788, 50.641707770459575 ], [ 13.541638859801736, 50.68997246242148 ], [ 13.582218995553802, 50.7094444898229 ], [ 13.614915897123439, 50.717400329848701 ], [ 13.63471869114295, 50.722218594408488 ], [ 13.669444887529409, 50.725827552070356 ], [ 13.734163574623125, 50.730827172799152 ], [ 13.78793746847154, 50.743865886634353 ], [ 13.89110922142919, 50.76888221972473 ], [ 13.903598518503941, 50.788174660715171 ], [ 13.924884272487731, 50.794605272534923 ], [ 13.990691590313304, 50.814444391807555 ], [ 14.082255174912063, 50.830329412246144 ], [ 14.155554128954094, 50.843045554675129 ], [ 14.311390728792475, 50.882218027781093 ], [ 14.325119329135418, 50.894944685876027 ], [ 14.368327989241038, 50.934999576286458 ], [ 14.321245727719173, 50.946108677804176 ], [ 14.258054218154854, 50.995135531508694 ], [ 14.285554331997247, 51.037499776230646 ], [ 14.306033912359567, 51.052338115955123 ], [ 14.381137865640284, 51.046098405090774 ], [ 14.49166354656461, 51.036663083359031 ], [ 14.551158940082615, 51.012781382178147 ], [ 14.569163610101782, 51.005554141021321 ], [ 14.597218637415523, 50.982499850963791 ], [ 14.606295605347725, 50.965321052196558 ], [ 14.628335314861857, 50.923608647241124 ], [ 14.631390437544695, 50.88110085643855 ], [ 14.619236045130748, 50.858254870940925 ], [ 14.651663675562475, 50.847218594508206 ], [ 14.690842690900524, 50.836520043383814 ], [ 14.717781125099208, 50.829163802550184 ], [ 14.739161102482484, 50.824016494419425 ], [ 14.771527196959369, 50.818327377757925 ], [ 14.802435321841358, 50.819696627289375 ], [ 14.826669982273046, 50.861110983081943 ], [ 14.966663181576877, 50.859164131185366 ], [ 15.003891181611493, 50.86750013119314 ], [ 15.019163181625885, 50.950554131270493 ], [ 15.016391181623192, 50.974091131292383 ], [ 15.176945181772737, 51.014718131330312 ], [ 15.239445181830945, 50.991945131308938 ], [ 15.275273181864378, 50.975000131293172 ], [ 15.290418181878465, 50.948954131269033 ], [ 15.272500181861773, 50.924509131246268 ], [ 15.282773181871391, 50.892082131216057 ], [ 15.311663181898297, 50.860345131186449 ], [ 15.362845181945886, 50.840618131168043 ], [ 15.379718181961579, 50.779445131111103 ], [ 15.488336182062795, 50.786664131117945 ], [ 15.606663182172952, 50.772773131104927 ], [ 15.787500182341432, 50.744164131078335 ], [ 15.946945182489827, 50.68943613102725 ], [ 16.024436182561999, 50.630000130971922 ], [ 16.071391182605709, 50.63555413097707 ], [ 16.118054182649246, 50.657800130997828 ], [ 16.13750018266731, 50.656109130996299 ], [ 16.237500182760499, 50.670554131009666 ], [ 16.332009182848452, 50.664027131003593 ], [ 16.370000182883928, 50.644164130985132 ], [ 16.430273182940113, 50.601527130945385 ], [ 16.447363182955968, 50.578818130924333 ], [ 16.406663182918038, 50.523045130872404 ], [ 16.358918182873452, 50.497909130848953 ], [ 16.30994360477041, 50.500611763646589 ], [ 16.207736182732759, 50.439018130794025 ], [ 16.219027182743275, 50.410273130767294 ], [ 16.266109182787091, 50.38971813074815 ], [ 16.295474089367474, 50.380447261338119 ], [ 16.371945182885696, 50.361109130721474 ], [ 16.441695832793584, 50.316432980398332 ], [ 16.458609182966427, 50.303600130668016 ], [ 16.524259372117854, 50.247438006753967 ], [ 16.548742793472769, 50.22616370786983 ], [ 16.562218183062896, 50.208191130579053 ], [ 16.565973183066461, 50.170345130543851 ], [ 16.587773183086739, 50.140000130515645 ], [ 16.614436183111479, 50.119718130496707 ], [ 16.640000183135356, 50.108891130486668 ], [ 16.715345183205471, 50.09832713047679 ], [ 16.763565204531659, 50.126871857759454 ], [ 16.786663183271912, 50.140545130516159 ], [ 16.807090683290966, 50.174545130547813 ], [ 16.846945183328131, 50.201800130573133 ], [ 16.911391183388105, 50.222354130592279 ], [ 16.968609183441373, 50.222773130592671 ], [ 17.002218183472763, 50.216945130587234 ], [ 16.972773183445213, 50.310000130673885 ], [ 16.937500183412396, 50.340554130702415 ], [ 16.868745183348409, 50.411182130768253 ], [ 16.890973183369113, 50.438673130793816 ], [ 16.910827183387539, 50.440127130795105 ], [ 16.941391183416016, 50.4350001307903 ], [ 17.057782183524438, 50.410554130767622 ], [ 17.118054183580568, 50.396664130754701 ], [ 17.205273183661831, 50.360973130721405 ], [ 17.226945183681977, 50.345273130706687 ], [ 17.283609183734796, 50.320273130683475 ], [ 17.378327183822989, 50.279445130645442 ], [ 17.433054183873992, 50.27027313063688 ], [ 17.62680018405436, 50.265545130632574 ], [ 17.661109184086257, 50.272354130638888 ], [ 17.693473184116414, 50.300000130664671 ], [ 17.697009184119793, 50.320273130683475 ], [ 17.724445184145253, 50.319018130682309 ], [ 17.753054184172015, 50.297773130662478 ], [ 17.762918184181189, 50.233327130602419 ], [ 17.763682184181874, 50.209373130580133 ], [ 17.695273184118093, 50.17902713055193 ], [ 17.642773184069284, 50.17194513054541 ], [ 17.606318184035388, 50.162700130536678 ], [ 17.657773184083283, 50.108054130485797 ], [ 17.84013618425297, 49.989582130375538 ], [ 17.876245184286745, 49.978954130365523 ], [ 17.920691184328007, 49.97736413036418 ], [ 18.00944518441068, 50.01110913039561 ], [ 18.053163184451421, 50.055927130437297 ], [ 18.094163184489645, 50.038054130420591 ], [ 18.172893727326795, 50.002164250745921 ], [ 18.270273184653661, 49.957773130345842 ], [ 18.294563602066859, 49.95203998457589 ], [ 18.239993750733987, 50.044126608700097 ], [ 18.246254555743178, 50.112995463801298 ], [ 18.258776165761532, 50.131777878828942 ], [ 18.365209850918035, 50.138038683838118 ], [ 18.415296290991677, 50.138038683838118 ], [ 18.490425951102054, 50.16934270888413 ], [ 18.565555611212517, 50.188125123911774 ], [ 18.609381246276911, 50.206907538939419 ], [ 18.678250101378097, 50.219429148957786 ], [ 18.797205396553039, 50.275776394040619 ], [ 18.834770226608242, 50.294558809068249 ], [ 18.934943106755441, 50.34464524914182 ], [ 18.92868230174625, 50.40725329923383 ], [ 18.878595861672693, 50.43229651927065 ], [ 18.80346620156223, 50.469861349325853 ], [ 18.778422981525409, 50.519947789399495 ], [ 18.759640566497751, 50.582555839491519 ], [ 18.709554126424194, 50.60759905952834 ], [ 18.578077221230899, 50.620120669546708 ], [ 18.546773196184887, 50.663946304611173 ], [ 18.590598831249366, 50.714032744684815 ], [ 18.671989296368935, 50.726554354703183 ], [ 18.73459734646093, 50.782901599786015 ], [ 18.671989296368935, 50.820466429841218 ], [ 18.60312044126772, 50.851770454887216 ], [ 18.628163661304541, 50.895596089951681 ], [ 18.634424466313732, 50.926900114997693 ], [ 18.60312044126772, 50.989508165089717 ], [ 18.565555611212517, 50.995768970098894 ], [ 18.477904341083701, 51.020812190135715 ], [ 18.446600316037689, 51.058377020190918 ], [ 18.42781790101003, 51.108463460264559 ], [ 18.358949045908844, 51.146028290319748 ], [ 18.29634099581682, 51.127245875292203 ], [ 18.239993750733987, 51.139767485310571 ], [ 18.177351063781742, 51.164824560091503 ], [ 18.146081675595951, 51.17733231536576 ], [ 18.077212820494765, 51.17733231536576 ], [ 18.008343965393465, 51.120985070282927 ], [ 17.908171085246266, 51.11472426527375 ], [ 17.845563035154242, 51.13350668030138 ], [ 17.801737400089792, 51.196114730393404 ], [ 17.739129349997768, 51.208636340411772 ], [ 17.695303714933402, 51.227418755439416 ], [ 17.714086129960947, 51.277505195512973 ], [ 17.701564519942565, 51.340113245605082 ], [ 17.66399968988739, 51.408982100706282 ], [ 17.632695664841378, 51.434025320743103 ], [ 17.557566004730887, 51.471590150798292 ], [ 17.538783589703343, 51.502894175844304 ], [ 17.582609224767737, 51.546719810908769 ], [ 17.520001174675713, 51.61558866600997 ], [ 17.419828294528401, 51.646892691055982 ], [ 17.257047364289178, 51.653153496065158 ], [ 17.213221729224813, 51.603067055991517 ], [ 17.181917704178716, 51.578023835954781 ], [ 17.044179993976314, 51.565502225936314 ], [ 16.950267918838279, 51.578023835954781 ], [ 16.91270308878299, 51.590545445973149 ], [ 16.856355843700157, 51.590545445973149 ], [ 16.812530208635792, 51.61558866600997 ], [ 16.787486988598971, 51.634371081037614 ], [ 16.749922158543768, 51.68445752111117 ], [ 16.64974927839657, 51.722022351166359 ], [ 16.549576398249258, 51.784630401258468 ], [ 16.47444673813888, 51.790891206267645 ], [ 16.380534663000759, 51.803412816286013 ], [ 16.368013052982405, 51.828456036322848 ], [ 16.355491442964023, 51.872281671387213 ], [ 16.32418741791804, 51.897324891424049 ], [ 16.230275342780004, 51.934889721479237 ], [ 16.142624072651159, 51.891064086414858 ], [ 16.098798437586709, 51.94741133149769 ], [ 16.067494412540697, 52.003758576580523 ], [ 16.036190387494685, 52.047584211644903 ], [ 15.998625557439482, 52.060105821663356 ], [ 15.892191872283007, 52.072627431681724 ], [ 15.879670262264625, 52.14149628678301 ], [ 15.879670262264625, 52.18532192184739 ], [ 15.873409457255377, 52.222886751902578 ], [ 15.854627042227804, 52.266712386967043 ], [ 15.854627042227804, 52.298016412013055 ], [ 15.860887847236995, 52.366885267114256 ], [ 15.826453419686402, 52.413841304683316 ], [ 15.798279797144971, 52.442014927224733 ], [ 15.792018992135809, 52.460797342252278 ], [ 15.829583822190983, 52.498362172307566 ], [ 15.829583822190983, 52.554709417390399 ], [ 15.810801407163353, 52.598535052454778 ], [ 15.792018992135809, 52.623578272491599 ], [ 15.779497382117341, 52.654882297537611 ], [ 15.779497382117341, 52.6924471275928 ], [ 15.904713482301474, 52.6924471275928 ], [ 15.917235092319828, 52.723751152638812 ], [ 15.910974287310637, 52.748794372675633 ], [ 15.917235092319828, 52.805141617758466 ], [ 15.942278312356649, 52.848967252822845 ], [ 15.986103947421043, 52.855228057832022 ], [ 16.036190387494685, 52.874010472859666 ], [ 16.098798437586709, 52.899053692896487 ], [ 16.142624072651159, 52.899053692896487 ], [ 16.205232122743183, 52.89279288788731 ], [ 16.305405002890382, 52.880271277868843 ], [ 16.374273857991597, 52.880271277868843 ], [ 16.461925128120441, 52.880271277868843 ], [ 16.530793983221713, 52.89279288788731 ], [ 16.562098008267725, 52.980444158016141 ], [ 16.568358813276916, 53.030530598089712 ], [ 16.599662838322928, 53.055573818126533 ], [ 16.656010083405761, 53.036791403098974 ], [ 16.687314108451773, 53.061834623135709 ], [ 16.718618133497756, 53.086877843172545 ], [ 16.76244376856215, 53.118181868218542 ], [ 16.812530208635792, 53.15574669827383 ], [ 16.893920673755446, 53.21835474836584 ], [ 16.925224698801458, 53.237137163393399 ], [ 17.037919188967123, 53.255919578421043 ], [ 17.113048849077501, 53.255919578421043 ], [ 17.131831264105159, 53.26218038343022 ], [ 17.250786559279987, 53.331049238531421 ], [ 17.24452575427074, 53.39365728862353 ], [ 17.263308169298369, 53.431222118678718 ], [ 17.319655414381202, 53.46252614372473 ], [ 17.350959439427214, 53.518873388807563 ], [ 17.369741854454844, 53.562699023871943 ], [ 17.426089099537677, 53.587742243908764 ], [ 17.444871514565222, 53.619046268954776 ], [ 17.476175539611233, 53.669132709028418 ], [ 17.488697149629701, 53.70043673407443 ], [ 17.488697149629701, 53.738001564129618 ], [ 17.407306684510047, 53.819392029249272 ], [ 17.369741854454844, 53.844435249286107 ], [ 17.282090584325999, 53.882000079341296 ], [ 17.232004144252357, 53.932086519414938 ], [ 17.188178509187992, 54.019737789543797 ], [ 17.188178509187992, 54.044781009580618 ], [ 17.238264949261549, 54.076085034626516 ], [ 17.275829779316837, 54.076085034626516 ], [ 17.350959439427214, 54.069824229617353 ], [ 17.407306684510047, 54.05104181458978 ], [ 17.451132319574498, 54.044781009580618 ], [ 17.607652444804557, 54.038520204571341 ], [ 17.645217274859732, 54.057302619598971 ], [ 17.645217274859732, 54.107389059672613 ], [ 17.626434859832102, 54.176257914773828 ], [ 17.570087614749355, 54.213822744829031 ], [ 17.551305199721725, 54.251387574884205 ], [ 17.588870029776899, 54.270169989911864 ], [ 17.645217274859732, 54.276430794921026 ], [ 17.689042909924126, 54.301474014957847 ], [ 17.720346934970138, 54.33903884501305 ], [ 17.751650960016121, 54.370342870059062 ], [ 17.782954985062133, 54.389125285086692 ], [ 17.845563035154242, 54.420429310132704 ], [ 17.78921579007141, 54.439211725160362 ], [ 17.78921579007141, 54.476776555215537 ], [ 17.845563035154242, 54.483037360224728 ], [ 17.870606255191063, 54.483037360224728 ], [ 17.933214305283087, 54.476776555215537 ], [ 17.97077913533829, 54.489298165233919 ], [ 18.008343965393465, 54.545645410316752 ], [ 18.008343965393465, 54.589471045381202 ], [ 18.033387185430286, 54.620775070427214 ], [ 18.064691210476298, 54.677122315510047 ], [ 18.020865575411932, 54.739730365602071 ], [ 18.037012027751814, 54.833653460880441 ], [ 17.918891184326355, 54.82666413488036 ], [ 17.896945184305906, 54.823882134877749 ], [ 17.774436184191813, 54.806391134861457 ], [ 17.686609184110011, 54.789091134845364 ], [ 17.59291818402275, 54.770000134827569 ], [ 17.530554183964682, 54.76221813482033 ], [ 17.434163183874915, 54.75277313481152 ], [ 17.362218183807897, 54.747773134806863 ], [ 17.251109183704415, 54.730273134790565 ], [ 17.065836183531871, 54.673473134737691 ], [ 17.036527183504575, 54.660554134725658 ], [ 17.019163183488416, 54.647500134713482 ], [ 16.939445183414165, 54.605409134674289 ], [ 16.915273183391662, 54.597773134667165 ], [ 16.884163183362688, 54.589718134659677 ], [ 16.79332718327808, 54.575827134646744 ], [ 16.701945183192976, 54.568745134640153 ], [ 16.665273183158831, 54.566936134638468 ], [ 16.63860918313398, 54.563609134635357 ], [ 16.571663183071649, 54.551109134623715 ], [ 16.543609183045504, 54.544718134617767 ], [ 16.51555418301939, 54.534164134607948 ], [ 16.489527182995147, 54.518673134593513 ], [ 16.460554182968167, 54.499718134575858 ], [ 16.408218182919427, 54.46152713454029 ], [ 16.318336182835708, 54.391109134474704 ], [ 16.304927182823235, 54.372291134457186 ], [ 16.329445182846058, 54.35680013444275 ], [ 16.21778218274207, 54.273609134365273 ], [ 16.174718182701952, 54.259164134351835 ], [ 16.144027182673369, 54.252918134346004 ], [ 16.08139118261505, 54.254300134347289 ], [ 16.04777318258374, 54.261664134354163 ], [ 15.876391182424129, 54.24638213433991 ], [ 15.839300182389564, 54.241391134335259 ], [ 15.794163182347546, 54.226109134321035 ], [ 15.752363182308613, 54.214164134309925 ], [ 15.654163182217161, 54.193882134291016 ], [ 15.493473182067504, 54.166518134265544 ], [ 15.429445182007868, 54.162218134261536 ], [ 15.395854181976574, 54.160627134260068 ], [ 15.353891181937513, 54.156391134256097 ], [ 15.30278218188991, 54.147773134248069 ], [ 15.228054181820312, 54.129436134231014 ], [ 14.979718181589021, 54.071391134176935 ], [ 14.814445181435104, 54.039164134146944 ], [ 14.745282181370698, 54.028609134137099 ], [ 14.559445181197617, 53.976664134088736 ], [ 14.504300181146249, 53.959164134072438 ], [ 14.483327181126725, 53.947218134061302 ], [ 14.425418181072786, 53.922500134038273 ], [ 14.376391181027145, 53.912218134028706 ], [ 14.350273181002819, 53.910554134027166 ], [ 14.327773180981865, 53.91250013402896 ], [ 14.249863180909301, 53.922354134038159 ], [ 14.22555418088673, 53.928600134043947 ], [ 14.225554180886775, 53.928600134044075 ], [ 14.22555407543897, 53.928600170063511 ], [ 14.225555419921932, 53.928604125976506 ], [ 14.214166641235465, 53.932495117187557 ], [ 14.184026718139648, 53.946384429931527 ], [ 14.104999542236328, 53.998603820800724 ], [ 14.057377285862572, 54.029265967676295 ], [ 14.057377285185822, 54.029265968112071 ], [ 14.001317891566202, 54.06536335636585 ], [ 13.965444549851071, 54.07323574016047 ], [ 13.929790294409401, 54.079581200553065 ], [ 13.929763896642259, 54.079589951276276 ], [ 13.892382180576419, 54.090300134194649 ], [ 13.886610212211105, 54.093895174362515 ], [ 13.886609700170851, 54.093895344101213 ], [ 13.885451204703147, 54.094617056098912 ], [ 13.883057249372882, 54.096108118597471 ], [ 13.866109848022518, 54.106666564941634 ], [ 13.84121301351699, 54.129565520341494 ], [ 13.841213013295089, 54.129565520545611 ], [ 13.827082180515674, 54.142564134243287 ], [ 13.822651183533345, 54.150049357463352 ], [ 13.822650874616073, 54.150049698367837 ], [ 13.821031414072596, 54.15278561208666 ], [ 13.820342304082795, 54.153949716263988 ], [ 13.812776565551758, 54.166732788085994 ], [ 13.812775178086316, 54.166732759774028 ], [ 13.812774512235434, 54.166733884586911 ], [ 13.784423555772157, 54.166154423004386 ], [ 13.782725142688454, 54.166119572948105 ], [ 13.768470764160156, 54.165828704833984 ], [ 13.758053779601994, 54.147357940673885 ], [ 13.758055526437971, 54.147356520696661 ], [ 13.758054180451325, 54.147354134247735 ], [ 13.810808797662322, 54.104473445391108 ], [ 13.810809407653267, 54.104473129159231 ], [ 13.810809418898842, 54.104462758477702 ], [ 13.808683395385742, 54.071613311767578 ], [ 13.814303047801877, 54.057675600280525 ], [ 13.822775047428834, 54.036662217070926 ], [ 13.822775980835226, 54.036661258587635 ], [ 13.822776794433537, 54.036659240722884 ], [ 13.836924611738164, 54.022132510552822 ], [ 13.859026874209093, 53.999436910458101 ], [ 13.900417490571073, 54.011937101201667 ], [ 13.919145283350881, 54.03157370325448 ], [ 13.919145334734056, 54.03157398785816 ], [ 13.919145584106388, 54.031574249267408 ], [ 13.924100875854549, 54.059013366699105 ], [ 13.945272337468294, 54.060096767720012 ], [ 13.948877588811797, 54.060280440318756 ], [ 13.95068747222993, 54.060372953354204 ], [ 13.950688921796456, 54.060372720219597 ], [ 13.954073180633941, 54.060545134167 ], [ 13.97988114877124, 54.056609291531046 ], [ 13.982767493129462, 54.053722711956077 ], [ 13.986175166773052, 54.050313727668801 ], [ 14.003282987514922, 54.033200881856061 ], [ 14.01400107393286, 54.014173704352615 ], [ 14.031874643301284, 54.009533021037242 ], [ 14.047690391540527, 54.005424499511832 ], [ 14.05159601804214, 53.99576349591208 ], [ 14.056000180728859, 53.984864134096483 ], [ 14.047363395916193, 53.962630206169251 ], [ 14.047363395842821, 53.962630205980368 ], [ 14.039597575642633, 53.942644831807016 ], [ 14.012691259967028, 53.949426536460635 ], [ 14.012682817794238, 53.949428464119364 ], [ 13.982067108154354, 53.962551116943416 ], [ 13.976509874931853, 53.957688078178116 ], [ 13.976507681518086, 53.957688579015198 ], [ 13.974498820141726, 53.955930299395739 ], [ 13.970951200504514, 53.952823778239363 ], [ 13.957568168640137, 53.941112518310547 ], [ 13.946601225451431, 53.92506327626851 ], [ 13.944826273887518, 53.922467510984013 ], [ 13.94394483058224, 53.921177802010348 ], [ 13.943930772593044, 53.921155282623552 ], [ 13.939631462097168, 53.914863586425724 ], [ 13.929214520307511, 53.897581429149717 ], [ 13.929163607076703, 53.89749987162952 ], [ 13.871944992290651, 53.878053539950812 ], [ 13.82919427645923, 53.859508064515623 ], [ 13.829195824467829, 53.859507529770596 ], [ 13.829189300537109, 53.859504699707145 ], [ 13.885276794433651, 53.840133666992188 ], [ 13.949165344238338, 53.843605041504134 ], [ 14.000276565551758, 53.851799011230469 ], [ 14.018481223149356, 53.860173970794563 ], [ 14.039373234991842, 53.869782927701436 ], [ 14.082499773168905, 53.87332764114376 ], [ 14.120583177961857, 53.873901263324228 ], [ 14.19347190856945, 53.874996185302621 ], [ 14.218887329101676, 53.869018554687727 ], [ 14.218887280041017, 53.869019052031739 ], [ 14.218891180880453, 53.869018133988561 ], [ 14.218891180880462, 53.869018133988476 ], [ 14.266109180924417, 53.836664133958351 ], [ 14.290000180946663, 53.82277313394539 ], [ 14.339445180992726, 53.804854133928728 ], [ 14.412573181060822, 53.859927133979994 ], [ 14.476663181120529, 53.864582133984328 ], [ 14.553473181192061, 53.857773133977986 ], [ 14.580836181217535, 53.847500133968424 ], [ 14.614163181248585, 53.816382133939442 ], [ 14.620282181254282, 53.767918133894312 ], [ 14.554718181193209, 53.67860013381113 ], [ 14.525000181165524, 53.660554133794335 ], [ 14.410691181059065, 53.680545133812956 ], [ 14.366109181017549, 53.699436133830545 ], [ 14.275627180933299, 53.699064133830177 ], [ 14.2756271809333, 53.69906413383017 ], [ 14.256391180915443, 53.697354133828696 ], [ 14.223891180885232, 53.700827133831808 ], [ 13.959163180638711, 53.77499113390104 ], [ 13.808536180498379, 53.85478213397522 ], [ 13.82110918050995, 53.876391133995355 ], [ 13.865273180551185, 53.9041641340213 ], [ 13.829718180517943, 53.98638213409788 ], [ 13.806402712649344, 54.020395375283698 ], [ 13.78611038366455, 54.049997472249629 ], [ 13.786110604592908, 54.04999805661847 ], [ 13.786109180477354, 54.050000134157131 ], [ 13.799026450184501, 54.084162202764638 ], [ 13.799024330418531, 54.084171319539458 ], [ 13.788891180479993, 54.109718134212699 ], [ 13.710828624784842, 54.170826003601469 ], [ 13.484028055442488, 54.11944327473438 ], [ 13.499718180210721, 54.086109134190735 ], [ 13.487082180198854, 54.087354134191912 ], [ 13.461549105868754, 54.094996772563604 ], [ 13.461548116951889, 54.094996831912397 ], [ 13.461547682517482, 54.09499719860549 ], [ 13.454582180168643, 54.097082134200832 ], [ 13.433686159496574, 54.118514277070346 ], [ 13.379163180098431, 54.174436134273037 ], [ 13.328856358166291, 54.206766641847651 ], [ 13.285136667555122, 54.234862967385141 ], [ 13.232504569938584, 54.247234403164953 ], [ 13.212500179943106, 54.251936134345101 ], [ 13.118609179855866, 54.276454134368009 ], [ 13.095780716189637, 54.306162613699911 ], [ 13.023889515853895, 54.399717959740755 ], [ 12.935727752700416, 54.390459329908509 ], [ 12.764718863831746, 54.372499490491521 ], [ 12.682780985783751, 54.376108416397358 ], [ 12.621314476303468, 54.37241914496866 ], [ 12.619586968180283, 54.372239775444569 ], [ 12.581945179356012, 54.368327134453523 ], [ 12.549718179325964, 54.360545134446284 ], [ 12.480136179261081, 54.331936134419664 ], [ 12.42142552704945, 54.283327223181033 ], [ 12.420701489700946, 54.282727739786026 ], [ 12.423955956964196, 54.258953540437531 ], [ 12.451600179234674, 54.249718134343084 ], [ 12.451595930079854, 54.249718039099527 ], [ 12.451596164335257, 54.249717960826899 ], [ 12.40819295963837, 54.248745118315099 ], [ 12.408192828643681, 54.248745171314113 ], [ 12.408191179194091, 54.248745134342187 ], [ 12.37437317916266, 54.262427134354937 ], [ 12.365838111082388, 54.304476255178997 ], [ 12.365840663563112, 54.304475296235964 ], [ 12.365693114311236, 54.305202375893757 ] ] ], [ [ [ 22.781136688854758, 54.370386134455572 ], [ 22.736109188812861, 54.423464134504883 ], [ 22.715834338469534, 54.439554686203394 ], [ 22.698327188777625, 54.464573134543144 ], [ 22.691382188771087, 54.493609134570249 ], [ 22.6948541887744, 54.5294361346036 ], [ 22.720136188798051, 54.693182134756142 ], [ 22.745273188821301, 54.717209134778443 ], [ 22.791004612546601, 54.753400707574883 ], [ 22.813882188885287, 54.771664134829223 ], [ 22.840409188909973, 54.77762713483483 ], [ 22.866873188934676, 54.812145134866881 ], [ 22.865000188932811, 54.838600134891578 ], [ 22.851393365031157, 54.881628792881372 ], [ 22.838745188908348, 54.899300134948106 ], [ 22.719991188797849, 54.962627135007068 ], [ 22.682218188762647, 54.958327135003003 ], [ 22.645409188728422, 54.964473135008802 ], [ 22.606866531558751, 55.039248999916282 ], [ 22.534437253397442, 55.062300378851717 ], [ 22.512867940613404, 55.061526846941547 ], [ 22.480999393731025, 55.060446110102333 ], [ 22.275856931031825, 55.063143408151859 ], [ 22.24967953744445, 55.064169863547647 ], [ 22.190614715343429, 55.059661353365044 ], [ 22.159661067111131, 55.051227471220898 ], [ 22.138745188256564, 55.052700135090873 ], [ 22.12350061742589, 55.036781827299677 ], [ 22.10332718822346, 55.029436135069261 ], [ 22.05992718818311, 55.028527135068487 ], [ 21.957627694055873, 55.067245736394568 ], [ 21.927677845996328, 55.072817428353119 ], [ 21.906975014278032, 55.079466329108158 ], [ 21.860804524228826, 55.092494737631455 ], [ 21.836193073904951, 55.100122821941198 ], [ 21.812770847337816, 55.11017423512456 ], [ 21.791841066458005, 55.116746453628821 ], [ 21.758648968460761, 55.122156706772984 ], [ 21.726665235815943, 55.134752280424976 ], [ 21.706050381178216, 55.152466225187197 ], [ 21.646025444950226, 55.178427172595349 ], [ 21.615734880236147, 55.187374696898956 ], [ 21.570514536411821, 55.195398167124779 ], [ 21.545542969175216, 55.199686261899416 ], [ 21.431382187597819, 55.251936135276509 ], [ 21.377574637246369, 55.278073153580749 ], [ 21.35439956712014, 55.276220626634341 ], [ 21.335890610107128, 55.268489323998182 ], [ 21.309351804904736, 55.256857594355779 ], [ 21.271366219891377, 55.248017153332825 ], [ 21.274163187451222, 55.227418135253629 ], [ 21.26250018744031, 55.202282135230178 ], [ 21.227636187407938, 55.19971813522784 ], [ 21.190827187373657, 55.149164135180854 ], [ 21.216663187397614, 55.01860013505916 ], [ 21.227909187408159, 54.987973135030643 ], [ 21.245063187424137, 54.955054135000069 ], [ 21.222500187403114, 54.931936134978343 ], [ 21.093054187282632, 54.895691134944741 ], [ 20.984436187181416, 54.892491134941793 ], [ 20.865136187070277, 54.902491134950992 ], [ 20.793191187003345, 54.939991134985974 ], [ 20.755273186968054, 54.943045134988722 ], [ 20.654991186874611, 54.942491134988188 ], [ 20.586382186810624, 54.939845134985831 ], [ 20.560827186786753, 54.939154134985131 ], [ 20.531700186759792, 54.96436413500868 ], [ 20.583745186808244, 55.000136135041885 ], [ 20.630827186852002, 55.021100135061374 ], [ 20.672500186890829, 55.043327135082166 ], [ 20.70832718692418, 55.063882135101267 ], [ 20.843054187049802, 55.149300135180908 ], [ 20.883536187087429, 55.196727135224933 ], [ 20.908327187110388, 55.228327135254403 ], [ 20.984809187181725, 55.27655413529925 ], [ 20.984809187181227, 55.276554135299378 ], [ 20.984809187181209, 55.276554135299378 ], [ 20.942836187142518, 55.287200135309376 ], [ 20.935554187135835, 55.279436135302035 ], [ 20.894436187097597, 55.243045135268176 ], [ 20.827773187035461, 55.184718135213814 ], [ 20.696936186913547, 55.078191135114537 ], [ 20.672500186890829, 55.062491135100004 ], [ 20.625000186846648, 55.034718135074229 ], [ 20.604718186827768, 55.02360913506385 ], [ 20.548609186775593, 54.996382135038402 ], [ 20.45247535102418, 54.959175708565709 ], [ 20.422636186658053, 54.94762713499307 ], [ 20.361945186601588, 54.94193613498777 ], [ 20.03041818629282, 54.946382134991836 ], [ 19.99040918625559, 54.957218135001995 ], [ 19.94117318620988, 54.927773134974473 ], [ 19.926663186196265, 54.899164134948023 ], [ 19.923818186193557, 54.860964134912308 ], [ 19.939436186208241, 54.836936134889925 ], [ 19.959718186227121, 54.798600134854155 ], [ 19.959018186226388, 54.764436134822517 ], [ 19.923009186192871, 54.712582134774209 ], [ 19.899163186170654, 54.688882134752021 ], [ 19.872709186145983, 54.640545134707111 ], [ 19.90082718617208, 54.628327134695724 ], [ 19.929445186198905, 54.630000134697184 ], [ 19.954163186221876, 54.640445134707022 ], [ 19.944163186212677, 54.659154134724304 ], [ 19.961009186228239, 54.692618134755605 ], [ 19.981391186247151, 54.705491134767499 ], [ 20.009645186273531, 54.719782134780928 ], [ 20.193609186444917, 54.69693613475954 ], [ 20.397291186634561, 54.675064134739159 ], [ 20.245554186493337, 54.611800134680266 ], [ 20.216936186466683, 54.603327134672327 ], [ 20.102500186359975, 54.57416413464523 ], [ 20.03610918629812, 54.563882134635605 ], [ 19.822363186099153, 54.466382134544745 ], [ 19.797009186075481, 54.437545134517961 ], [ 19.713609185997797, 54.383327134467464 ], [ 19.628745185918774, 54.350545134436942 ], [ 19.571036185865012, 54.346936134433577 ], [ 19.478745185779076, 54.314164134403057 ], [ 19.371109185678819, 54.268600134360611 ], [ 19.350724987194155, 54.270260021675057 ], [ 19.333836029141651, 54.237688459716537 ], [ 19.327778666324761, 54.236036451675567 ], [ 19.327685958326612, 54.234738539701446 ], [ 19.315436914070968, 54.232670519242703 ], [ 19.302907621224591, 54.229253439375498 ], [ 19.288849253989639, 54.206760051799506 ], [ 19.271979213307617, 54.195513358011482 ], [ 19.226992438155605, 54.168802460265056 ], [ 19.229804111602562, 54.142091562518516 ], [ 19.197469866962138, 54.119598174942524 ], [ 19.159512275427602, 54.099916460813461 ], [ 19.11874301044611, 54.105539807707459 ], [ 19.107496316658114, 54.078828909961032 ], [ 19.0681328884001, 54.059147195831969 ], [ 19.032986970312521, 54.054929685661449 ], [ 19.007681909289545, 54.049306338767451 ], [ 18.993623542054507, 54.035247971532499 ], [ 18.959883460690492, 53.993072869827529 ], [ 18.917708358985521, 53.981826176039434 ], [ 18.881156604174492, 53.967767808804481 ], [ 18.869909910386468, 53.948086094675517 ], [ 18.86428656349247, 53.92278103365247 ], [ 18.858663216598472, 53.897475972629408 ], [ 18.855851543151516, 53.869359238159404 ], [ 18.827734808681498, 53.84967752403044 ], [ 18.819299788340459, 53.829995809901391 ], [ 18.830546482128454, 53.799067401984431 ], [ 18.830546482128454, 53.756892300279375 ], [ 18.824923135234457, 53.737210586150411 ], [ 18.796806400764467, 53.723152218915459 ], [ 18.765877992847493, 53.703470504786409 ], [ 18.737761258377475, 53.67254209686935 ], [ 18.734949584930433, 53.638802015505348 ], [ 18.740572931824431, 53.619120301376384 ], [ 18.761660482676973, 53.600844423970898 ], [ 18.796806400764467, 53.602250260694376 ], [ 18.841793175916479, 53.610685281035344 ], [ 18.881156604174492, 53.607873607588388 ], [ 18.940201746561542, 53.585380220012382 ], [ 19.030175296865565, 53.59100356690638 ], [ 19.111713826828549, 53.602250260694376 ], [ 19.15670060198056, 53.602250260694376 ], [ 19.226992438155605, 53.599438587247334 ], [ 19.229804111602562, 53.568510179330374 ], [ 19.289214038345875, 53.506598293277037 ], [ 19.345254590153729, 53.49640910203928 ], [ 19.375822163867127, 53.552449653847148 ], [ 19.411484333199468, 53.598301014417274 ], [ 19.482808671864092, 53.598301014417274 ], [ 19.54903841490983, 53.577922631941647 ], [ 19.589795179860971, 53.56773344070389 ], [ 19.640741136050053, 53.583017227560617 ], [ 19.69168709223905, 53.598301014417274 ], [ 19.717160070333534, 53.618679396892887 ], [ 19.798673600235929, 53.613584801274001 ], [ 19.844524960806041, 53.593206418798388 ], [ 19.885281725757267, 53.562638845085004 ], [ 19.859808747662782, 53.537165866990506 ], [ 19.875092534519496, 53.501503697658151 ], [ 19.910754703851779, 53.49640910203928 ], [ 19.941322277565234, 53.45565233708804 ], [ 19.97698444689749, 53.440368550231398 ], [ 20.002457424992002, 53.404706380899043 ], [ 20.033024998705457, 53.374138807185659 ], [ 20.053403381180999, 53.379233402804545 ], [ 20.083970954894454, 53.358855020328932 ], [ 20.140011506702336, 53.333382042234433 ], [ 20.206241249748075, 53.318098255377691 ], [ 20.231714227842559, 53.292625277283193 ], [ 20.252092610318186, 53.251868512331967 ], [ 20.292849375269412, 53.236584725475325 ], [ 20.328511544601696, 53.236584725475325 ], [ 20.394741287647406, 53.241679321094196 ], [ 20.435498052598547, 53.246773916713082 ], [ 20.450781839455288, 53.267152299188695 ], [ 20.481349413168687, 53.318098255377691 ], [ 20.522106178119913, 53.338476637853319 ], [ 20.623998090497992, 53.333382042234433 ], [ 20.690227833543645, 53.328287446615548 ], [ 20.802308937159466, 53.31300365975882 ], [ 20.873633275824091, 53.297719872902078 ], [ 20.924579232013087, 53.297719872902078 ], [ 21.113079269912419, 53.374138807185659 ], [ 21.148741439244787, 53.399611785280158 ], [ 21.164025226101415, 53.414895572136814 ], [ 21.245538756003896, 53.435273954612427 ], [ 21.301579307811778, 53.45565233708804 ], [ 21.434038793903227, 53.476030719563653 ], [ 21.530836110662335, 53.491314506420395 ], [ 21.6378226186593, 53.486219910801424 ], [ 21.754998317894035, 53.486219910801424 ], [ 21.861984825890914, 53.465841528325896 ], [ 21.90274159084214, 53.49640910203928 ], [ 21.928214568936653, 53.52697667575265 ], [ 22.01482269445799, 53.532071271371535 ], [ 22.030106481314732, 53.511692888895922 ], [ 22.081052437503729, 53.532071271371535 ], [ 22.131998393692726, 53.56773344070389 ], [ 22.228795710451834, 53.613584801274001 ], [ 22.305214644735344, 53.6390577793685 ], [ 22.442768726445678, 53.705287522414238 ], [ 22.554849830061528, 53.725665904889851 ], [ 22.600701190631639, 53.735855096127608 ], [ 22.626174168726124, 53.766422669840992 ], [ 22.666930933677378, 53.771517265459963 ], [ 22.707687698628519, 53.781706456697734 ], [ 22.72297148548526, 53.812274030411103 ], [ 22.733160676723003, 53.847936199743458 ], [ 22.75353905919863, 53.873409177837956 ], [ 22.763728250436486, 53.898882155932455 ], [ 22.763728250436486, 53.939638920883695 ], [ 22.72297148548526, 53.980395685834836 ], [ 22.651647146820636, 54.031341642023932 ], [ 22.600701190631639, 54.072098406975158 ], [ 22.590511999393868, 54.112855171926299 ], [ 22.580322808156012, 54.179084914972037 ], [ 22.549755234442642, 54.204557893066522 ], [ 22.529376851967015, 54.245314658017747 ], [ 22.559944425680413, 54.27078763611226 ], [ 22.63636335996398, 54.280976827350031 ], [ 22.697498507390748, 54.280976827350031 ], [ 22.768822846055372, 54.291166018587887 ], [ 22.781136688854758, 54.370386134455572 ] ] ], [ [ [ 19.627254185917423, 54.463273134541907 ], [ 19.628118373999882, 54.463003390485653 ], [ 19.628118373999865, 54.463003390485639 ], [ 19.651109185939589, 54.455827134534985 ], [ 19.651109185939674, 54.455827134534957 ], [ 19.697773185983124, 54.479436134557091 ], [ 19.755273186036732, 54.515000134590196 ], [ 19.830273186106524, 54.572773134643967 ], [ 19.836382186112132, 54.600000134669187 ], [ 19.77138218605171, 54.546109134619144 ], [ 19.731800186014766, 54.519954134594684 ], [ 19.698745185983967, 54.499164134575381 ], [ 19.627254185917423, 54.463273134541907 ] ] ], [ [ [ 13.515620412429421, 54.511890275366902 ], [ 13.503090861356839, 54.493098950414634 ], [ 13.489606352679782, 54.486536121208474 ], [ 13.489606125784308, 54.486536010762499 ], [ 13.483854293823242, 54.483737945556584 ], [ 13.447462000311321, 54.488937253337497 ], [ 13.420426977281011, 54.5216909431104 ], [ 13.394953590178403, 54.541964472116263 ], [ 13.377798939928226, 54.558082246114395 ], [ 13.377798572769823, 54.558085589456567 ], [ 13.368931134419732, 54.577145466079429 ], [ 13.368928616345798, 54.577144598001212 ], [ 13.367397308349553, 54.580436706543026 ], [ 13.337763786316032, 54.566402435302962 ], [ 13.303970336914176, 54.550285339355696 ], [ 13.255620002746696, 54.551322937011832 ], [ 13.239412050218125, 54.552108808061945 ], [ 13.231394051745944, 54.552499994514797 ], [ 13.231390407980854, 54.552499566911138 ], [ 13.146963829815958, 54.545608101162038 ], [ 13.146965779572646, 54.545605000863283 ], [ 13.14696216583252, 54.545604705810774 ], [ 13.165274812317127, 54.516491895915635 ], [ 13.16527481232189, 54.516491895908061 ], [ 13.167236318772821, 54.513373075709552 ], [ 13.167236735068881, 54.513372899207603 ], [ 13.167238235473746, 54.513370513916016 ], [ 13.232224464416561, 54.485816955566634 ], [ 13.23040371705733, 54.475325914039516 ], [ 13.228609633076644, 54.464999185380435 ], [ 13.188657854587758, 54.445855997435253 ], [ 13.164638519287223, 54.434349060058651 ], [ 13.164643015076148, 54.434348409840013 ], [ 13.164637888863378, 54.434345953427894 ], [ 13.198476861321057, 54.429455075700041 ], [ 13.207789421081543, 54.428108215331974 ], [ 13.238982725817008, 54.411472549068755 ], [ 13.240496499081331, 54.409559763203923 ], [ 13.240497054953513, 54.409559060848743 ], [ 13.240497054953734, 54.409559060848466 ], [ 13.263887300471861, 54.379998591268475 ], [ 13.263876992530292, 54.379995918935094 ], [ 13.252519291145891, 54.376621197896483 ], [ 13.235832214355526, 54.371665954589787 ], [ 13.226974235656082, 54.37056570492647 ], [ 13.220136179950373, 54.369718134454899 ], [ 13.200557110899327, 54.372772677195563 ], [ 13.200554108459841, 54.372772905042439 ], [ 13.182808676910856, 54.373726640111386 ], [ 13.182808487921877, 54.373726650266185 ], [ 13.154026985168457, 54.375274658203239 ], [ 13.133956909179744, 54.371383666992244 ], [ 13.133956430233765, 54.371382570672409 ], [ 13.133954742484443, 54.371382243514901 ], [ 13.125357575594441, 54.351699568141605 ], [ 13.118818283081112, 54.336730957031364 ], [ 13.118819430427667, 54.336729997701298 ], [ 13.118818492495343, 54.336727850235341 ], [ 13.156109575805488, 54.30554625619186 ], [ 13.156271474005553, 54.305469726679924 ], [ 13.25333213806158, 54.257217407226676 ], [ 13.268054962158203, 54.254997253417969 ], [ 13.317734291127836, 54.248714472406732 ], [ 13.318609194449351, 54.248601055956783 ], [ 13.354644870798699, 54.235962847507231 ], [ 13.395416259765625, 54.221660614013786 ], [ 13.426943778991699, 54.235828399658203 ], [ 13.427638053894157, 54.24791336059593 ], [ 13.420970916748161, 54.260272979736555 ], [ 13.413960149035221, 54.2627018921211 ], [ 13.413958664845296, 54.262704211240134 ], [ 13.413952217481862, 54.262704640043864 ], [ 13.413952217481858, 54.262704640043864 ], [ 13.406943321228141, 54.265132904052848 ], [ 13.395793956470039, 54.263912316663628 ], [ 13.395783121343037, 54.263913037290429 ], [ 13.376779376170399, 54.261830677267248 ], [ 13.376779376160872, 54.261830677266204 ], [ 13.357500199626779, 54.259720070943551 ], [ 13.357538978381429, 54.263561733897099 ], [ 13.357565499009297, 54.266189031099003 ], [ 13.357565499009306, 54.266189031099891 ], [ 13.357638359069938, 54.273189544677734 ], [ 13.400375802314052, 54.294267182013911 ], [ 13.400375802331805, 54.294267182022665 ], [ 13.469426990714183, 54.328318164704356 ], [ 13.469444953862507, 54.328328099225331 ], [ 13.50113077152797, 54.340240319935013 ], [ 13.506388664245719, 54.342216491699105 ], [ 13.686944007873592, 54.348743438720874 ], [ 13.712498664855957, 54.322635650634766 ], [ 13.710832595825309, 54.296943664550952 ], [ 13.699307554451966, 54.285829547431057 ], [ 13.695345354945005, 54.282009131968778 ], [ 13.695346566612997, 54.282008733490393 ], [ 13.695346566613003, 54.282008733490393 ], [ 13.713054656982422, 54.271938323974666 ], [ 13.72110878664231, 54.273536373141276 ], [ 13.721109096296004, 54.273536271306199 ], [ 13.721109166408528, 54.273536448492074 ], [ 13.729166030883903, 54.275135040283374 ], [ 13.743886009635892, 54.331097275865432 ], [ 13.743890599073836, 54.331108874129626 ], [ 13.736380251232056, 54.34498220026358 ], [ 13.73637972467607, 54.3449831728391 ], [ 13.731109619140625, 54.354721069335938 ], [ 13.710693359375, 54.380970001220874 ], [ 13.706598176708081, 54.384510389587916 ], [ 13.706595853930509, 54.384513212759458 ], [ 13.706593716033408, 54.384514245953312 ], [ 13.702499389648438, 54.388053894043082 ], [ 13.671408959335354, 54.401518186090627 ], [ 13.67139045195362, 54.401527130259652 ], [ 13.671388334688462, 54.401527117979512 ], [ 13.671387672424316, 54.401527404785384 ], [ 13.64638710021984, 54.401382446288949 ], [ 13.642993976271823, 54.401321446307882 ], [ 13.6429939762551, 54.401321446307584 ], [ 13.631109180333112, 54.401109134484159 ], [ 13.625068678843522, 54.402218042968123 ], [ 13.625068062964772, 54.402218067111392 ], [ 13.625067947167912, 54.402218177288312 ], [ 13.622875468339736, 54.402620670090883 ], [ 13.619026485567408, 54.403327886499234 ], [ 13.618642976859149, 54.403743002354126 ], [ 13.616075410626253, 54.406522176408863 ], [ 13.583610534667912, 54.441665649414006 ], [ 13.57728385925293, 54.456935882568416 ], [ 13.577310942332547, 54.460635431241521 ], [ 13.577310942332556, 54.460635431242629 ], [ 13.577322679199785, 54.462144995227604 ], [ 13.577322511768614, 54.462145540663983 ], [ 13.577322686284703, 54.462145906470433 ], [ 13.577363180282987, 54.467354134545815 ], [ 13.587361541020382, 54.48318853844534 ], [ 13.587362006931951, 54.483189515051329 ], [ 13.644165992736873, 54.514160156249943 ], [ 13.668609619140682, 54.521522521972713 ], [ 13.672564480671827, 54.525476430754836 ], [ 13.672568215585869, 54.525477918546386 ], [ 13.672569636346859, 54.52548158518784 ], [ 13.676527023315487, 54.529438018799055 ], [ 13.679164886474666, 54.542495727538949 ], [ 13.674512863159293, 54.566593170166072 ], [ 13.647629769777593, 54.580268037523446 ], [ 13.638472786103364, 54.584927002297633 ], [ 13.61777410292251, 54.586108187662262 ], [ 13.593054089660626, 54.584717800210143 ], [ 13.516090268180335, 54.5767994723237 ], [ 13.485219055757426, 54.574927188567116 ], [ 13.481774330139103, 54.57471847534174 ], [ 13.456299781799373, 54.573158264160156 ], [ 13.433423995971793, 54.577838897705078 ], [ 13.407429695129508, 54.588756561279183 ], [ 13.391312599182243, 54.606952667236271 ], [ 13.384305091030134, 54.641940617574058 ], [ 13.38909571315911, 54.646313664882911 ], [ 13.389095825098565, 54.646314358114466 ], [ 13.389096851905855, 54.646314704370738 ], [ 13.393891180112178, 54.65069113471651 ], [ 13.410139610982398, 54.654754397061581 ], [ 13.425554275512695, 54.658607482909986 ], [ 13.441596031189022, 54.674785614013729 ], [ 13.427082061767692, 54.682498931884766 ], [ 13.38388824462902, 54.680831909179801 ], [ 13.369186282404707, 54.679782078037107 ], [ 13.364444591392953, 54.679444690901164 ], [ 13.364207980276358, 54.679423487633031 ], [ 13.292221069335938, 54.673332214355355 ], [ 13.285476755938493, 54.672368200949393 ], [ 13.285414172361982, 54.672362592690689 ], [ 13.285385192384188, 54.672355113109511 ], [ 13.278610229492131, 54.67138671875 ], [ 13.263332366943359, 54.666664123535384 ], [ 13.256322532963146, 54.662897002261303 ], [ 13.244718749726076, 54.656663597867748 ], [ 13.226527398892262, 54.641181312884342 ], [ 13.22652805570088, 54.641178847413158 ], [ 13.22652721405035, 54.641178131103572 ], [ 13.248749732971191, 54.557777404785043 ], [ 13.282365443400378, 54.563974016096886 ], [ 13.284135639332934, 54.564300035059006 ], [ 13.284136328046486, 54.564300235254422 ], [ 13.287320194227158, 54.565388108606051 ], [ 13.287320700123823, 54.565388281470355 ], [ 13.310555458068848, 54.573326110839844 ], [ 13.329721450805721, 54.582771301269645 ], [ 13.355440139770565, 54.604354858398551 ], [ 13.374673388485824, 54.610072387367055 ], [ 13.375426538281387, 54.60737152152582 ], [ 13.375428556528311, 54.607371826161085 ], [ 13.383514404296818, 54.578357696533203 ], [ 13.426145553588981, 54.570041656494197 ], [ 13.459401346122434, 54.550814489770758 ], [ 13.459418447752057, 54.550801135513552 ], [ 13.502570833485304, 54.549764774278465 ], [ 13.502570833485306, 54.549764774278465 ], [ 13.516607284545842, 54.513370513916016 ], [ 13.515620412429421, 54.511890275366902 ] ] ], [ [ [ 9.414723943883581, 54.833327365157487 ], [ 9.44535565777943, 54.825401983662744 ], [ 9.446752103422472, 54.827144809518202 ], [ 9.414723943883581, 54.833327365157487 ] ] ] ] } },
{ "type": "Feature", "properties": { "cntry_name": "Czechoslovakia", "area": 140397.0, "capname": "Prague", "caplong": 14.4667, "caplat": 50.0833, "gwcode": 315.0, "gwsdate": "1918-11-11", "gwsyear": 1918.0, "gwsmonth": 11.0, "gwsday": 11.0, "gwedate": "1938-09-29", "gweyear": 1938.0, "gwemonth": 9.0, "gweday": 29.0, "name": "Czechoslovakia", "max": 1918.0 }, "geometry": { "type": "Polygon", "coordinates": [ [ [ 14.826669982273046, 50.861110983081943 ], [ 14.802435321841358, 50.819696627289375 ], [ 14.771527196959369, 50.818327377757925 ], [ 14.739161102482484, 50.824016494419425 ], [ 14.717781125099208, 50.829163802550184 ], [ 14.690842690900524, 50.836520043383814 ], [ 14.651663675562475, 50.847218594508206 ], [ 14.619236045130748, 50.858254870940925 ], [ 14.631390437544695, 50.88110085643855 ], [ 14.628335314861857, 50.923608647241124 ], [ 14.606295605347725, 50.965321052196558 ], [ 14.597218637415523, 50.982499850963791 ], [ 14.569163610101782, 51.005554141021321 ], [ 14.551158940082615, 51.012781382178147 ], [ 14.49166354656461, 51.036663083359031 ], [ 14.381137865640284, 51.046098405090774 ], [ 14.306033912359567, 51.052338115955123 ], [ 14.285554331997247, 51.037499776230646 ], [ 14.258054218154854, 50.995135531508694 ], [ 14.321245727719173, 50.946108677804176 ], [ 14.368327989241038, 50.934999576286458 ], [ 14.325119329135418, 50.894944685876027 ], [ 14.311390728792475, 50.882218027781093 ], [ 14.155554128954094, 50.843045554675129 ], [ 14.082255174912063, 50.830329412246144 ], [ 13.990691590313304, 50.814444391807555 ], [ 13.924884272487731, 50.794605272534923 ], [ 13.903598518503941, 50.788174660715171 ], [ 13.89110922142919, 50.76888221972473 ], [ 13.78793746847154, 50.743865886634353 ], [ 13.734163574623125, 50.730827172799152 ], [ 13.669444887529409, 50.725827552070356 ], [ 13.63471869114295, 50.722218594408488 ], [ 13.614915897123439, 50.717400329848701 ], [ 13.582218995553802, 50.7094444898229 ], [ 13.541638859801736, 50.68997246242148 ], [ 13.511749411725788, 50.641707770459575 ], [ 13.463400526089089, 50.601663606199153 ], [ 13.423056915900361, 50.609086059164653 ], [ 13.378335602663981, 50.629436727635138 ], [ 13.249582195788122, 50.589164217070092 ], [ 13.223227225804948, 50.551418700647702 ], [ 13.201532899392674, 50.516137042783285 ], [ 13.187218808043639, 50.502773160232124 ], [ 13.079444865260143, 50.498054184212663 ], [ 13.051035740856719, 50.472043282242055 ], [ 13.015273978855589, 50.43930021786187 ], [ 12.988749846455363, 50.419717648755764 ], [ 12.944718831600312, 50.40999925261309 ], [ 12.917617170668223, 50.414649810814026 ], [ 12.898800715458634, 50.425013208425739 ], [ 12.855835509749227, 50.442217452587741 ], [ 12.833059143726587, 50.450251224125807 ], [ 12.803150808959117, 50.449702746237364 ], [ 12.772218700684448, 50.44499921994128 ], [ 12.748366796892668, 50.434888385252677 ], [ 12.697581742825605, 50.419371614567439 ], [ 12.671390632294901, 50.411944358815688 ], [ 12.620972858027045, 50.411944358815688 ], [ 12.570438151932308, 50.402631422993707 ], [ 12.515417752487906, 50.392491569452176 ], [ 12.486325082716604, 50.37319718725206 ], [ 12.431786138496335, 50.333388998449038 ], [ 12.398609466502762, 50.309164403925536 ], [ 12.325540029545522, 50.235942623557264 ], [ 12.323054389451414, 50.206664375065671 ], [ 12.28110940542922, 50.218464642276416 ], [ 12.201043648963889, 50.29661487874597 ], [ 12.182636605273558, 50.314581461963584 ], [ 12.099272459069368, 50.321366455790098 ], [ 12.122082672313581, 50.308467598253358 ], [ 12.209165402112234, 50.163608592419109 ], [ 12.193818833827265, 50.1363159667725 ], [ 12.206144785653208, 50.106209083453493 ], [ 12.270825986896, 50.063769188649246 ], [ 12.307499020971619, 50.047492848776471 ], [ 12.343776892379424, 50.031545976206118 ], [ 12.429444919237056, 49.993890805322508 ], [ 12.471109209396531, 49.98583557094112 ], [ 12.490025630742309, 49.976501442498758 ], [ 12.545972992336857, 49.909581858931261 ], [ 12.511536239424572, 49.85354589735131 ], [ 12.4684728995407, 49.783472407640275 ], [ 12.456758204698588, 49.703739343572039 ], [ 12.476860591811658, 49.690499010625743 ], [ 12.515484621976867, 49.67721930081305 ], [ 12.554721571350797, 49.616661290223817 ], [ 12.578609446038541, 49.560554477650442 ], [ 12.601071861734823, 49.523090473300726 ], [ 12.674445039322933, 49.424999457351703 ], [ 12.728004941363082, 49.387855159143456 ], [ 12.797220969189766, 49.339858660287845 ], [ 12.844761720750625, 49.340133107674347 ], [ 12.887200613484879, 49.340381512320363 ], [ 12.959027059273296, 49.334927054831311 ], [ 12.995705452450977, 49.310933244011338 ], [ 13.031110650423045, 49.287773132138412 ], [ 13.173053772773045, 49.167220859355538 ], [ 13.318471113834136, 49.100829867512388 ], [ 13.397205075987301, 49.041849773079463 ], [ 13.402544742139838, 49.00619060224615 ], [ 13.509718691043162, 48.972499544183563 ], [ 13.541599126107371, 48.973173511652959 ], [ 13.571862897438905, 48.96992191091212 ], [ 13.595345225561346, 48.957426705757726 ], [ 13.626109547762269, 48.94763588349538 ], [ 13.636953573166238, 48.929503377795243 ], [ 13.657591711372362, 48.900260933686226 ], [ 13.672218609429308, 48.889444745707536 ], [ 13.699444985645613, 48.879299991409667 ], [ 13.728126678199487, 48.881317442862141 ], [ 13.74564130206565, 48.870097714845357 ], [ 13.761665189682446, 48.845966181268366 ], [ 13.780136999101387, 48.834022208210229 ], [ 13.811748191621149, 48.800485871695201 ], [ 13.817331238067908, 48.782887032173875 ], [ 13.833609225122899, 48.773607054817006 ], [ 13.858054180544542, 48.770554129240224 ], [ 13.883609180568214, 48.763609129233856 ], [ 13.998609180675402, 48.714027129187556 ], [ 14.051391180724465, 48.669791129146418 ], [ 14.184163180848174, 48.596109129077831 ], [ 14.278327180935804, 48.582500129065068 ], [ 14.390273181040072, 48.592500129074452 ], [ 14.446391181092309, 48.618891129098898 ], [ 14.505554181147431, 48.628327129107802 ], [ 14.611945181246483, 48.628464129107954 ], [ 14.654445181286093, 48.608473129089376 ], [ 14.702850181331286, 48.58325912906578 ], [ 14.719445181346686, 48.604018129085105 ], [ 14.716663181344046, 48.65430012913194 ], [ 14.727218181353891, 48.693464129168376 ], [ 14.823745181443769, 48.785064129253655 ], [ 14.849445181467701, 48.786382129254875 ], [ 14.885554181501476, 48.782773129251495 ], [ 14.926329924995713, 48.789414609759802 ], [ 14.958891181569754, 48.794718129262662 ], [ 14.985000181593961, 48.939164129397312 ], [ 14.979582181589137, 48.97992712943531 ], [ 15.004163181611887, 49.011391129464528 ], [ 15.028609181634721, 49.018745129471355 ], [ 15.065554181669086, 49.014718129467667 ], [ 15.156663181753885, 48.999718129453669 ], [ 15.301391181888704, 48.98778212944255 ], [ 15.359027181942281, 48.984718129439671 ], [ 15.392500181973588, 48.973609129429292 ], [ 15.45166318202871, 48.951109129408479 ], [ 15.514445182087002, 48.919991129379454 ], [ 15.546663182117129, 48.912218129372079 ], [ 15.564436182133733, 48.909164129369316 ], [ 15.585000182152811, 48.899164129360102 ], [ 15.685973182246954, 48.86401812932715 ], [ 15.746391182303171, 48.858609129322275 ], [ 15.849427182399126, 48.859700129323187 ], [ 15.96416318250607, 48.804718129272047 ], [ 16.021663182559593, 48.77721812924645 ], [ 16.060554182595638, 48.760273129230683 ], [ 16.081109182614853, 48.754718129225452 ], [ 16.103336182635474, 48.750000129221078 ], [ 16.333054182849452, 48.733054129205229 ], [ 16.382154182895135, 48.736036129208074 ], [ 16.412982182923969, 48.751873129222759 ], [ 16.430827182940561, 48.782218129251049 ], [ 16.45826318296622, 48.81124512927812 ], [ 16.540554183042701, 48.812354129279115 ], [ 16.658818183152874, 48.785273129253895 ], [ 16.711663183202177, 48.746382129217665 ], [ 16.785554183271017, 48.719854129193081 ], [ 16.832918183315144, 48.716245129189701 ], [ 16.871936183351409, 48.725482129198312 ], [ 16.892500183370657, 48.72582712919862 ], [ 16.917918183394278, 48.703191129177384 ], [ 16.946182183420547, 48.619064129099172 ], [ 16.943336183417784, 48.573327129056423 ], [ 16.933327183408522, 48.532773129018665 ], [ 16.9075001833844, 48.50694512899463 ], [ 16.86569118334549, 48.468745128959085 ], [ 16.855827183336316, 48.449436128941173 ], [ 16.844718183326052, 48.361973128859617 ], [ 16.923891183399803, 48.282082128785333 ], [ 16.94971818342384, 48.278045128781528 ], [ 16.952363183426257, 48.250273128755623 ], [ 16.975273183447598, 48.188327128697964 ], [ 16.998018183468787, 48.169700128680688 ], [ 17.033545183501843, 48.145264128657786 ], [ 17.069145183535056, 48.135264128648572 ], [ 17.081109183546175, 48.088336128604794 ], [ 17.116663183579334, 48.038609128558576 ], [ 17.173882195629034, 48.016708731725387 ], [ 17.245422683699132, 48.025341128546216 ], [ 17.263191183715719, 48.007500128529585 ], [ 17.311945183761196, 47.998054128520735 ], [ 17.341945183789022, 47.995754128518556 ], [ 17.411882183854146, 47.94474512847107 ], [ 17.445209183885282, 47.91305412844153 ], [ 17.462082183900975, 47.892082128422089 ], [ 17.485863183923158, 47.877964128408948 ], [ 17.71221818413386, 47.770554128308902 ], [ 17.787282184203804, 47.746427128286427 ], [ 17.9029136843115, 47.749122628288916 ], [ 17.976109184379709, 47.763609128302434 ], [ 18.086109184482126, 47.759436128298489 ], [ 18.125409184518787, 47.756109128295435 ], [ 18.195827184584289, 47.747773128287662 ], [ 18.304718184685726, 47.737500128278157 ], [ 18.337500184716163, 47.740827128281197 ], [ 18.378609184754538, 47.74721812828713 ], [ 18.413327184786908, 47.753882128293341 ], [ 18.44930018482043, 47.767354128305968 ], [ 18.540836184905572, 47.767491128306119 ], [ 18.597218184958166, 47.763054128301903 ], [ 18.63694518499517, 47.759164128298366 ], [ 18.663054185019547, 47.759718128298729 ], [ 18.682918185037892, 47.766382128304954 ], [ 18.729654185081415, 47.795482128332196 ], [ 18.757782185107658, 47.814354128349663 ], [ 18.788054185135877, 47.817218128352337 ], [ 18.852218185195682, 47.824718628359278 ], [ 18.820000185165611, 47.855554128388107 ], [ 18.783500185131658, 47.872082128403477 ], [ 18.759654185109412, 47.914718128443141 ], [ 18.771663185120644, 47.965554128490524 ], [ 18.827363185172487, 48.036127128556245 ], [ 18.845336185189183, 48.049127128568372 ], [ 18.907282185246856, 48.057973128576606 ], [ 18.965673185301256, 48.059800128578203 ], [ 18.995536685329142, 48.068027128585925 ], [ 19.041709185372071, 48.070636128588376 ], [ 19.13945418546308, 48.061673128580054 ], [ 19.208336185527259, 48.059445128577963 ], [ 19.472427185773313, 48.089436128605925 ], [ 19.497291185796371, 48.135900128649141 ], [ 19.508609185806904, 48.173045128683725 ], [ 19.530218185827096, 48.208927128717178 ], [ 19.63055418592046, 48.233891128740439 ], [ 19.653327185941663, 48.232918128739513 ], [ 19.755000186036341, 48.20944512871759 ], [ 19.786836186066154, 48.196909128706025 ], [ 19.910627186181301, 48.130482128644061 ], [ 19.939863186208612, 48.136245128649449 ], [ 19.969027186235735, 48.153473128665539 ], [ 20.010136186274025, 48.173882128684582 ], [ 20.059327186319933, 48.176309128686796 ], [ 20.09332718635153, 48.198327128707263 ], [ 20.140554186395519, 48.226109128733199 ], [ 20.235554186483938, 48.27499112877868 ], [ 20.283018186528182, 48.255718128760819 ], [ 20.317218186559984, 48.269718128773789 ], [ 20.340827186581947, 48.286109128789008 ], [ 20.363054186602739, 48.304582128806146 ], [ 20.402500186639429, 48.361245128859068 ], [ 20.414163186650256, 48.399718128894804 ], [ 20.4358361866704, 48.43360912892642 ], [ 20.451109186684704, 48.448745128940487 ], [ 20.499445186729787, 48.483054128972398 ], [ 20.500827186730987, 48.504436128992381 ], [ 20.539718186767203, 48.536945129022627 ], [ 20.652918186872739, 48.561664129045681 ], [ 20.713336186928927, 48.56916412905268 ], [ 20.818054187026405, 48.5761731290592 ], [ 20.843473187050193, 48.567636129051209 ], [ 20.870000187074879, 48.550827129035596 ], [ 20.946391187145991, 48.52471812901122 ], [ 21.084445187274554, 48.513609129000926 ], [ 21.153327187338647, 48.511109128998626 ], [ 21.253891187432345, 48.522218129009005 ], [ 21.308709187483402, 48.548045129032971 ], [ 21.438191187603934, 48.575345129058363 ], [ 21.507218187668229, 48.548882129033828 ], [ 21.617291187770832, 48.492500128981249 ], [ 21.625409187778416, 48.458882128950023 ], [ 21.722354187868689, 48.355336128853494 ], [ 21.780973187923308, 48.340691128839921 ], [ 21.828127187967141, 48.343464128842513 ], [ 21.85250018798979, 48.362145128859808 ], [ 21.935836188067384, 48.379164128875658 ], [ 21.965000188094621, 48.3819451288783 ], [ 22.029445188154597, 48.387500128883445 ], [ 22.064863188187587, 48.385136128881285 ], [ 22.098609188219001, 48.377982128874677 ], [ 22.15107775644978, 48.410553558886633 ], [ 22.171718188287173, 48.40905412890352 ], [ 22.214300188326888, 48.417773128911648 ], [ 22.270209188378885, 48.402218128897104 ], [ 22.270273188378951, 48.3599911288578 ], [ 22.347773188451072, 48.27499112877868 ], [ 22.380973188482074, 48.244854128750632 ], [ 22.454718188550743, 48.243609128749412 ], [ 22.494609188587816, 48.249700128755109 ], [ 22.574718188662445, 48.187209128696935 ], [ 22.597773188683988, 48.145827128658354 ], [ 22.605236188690839, 48.116482128631091 ], [ 22.625718188709982, 48.100345128616098 ], [ 22.647036188729828, 48.094318128610354 ], [ 22.679791188760362, 48.094991128610971 ], [ 22.737773188814401, 48.114436128629137 ], [ 22.790273188863296, 48.116654128631197 ], [ 22.84654518891557, 48.083164128599989 ], [ 22.883227188949775, 48.040482128560242 ], [ 22.859163188927425, 47.993891128516822 ], [ 22.895375419284079, 47.954252687997936 ], [ 22.930000188993773, 47.96054512845889 ], [ 23.04427189662789, 47.993479329265853 ], [ 23.08777318913252, 48.01347312856096 ], [ 23.102218189145191, 48.034300128579247 ], [ 23.11250018915419, 48.062773128604277 ], [ 23.125618189165863, 48.089364128627679 ], [ 23.152354189189282, 48.105691128642135 ], [ 23.174163189208514, 48.108327128644319 ], [ 23.260691189284557, 48.090127128628453 ], [ 23.279163189300817, 48.075273128615251 ], [ 23.299100189318381, 48.044854128588568 ], [ 23.356109189368482, 48.021100128567639 ], [ 23.410273189416159, 48.000545128549561 ], [ 23.508622689558251, 47.985900128536699 ], [ 23.566100189608761, 47.999991128549112 ], [ 23.823891189835535, 47.966945128464488 ], [ 23.969718189963743, 47.96139112845961 ], [ 24.032363190018941, 47.955964128454838 ], [ 24.096182190075012, 47.932354128434014 ], [ 24.127500190102637, 47.912009128416173 ], [ 24.246945190207697, 47.903882128408895 ], [ 24.326945190278025, 47.92889112843099 ], [ 24.421527190361161, 47.957773128456367 ], [ 24.453891190389612, 47.958609128457056 ], [ 24.512842992305963, 47.955409052118384 ], [ 24.516194061830134, 48.025322064225605 ], [ 24.535308139517866, 48.04921466133527 ], [ 24.578314814315178, 48.075496518155902 ], [ 24.517388691685625, 48.137617270640945 ], [ 24.471992757177333, 48.174650796160918 ], [ 24.482744425876689, 48.20212728283694 ], [ 24.4672142377554, 48.252301736767151 ], [ 24.434959231657359, 48.296503041419939 ], [ 24.393147186715623, 48.349066755061116 ], [ 24.331026434230495, 48.382516391014647 ], [ 24.310717726687386, 48.40401972841326 ], [ 24.274878831022875, 48.421939176245502 ], [ 24.24381845478041, 48.407603617979703 ], [ 24.230677526369988, 48.384905650725614 ], [ 24.198422520272032, 48.38729491043658 ], [ 24.132717878220632, 48.406408988124312 ], [ 24.110019910966457, 48.454194182343556 ], [ 24.095684352700658, 48.482865298875069 ], [ 24.078959534723879, 48.517509564684076 ], [ 24.078959534723879, 48.554543090204064 ], [ 24.047899158481414, 48.540207531938265 ], [ 23.992946185129284, 48.524677343816975 ], [ 23.945160990909955, 48.515120304973109 ], [ 23.900959686257153, 48.482865298875069 ], [ 23.87228856972564, 48.517509564684076 ], [ 23.891402647413287, 48.560516239481387 ], [ 23.867510050303622, 48.580824947024595 ], [ 23.828087265072753, 48.574851797747186 ], [ 23.789859109697403, 48.596355135145885 ], [ 23.774328921576199, 48.605912173989665 ], [ 23.7599933633104, 48.623831621821907 ], [ 23.763577252876843, 48.653697368208896 ], [ 23.748047064755468, 48.671616816041151 ], [ 23.714597428802023, 48.669227556330185 ], [ 23.664422974871826, 48.669227556330185 ], [ 23.629778709062805, 48.69312015343985 ], [ 23.577214995421741, 48.72656978939338 ], [ 23.548543878890143, 48.738516087948128 ], [ 23.488812386116052, 48.748073126791994 ], [ 23.436248672474875, 48.745683867081027 ], [ 23.417134594787143, 48.745683867081027 ], [ 23.355013842302014, 48.755240905924893 ], [ 23.334705134758991, 48.779133503034458 ], [ 23.283336050973219, 48.779133503034458 ], [ 23.254664934441621, 48.788690541878324 ], [ 23.192544181956663, 48.779133503034558 ], [ 23.166262325136017, 48.788690541878324 ], [ 23.147148247448285, 48.829307956964755 ], [ 23.113698611494755, 48.860368333207234 ], [ 23.070691936697557, 48.877093151183999 ], [ 23.030074521611112, 48.865146852629167 ], [ 22.960785989993184, 48.87112000190659 ], [ 22.922557834617805, 48.908153527426478 ], [ 22.886718938953294, 48.910542787137445 ], [ 22.865215601554695, 48.936824643958076 ], [ 22.853269302999848, 48.965495760489674 ], [ 22.842028600474265, 49.010458570592277 ], [ 22.737773188814316, 49.047218129497878 ], [ 22.594145188680528, 49.091536129539222 ], [ 22.562760028478237, 49.083263040065376 ], [ 22.53777318862808, 49.087918129535808 ], [ 22.348891188452257, 49.138473129582948 ], [ 22.32389118842886, 49.138609129583102 ], [ 22.225000188336821, 49.154718129597995 ], [ 22.029891188155062, 49.220236129659 ], [ 22.025273188150805, 49.247218129684114 ], [ 22.020136188145983, 49.273882129708937 ], [ 21.958609188088786, 49.34027312977085 ], [ 21.838054187976439, 49.384436129811888 ], [ 21.612636187766412, 49.436527129860437 ], [ 21.533609187692917, 49.429718129854123 ], [ 21.500827187662395, 49.422218129847124 ], [ 21.459300187623626, 49.411945129837534 ], [ 21.436391187602368, 49.413891129839385 ], [ 21.400845187569246, 49.429054129853455 ], [ 21.28194518745849, 49.45639112987898 ], [ 21.071527187262575, 49.42208212984697 ], [ 21.050554187243023, 49.410545129836265 ], [ 21.035554187229025, 49.359718129788916 ], [ 20.98235418717951, 49.309436129742082 ], [ 20.955827187154824, 49.301664129734959 ], [ 20.913609187115469, 49.296109129729729 ], [ 20.812500187021357, 49.330827129762 ], [ 20.740836186954624, 49.388882129816139 ], [ 20.602773186826028, 49.395554129822301 ], [ 20.360554186600353, 49.393054129820001 ], [ 20.327773186569914, 49.383327129810908 ], [ 20.206663186457206, 49.34027312977085 ], [ 20.143609186398351, 49.314991129747312 ], [ 20.103336186360849, 49.248600129685485 ], [ 20.092636186350916, 49.204854129644744 ], [ 20.073363186332955, 49.177873129619627 ], [ 20.039163186301096, 49.188891129629766 ], [ 20.020554186283704, 49.199436129639665 ], [ 19.998900186263626, 49.217627129656563 ], [ 19.979582186245665, 49.226391129664762 ], [ 19.936391186205384, 49.231109129669122 ], [ 19.911245186181986, 49.226173129664573 ], [ 19.867909186141588, 49.197127129637437 ], [ 19.842918186118339, 49.191800129632597 ], [ 19.783473186063048, 49.200200129640436 ], [ 19.765973186046665, 49.214436129653663 ], [ 19.773609186053733, 49.233054129670975 ], [ 19.798054186076484, 49.252773129689345 ], [ 19.825654186102184, 49.277564129712403 ], [ 19.805000186082935, 49.36471812979353 ], [ 19.778018186057921, 49.407491129833517 ], [ 19.710554185995079, 49.397500129824152 ], [ 19.658609185946688, 49.406664129832592 ], [ 19.577082185870808, 49.4590181298814 ], [ 19.535273185831812, 49.535554129952715 ], [ 19.520982185818468, 49.574164129988603 ], [ 19.475554185776247, 49.600000130012688 ], [ 19.447773185750378, 49.600827130013528 ], [ 19.269027185583838, 49.526664129944393 ], [ 19.242363185559014, 49.50680012992585 ], [ 19.199300185518922, 49.437773129861569 ], [ 19.1916631855118, 49.41402712983944 ], [ 19.159582185481952, 49.400273129826658 ], [ 19.03166318536276, 49.391936129818887 ], [ 18.974927185309951, 49.401936129828286 ], [ 18.968327185303792, 49.456382129878946 ], [ 18.968609185304018, 49.481664129902583 ], [ 18.851705060081116, 49.522278525045252 ], [ 18.847773185191443, 49.55416412997009 ], [ 18.839445185183791, 49.59499113000814 ], [ 18.810827185157081, 49.673327130080949 ], [ 18.786945185134783, 49.681936130089014 ], [ 18.634163184992616, 49.737782130141042 ], [ 18.579345184941559, 49.814991130212974 ], [ 18.578761319560357, 49.909603595923372 ], [ 18.552709184916722, 49.922427130313025 ], [ 18.43619654841126, 49.93201485214469 ], [ 18.350273184728252, 49.938891130328344 ], [ 18.294563602066859, 49.95203998457589 ], [ 18.270273184653661, 49.957773130345842 ], [ 18.172893727326795, 50.002164250745921 ], [ 18.094163184489645, 50.038054130420591 ], [ 18.053163184451421, 50.055927130437297 ], [ 18.00944518441068, 50.01110913039561 ], [ 17.920691184328007, 49.97736413036418 ], [ 17.876245184286745, 49.978954130365523 ], [ 17.84013618425297, 49.989582130375538 ], [ 17.657773184083283, 50.108054130485797 ], [ 17.606318184035388, 50.162700130536678 ], [ 17.642773184069284, 50.17194513054541 ], [ 17.695273184118093, 50.17902713055193 ], [ 17.763682184181874, 50.209373130580133 ], [ 17.762918184181189, 50.233327130602419 ], [ 17.753054184172015, 50.297773130662478 ], [ 17.724445184145253, 50.319018130682309 ], [ 17.697009184119793, 50.320273130683475 ], [ 17.693473184116414, 50.300000130664671 ], [ 17.661109184086257, 50.272354130638888 ], [ 17.62680018405436, 50.265545130632574 ], [ 17.433054183873992, 50.27027313063688 ], [ 17.378327183822989, 50.279445130645442 ], [ 17.283609183734796, 50.320273130683475 ], [ 17.226945183681977, 50.345273130706687 ], [ 17.205273183661831, 50.360973130721405 ], [ 17.118054183580568, 50.396664130754701 ], [ 17.057782183524438, 50.410554130767622 ], [ 16.941391183416016, 50.4350001307903 ], [ 16.910827183387539, 50.440127130795105 ], [ 16.890973183369113, 50.438673130793816 ], [ 16.868745183348409, 50.411182130768253 ], [ 16.937500183412396, 50.340554130702415 ], [ 16.972773183445213, 50.310000130673885 ], [ 17.002218183472763, 50.216945130587234 ], [ 16.968609183441373, 50.222773130592671 ], [ 16.911391183388105, 50.222354130592279 ], [ 16.846945183328131, 50.201800130573133 ], [ 16.807090683290966, 50.174545130547813 ], [ 16.786663183271912, 50.140545130516159 ], [ 16.763565204531659, 50.126871857759454 ], [ 16.715345183205471, 50.09832713047679 ], [ 16.640000183135356, 50.108891130486668 ], [ 16.614436183111479, 50.119718130496707 ], [ 16.587773183086739, 50.140000130515645 ], [ 16.565973183066461, 50.170345130543851 ], [ 16.562218183062896, 50.208191130579053 ], [ 16.548742793472769, 50.22616370786983 ], [ 16.524259372117854, 50.247438006753967 ], [ 16.458609182966427, 50.303600130668016 ], [ 16.441695832793584, 50.316432980398332 ], [ 16.371945182885696, 50.361109130721474 ], [ 16.295474089367474, 50.380447261338119 ], [ 16.266109182787091, 50.38971813074815 ], [ 16.219027182743275, 50.410273130767294 ], [ 16.207736182732759, 50.439018130794025 ], [ 16.30994360477041, 50.500611763646589 ], [ 16.358918182873452, 50.497909130848953 ], [ 16.406663182918038, 50.523045130872404 ], [ 16.447363182955968, 50.578818130924333 ], [ 16.430273182940113, 50.601527130945385 ], [ 16.370000182883928, 50.644164130985132 ], [ 16.332009182848452, 50.664027131003593 ], [ 16.237500182760499, 50.670554131009666 ], [ 16.13750018266731, 50.656109130996299 ], [ 16.118054182649246, 50.657800130997828 ], [ 16.071391182605709, 50.63555413097707 ], [ 16.024436182561999, 50.630000130971922 ], [ 15.946945182489827, 50.68943613102725 ], [ 15.787500182341432, 50.744164131078335 ], [ 15.606663182172952, 50.772773131104927 ], [ 15.488336182062795, 50.786664131117945 ], [ 15.379718181961579, 50.779445131111103 ], [ 15.362845181945886, 50.840618131168043 ], [ 15.311663181898297, 50.860345131186449 ], [ 15.282773181871391, 50.892082131216057 ], [ 15.272500181861773, 50.924509131246268 ], [ 15.290418181878465, 50.948954131269033 ], [ 15.275273181864378, 50.975000131293172 ], [ 15.239445181830945, 50.991945131308938 ], [ 15.176945181772737, 51.014718131330312 ], [ 15.016391181623192, 50.974091131292383 ], [ 15.019163181625885, 50.950554131270493 ], [ 15.003891181611493, 50.86750013119314 ], [ 14.966663181576877, 50.859164131185366 ], [ 14.826669982273046, 50.861110983081943 ] ] ] } },
{ "type": "Feature", "properties": { "cntry_name": "Italy/Sardinia", "area": 300051.0, "capname": "Rome", "caplong": 12.4833, "caplat": 41.9, "gwcode": 325.0, "gwsdate": "1919-09-10", "gwsyear": 1919.0, "gwsmonth": 9.0, "gwsday": 10.0, "gwedate": "2019-12-31", "gweyear": 2019.0, "gwemonth": 12.0, "gweday": 31.0, "name": "Italy", "max": 1919.0 }, "geometry": { "type": "MultiPolygon", "coordinates": [ [ [ [ 15.528891182100494, 38.136936119336838 ], [ 15.560000182129443, 38.210273119405116 ], [ 15.576245182144589, 38.236736119429764 ], [ 15.608191182174323, 38.250691119442763 ], [ 15.647936182211339, 38.26457311945569 ], [ 15.545827182116255, 38.296936119485849 ], [ 15.515418182087927, 38.29290911948209 ], [ 15.30166318188887, 38.207218119402285 ], [ 15.150836181748389, 38.145554119344865 ], [ 15.08874518169057, 38.122500119323377 ], [ 14.969445181579459, 38.157218119355718 ], [ 14.874445181490984, 38.170554119368148 ], [ 14.784718181407413, 38.154445119353142 ], [ 14.64347318127588, 38.077282119281278 ], [ 14.519445181160364, 38.042773119249119 ], [ 14.367918181019235, 38.01832711922637 ], [ 14.311945180967115, 38.012218119220677 ], [ 14.242773180902702, 38.012218119220677 ], [ 14.132773180800257, 38.022773119230493 ], [ 14.013891180689541, 38.035827119242668 ], [ 13.944300180624708, 38.029582119236835 ], [ 13.916527180598848, 38.010345119218925 ], [ 13.886663180571048, 37.998054119207481 ], [ 13.820982180509873, 37.978736119189492 ], [ 13.791109180482039, 37.972218119183424 ], [ 13.760691180453705, 37.970964119182256 ], [ 13.711391180407816, 37.976664119187561 ], [ 13.382500180101488, 38.107500119309407 ], [ 13.367154180087198, 38.120754119321759 ], [ 13.372009180091737, 38.152773119351565 ], [ 13.357918180078599, 38.18694511938341 ], [ 13.318609180041989, 38.217491119411847 ], [ 13.100345179838712, 38.184509119381147 ], [ 13.056109179797517, 38.133782119333887 ], [ 13.069482179809967, 38.090164119293263 ], [ 13.019163179763126, 38.058882119264126 ], [ 12.955554179703881, 38.032773119239806 ], [ 12.923609179674116, 38.024864119232461 ], [ 12.892845179645462, 38.025273119232821 ], [ 12.82166317957919, 38.068882119273439 ], [ 12.733609179497165, 38.13971811933942 ], [ 12.558191179333789, 38.060554119265703 ], [ 12.510136179289049, 38.015136119223399 ], [ 12.466391179248319, 37.916109119131164 ], [ 12.477845179258964, 37.872773119090809 ], [ 12.45847317924094, 37.817982119039783 ], [ 12.441663179225287, 37.806109119028719 ], [ 12.436231679220214, 37.804681619027406 ], [ 12.468336179250116, 37.699164118929119 ], [ 12.514163179292808, 37.658882118891611 ], [ 12.656109179424988, 37.559782118799319 ], [ 12.681391179448553, 37.555136118794991 ], [ 12.728745179492648, 37.566109118805201 ], [ 12.75610917951812, 37.573054118811669 ], [ 12.79278217955229, 37.579018118817231 ], [ 12.922918179673474, 37.573054118811669 ], [ 12.962218179710078, 37.557354118797051 ], [ 12.985000179731287, 37.541518118782307 ], [ 13.085836179825208, 37.493045118737157 ], [ 13.155973179890537, 37.491245118735478 ], [ 13.218336179948608, 37.455273118701982 ], [ 13.256663179984315, 37.421945118670948 ], [ 13.272427179998999, 37.398536118649133 ], [ 13.330000180052593, 37.36110911861428 ], [ 13.412773180129705, 37.324164118579873 ], [ 13.505282180215858, 37.287218118545468 ], [ 13.543336180251288, 37.283336118541854 ], [ 13.566800180273134, 37.275827118534863 ], [ 13.647636180348428, 37.216109118479238 ], [ 13.665063180364655, 37.196800118461255 ], [ 13.738336180432896, 37.157773118424913 ], [ 13.887636180571945, 37.099436118370576 ], [ 13.932363180613606, 37.094718118366188 ], [ 13.955754180635381, 37.100345118371422 ], [ 13.998054180674785, 37.110273118380675 ], [ 14.101800180771392, 37.109864118380287 ], [ 14.145000180811621, 37.099018118370196 ], [ 14.245836180905542, 37.06221811833592 ], [ 14.276391180934013, 37.042500118317562 ], [ 14.347118180999871, 36.989291118268 ], [ 14.373609181024534, 36.966382118246671 ], [ 14.393891181043443, 36.94250011822443 ], [ 14.414163181062321, 36.914018118197902 ], [ 14.441109181087398, 36.873327118160006 ], [ 14.45916318110423, 36.834164118123525 ], [ 14.553609181192172, 36.780273118073339 ], [ 14.721391181348451, 36.718609118015905 ], [ 14.779163181402254, 36.704436118002704 ], [ 14.813891181434599, 36.715000118012554 ], [ 14.863191181480488, 36.728054118024701 ], [ 14.895836181510901, 36.725827118022636 ], [ 15.023609181629894, 36.698609117997279 ], [ 15.04374518164866, 36.686945117986426 ], [ 15.086459181688497, 36.65048211795245 ], [ 15.133954181732662, 36.674091117974442 ], [ 15.114163181714247, 36.743536118039117 ], [ 15.095763181697095, 36.78569111807839 ], [ 15.11028218171063, 36.84000011812897 ], [ 15.150691181748243, 36.913327118197259 ], [ 15.180273181775817, 36.935273118217694 ], [ 15.214163181807379, 36.95527311823632 ], [ 15.26221818185212, 36.981664118260895 ], [ 15.31666318190284, 37.008891118286257 ], [ 15.316109181902306, 37.043054118318068 ], [ 15.299927181887256, 37.103118118374013 ], [ 15.260000181850046, 37.10979111838023 ], [ 15.230691181822749, 37.124854118394254 ], [ 15.203891181797815, 37.157491118424645 ], [ 15.186945181782022, 37.183882118449233 ], [ 15.092709181694261, 37.348327118602384 ], [ 15.085836181687853, 37.463054118709223 ], [ 15.092500181694049, 37.490273118734578 ], [ 15.118609181718369, 37.519436118761732 ], [ 15.1500001817476, 37.542773118783472 ], [ 15.168054181764433, 37.561936118801313 ], [ 15.200836181794955, 37.651382118884626 ], [ 15.217773181810742, 37.709164118938432 ], [ 15.219718181812539, 37.764445118989926 ], [ 15.235282181827046, 37.785273119009318 ], [ 15.369027181951594, 37.943882119157038 ], [ 15.42777318200632, 38.000827119210072 ], [ 15.503609182076929, 38.078609119282504 ], [ 15.528891182100494, 38.136936119336838 ] ] ], [ [ [ 9.510454176495386, 40.920373121929117 ], [ 9.633891176610348, 40.989164121993184 ], [ 9.562500176543836, 41.117773122112936 ], [ 9.513336176498058, 41.146664122139867 ], [ 9.233054176237033, 41.25471812224049 ], [ 9.164509176173198, 41.239227122226055 ], [ 9.160827176169761, 41.191664122181777 ], [ 9.046945176063701, 41.130273122124578 ], [ 9.012636176031748, 41.121936122116836 ], [ 8.873473175902149, 40.999445122002754 ], [ 8.850000175880268, 40.966591121972158 ], [ 8.810273175843292, 40.934436121942213 ], [ 8.782636175817544, 40.918473121927349 ], [ 8.749718175786882, 40.914582121923701 ], [ 8.70139117574189, 40.912354121921652 ], [ 8.638682175683471, 40.890482121901272 ], [ 8.620554175666598, 40.868464121880749 ], [ 8.604300175651446, 40.848609121862268 ], [ 8.579718175628557, 40.840000121854246 ], [ 8.54305417559442, 40.831382121846218 ], [ 8.505282175559245, 40.823609121838984 ], [ 8.480000175535679, 40.820273121835868 ], [ 8.457500175514724, 40.821936121837439 ], [ 8.356391175420583, 40.836109121850626 ], [ 8.30708217537466, 40.847354121861116 ], [ 8.284445175353568, 40.860000121872872 ], [ 8.232218175304922, 40.909718121919184 ], [ 8.228054175301054, 40.938400121945904 ], [ 8.192500175267924, 40.913609121922804 ], [ 8.148891175227334, 40.74416412176501 ], [ 8.149718175228088, 40.721382121743773 ], [ 8.172218175249043, 40.692218121716621 ], [ 8.178336175254742, 40.63638212166461 ], [ 8.148191175226657, 40.620827121650137 ], [ 8.164009175241404, 40.587409121619004 ], [ 8.195973175271178, 40.615973121645624 ], [ 8.301800175369721, 40.587491121619081 ], [ 8.367218175430651, 40.49277312153086 ], [ 8.45721817551447, 40.321391121371249 ], [ 8.461663175518623, 40.226664121283051 ], [ 8.464445175521206, 40.143327121205431 ], [ 8.408891175469478, 40.006800121078271 ], [ 8.398609175459882, 39.946109121021749 ], [ 8.395973175457442, 39.901309120980017 ], [ 8.430000175489113, 39.894582120973752 ], [ 8.456600175513898, 39.910136120988255 ], [ 8.520418175573326, 39.902291120980948 ], [ 8.553954175604559, 39.86770012094874 ], [ 8.557218175607602, 39.844991120927574 ], [ 8.551663175602442, 39.816664120901208 ], [ 8.541945175593384, 39.779445120866541 ], [ 8.523609175576297, 39.752218120841178 ], [ 8.497218175551723, 39.723745120814669 ], [ 8.452045175509653, 39.758991120847497 ], [ 8.443336175501543, 39.681936120775731 ], [ 8.448191175506054, 39.632709120729885 ], [ 8.413054175473349, 39.493609120600325 ], [ 8.391945175453685, 39.447218120557125 ], [ 8.371527175434665, 39.372909120487918 ], [ 8.39812717545945, 39.343464120460482 ], [ 8.418609175478508, 39.339436120456753 ], [ 8.432363175491332, 39.290618120411267 ], [ 8.424163175483699, 39.268882120391027 ], [ 8.366109175429614, 39.226109120351197 ], [ 8.396945175458342, 39.200554120327411 ], [ 8.432082175491075, 39.163054120292486 ], [ 8.459163175516295, 39.117500120250043 ], [ 8.453827175511321, 39.089709120224171 ], [ 8.425836175485244, 39.107082120240335 ], [ 8.356800175420943, 39.105754120239112 ], [ 8.345827175410733, 39.07374512020931 ], [ 8.36000017542392, 39.0302731201688 ], [ 8.408327175468941, 38.958536120101996 ], [ 8.4365271754952, 38.964718120107761 ], [ 8.449882175507639, 39.000000120140612 ], [ 8.47448217553054, 39.036545120174651 ], [ 8.505382175559333, 39.061027120197451 ], [ 8.551391175602191, 39.050000120187178 ], [ 8.566391175616161, 39.00999112014992 ], [ 8.615836175662196, 38.918609120064815 ], [ 8.646391175690667, 38.890273120038415 ], [ 8.711663175751454, 38.921800120067786 ], [ 8.851182175881377, 38.877909120026914 ], [ 8.902082175928797, 38.902636120049948 ], [ 9.006945176026449, 38.988054120129505 ], [ 9.043336176060336, 39.045000120182522 ], [ 9.022500176040921, 39.079718120214864 ], [ 9.016109176034973, 39.101664120235313 ], [ 9.013336176032396, 39.126391120258319 ], [ 9.013536176032574, 39.263191120385727 ], [ 9.154336176163724, 39.18468212031263 ], [ 9.295273176294984, 39.213882120339804 ], [ 9.321663176319561, 39.205827120332316 ], [ 9.342500176338945, 39.19416412032146 ], [ 9.366109176360936, 39.177500120305922 ], [ 9.390836176383971, 39.158054120287829 ], [ 9.410554176402343, 39.14082712027178 ], [ 9.442636176432217, 39.124418120256479 ], [ 9.521663176505825, 39.118327120250825 ], [ 9.565073176546235, 39.145618120276225 ], [ 9.569409176550295, 39.190900120318418 ], [ 9.567636176548632, 39.228473120353414 ], [ 9.600273176579037, 39.332773120450526 ], [ 9.630836176607488, 39.430273120541329 ], [ 9.642218176618087, 39.486382120593589 ], [ 9.651663176626897, 39.54916412065208 ], [ 9.675345176648932, 39.73082712082126 ], [ 9.670973176644878, 39.753054120841966 ], [ 9.670554176644487, 39.779445120866541 ], [ 9.674718176648355, 39.808882120893941 ], [ 9.695000176667236, 39.935273121011647 ], [ 9.713609176684571, 40.040554121109722 ], [ 9.698336176670352, 40.102218121167141 ], [ 9.656809176631668, 40.13916412120156 ], [ 9.626663176603614, 40.193191121251857 ], [ 9.623336176600503, 40.251873121306517 ], [ 9.636945176613182, 40.282218121334779 ], [ 9.657218176632057, 40.308327121359099 ], [ 9.705554176677083, 40.354018121401651 ], [ 9.73486317670438, 40.372909121419241 ], [ 9.76131817672902, 40.385618121431065 ], [ 9.800282176765307, 40.442500121484045 ], [ 9.809445176773835, 40.468327121508111 ], [ 9.82416317678755, 40.527218121562953 ], [ 9.804927176769638, 40.540554121575383 ], [ 9.750273176718736, 40.5975001216284 ], [ 9.742773176711751, 40.630000121658668 ], [ 9.742636676711697, 40.634304621662679 ], [ 9.742500176711474, 40.63860912166669 ], [ 9.750273176718736, 40.666245121692441 ], [ 9.659163176633882, 40.852491121865881 ], [ 9.612782176590684, 40.921109121929788 ], [ 9.566391176547484, 40.913054121922301 ], [ 9.510454176495386, 40.920373121929117 ] ] ], [ [ [ 10.439163177360314, 42.851873123727955 ], [ 10.413054177335994, 42.870064123744896 ], [ 10.393054177317367, 42.856109123731898 ], [ 10.378054177303397, 42.827354123705135 ], [ 10.355691177282552, 42.805273123684543 ], [ 10.233473177168747, 42.792773123672902 ], [ 10.227223177162983, 42.796313623676255 ], [ 10.220973177157106, 42.799854123679523 ], [ 10.208609177145576, 42.809164123688191 ], [ 10.182782177121538, 42.813609123692316 ], [ 10.145000177086331, 42.810827123689734 ], [ 10.119027177062236, 42.802918123682346 ], [ 10.102013677046386, 42.776872623658164 ], [ 10.120763677063792, 42.743541123627097 ], [ 10.152218177093118, 42.730063623614555 ], [ 10.20916317714611, 42.735273123619351 ], [ 10.234718177169896, 42.746382123629701 ], [ 10.299718177230432, 42.759718123642131 ], [ 10.340836177268727, 42.76527312364729 ], [ 10.346113677273678, 42.763259123645469 ], [ 10.351391177278572, 42.761245123643562 ], [ 10.366046877839484, 42.749768771256932 ], [ 10.423122677345418, 42.711141123596903 ], [ 10.439163177360314, 42.851873123727955 ] ] ], [ [ [ 12.440554179224279, 46.690827127303365 ], [ 12.4043001791905, 46.705554127316987 ], [ 12.383745179171456, 46.721109127331601 ], [ 12.301663179094959, 46.841109127443232 ], [ 12.232218179030269, 46.888882127487832 ], [ 12.185554178986763, 46.907918127505539 ], [ 12.160273178963223, 46.928054127524206 ], [ 12.136109178940785, 46.966945127560436 ], [ 12.133018178937903, 47.012564127603014 ], [ 12.194582178995319, 47.032982127621921 ], [ 12.227431929025869, 47.075897877662001 ], [ 12.18610917898738, 47.094582127679388 ], [ 12.14012717894451, 47.084809127670212 ], [ 12.075282178884208, 47.059436127646606 ], [ 11.761245178591594, 46.978191127570952 ], [ 11.731109178563543, 46.978882127571637 ], [ 11.710136178544019, 46.99638212758785 ], [ 11.621945178461914, 47.012773127603083 ], [ 11.483891178333351, 47.014164127604488 ], [ 11.177154178047687, 46.967354127560881 ], [ 11.118054177992633, 46.929991127526023 ], [ 11.10055417797642, 46.915409127512504 ], [ 11.097082177973164, 46.891591127490287 ], [ 11.071391177949181, 46.823464127426931 ], [ 11.016800177898347, 46.773327127380185 ], [ 10.887782177778263, 46.771109127378026 ], [ 10.834163177728271, 46.786945127392812 ], [ 10.791663177688747, 46.801382127406228 ], [ 10.763263177662225, 46.830554127433402 ], [ 10.680136177584785, 46.873818127473683 ], [ 10.646945177553874, 46.870418127470543 ], [ 10.59971817750997, 46.857773127458756 ], [ 10.563609177476195, 46.848882127450437 ], [ 10.497773177414985, 46.855273127456456 ], [ 10.472326085979262, 46.869815215013347 ], [ 10.447500177368113, 46.76305412737058 ], [ 10.470836177389799, 46.635827127252071 ], [ 10.486527177404554, 46.617354127234847 ], [ 10.48569117740368, 46.592636127211875 ], [ 10.471873177390847, 46.555764127177497 ], [ 10.453267722828087, 46.540680490799801 ], [ 10.337218177265356, 46.549436127171631 ], [ 10.30360917723408, 46.554864127176657 ], [ 10.246318177180711, 46.590409127209767 ], [ 10.253609177187457, 46.61596412723361 ], [ 10.241800177176543, 46.634445127250785 ], [ 10.181109177120049, 46.632218127248692 ], [ 10.119163177062376, 46.611382127229305 ], [ 10.051391176999175, 46.541518127164252 ], [ 10.044445176992724, 46.502636127127971 ], [ 10.049682176997578, 46.445591127074891 ], [ 10.090691177035751, 46.423745127054531 ], [ 10.153891177094692, 46.390273127023306 ], [ 10.173954177113359, 46.26311812690497 ], [ 10.136391177078366, 46.23069112687476 ], [ 10.071773177018201, 46.221800126866455 ], [ 9.995000176946661, 46.291664126931508 ], [ 9.982218176934794, 46.333045126970092 ], [ 9.990418176942427, 46.355200126990695 ], [ 9.946945176901892, 46.379582127013407 ], [ 9.908054176865676, 46.383191127016786 ], [ 9.852782176814259, 46.369718127004248 ], [ 9.813054176777257, 46.358327126993629 ], [ 9.770554176737647, 46.342209126978616 ], [ 9.708818176680126, 46.300273126939487 ], [ 9.62471817660176, 46.291936126931802 ], [ 9.581945176561959, 46.29694512693645 ], [ 9.544863176527457, 46.306245126945115 ], [ 9.521391176505603, 46.319718126957653 ], [ 9.457636176446243, 46.386245127019635 ], [ 9.450282176439401, 46.426664127057307 ], [ 9.455000176443775, 46.472500127099906 ], [ 9.366800176361636, 46.50805412713305 ], [ 9.293782176293632, 46.500827127126357 ], [ 9.250627176253403, 46.442427127071909 ], [ 9.273127176274386, 46.425764127056382 ], [ 9.297218176296809, 46.350964126986781 ], [ 9.292636176292518, 46.324854126962492 ], [ 9.27666317627768, 46.292500126932282 ], [ 9.241009176244432, 46.233627126877437 ], [ 9.176454176184336, 46.178600126826211 ], [ 9.138327176148891, 46.16415912681282 ], [ 9.083336176097617, 46.121109126772652 ], [ 9.035827176053374, 46.057218126713209 ], [ 9.016663176035536, 46.022500126680853 ], [ 8.997363176017586, 45.975136126636698 ], [ 9.022982176041381, 45.938954126603022 ], [ 9.073054176088078, 45.92000012658535 ], [ 9.084100176098389, 45.902291126568898 ], [ 9.036663176054162, 45.837773126508822 ], [ 8.998336176018398, 45.829436126501051 ], [ 8.951109175974494, 45.845273126515735 ], [ 8.936318175960736, 45.871873126540592 ], [ 8.926663175951745, 45.900836126567526 ], [ 8.897782175924846, 45.952773126615853 ], [ 8.819863175852248, 45.986382126647229 ], [ 8.82028217585264, 46.033882126691438 ], [ 8.851454175881685, 46.056736126712764 ], [ 8.844163175874826, 46.080754126735116 ], [ 8.822218175854459, 46.098609126751739 ], [ 8.747218175784553, 46.121109126772652 ], [ 8.724077175763028, 46.106304626758927 ], [ 8.696527175737373, 46.101109126754039 ], [ 8.615836175662253, 46.121245126772806 ], [ 8.460554175517615, 46.233327126877214 ], [ 8.445000175503054, 46.247218126890147 ], [ 8.43458217549346, 46.293191126932967 ], [ 8.448127175505988, 46.322982126960724 ], [ 8.465973175522691, 46.372636127006942 ], [ 8.460836175517841, 46.448327127077448 ], [ 8.441454175499842, 46.462082127090213 ], [ 8.361245675425124, 46.451804627080691 ], [ 8.303745175371574, 46.422909127053757 ], [ 8.141945175220883, 46.222909126867521 ], [ 8.158745175236561, 46.183818126831099 ], [ 8.149582175228034, 46.151245126800802 ], [ 8.009027175097089, 46.009300126668521 ], [ 7.973054175063538, 45.996936126657076 ], [ 7.950000175042106, 45.994164126654468 ], [ 7.906809175001911, 45.992636126653011 ], [ 7.879300174976265, 45.975136126636698 ], [ 7.866391174964292, 45.948327126611787 ], [ 7.855745174954308, 45.919054126584527 ], [ 7.783891174887401, 45.92360912658873 ], [ 7.743336174849645, 45.932218126596794 ], [ 7.709163174817888, 45.943327126607088 ], [ 7.650282174762992, 45.980554126641792 ], [ 7.536663174657178, 45.981664126642855 ], [ 7.458054174583964, 45.941109126605028 ], [ 7.429718174557593, 45.929445126594203 ], [ 7.386109174516918, 45.915409126581096 ], [ 7.338891174472934, 45.920554126585884 ], [ 7.296809174433719, 45.923191126588335 ], [ 7.230282174371837, 45.898045126564938 ], [ 7.191391174335621, 45.880691126548726 ], [ 7.103263174253499, 45.883536126551419 ], [ 7.070282174222825, 45.903054126569586 ], [ 7.038054174192922, 45.931936126596469 ], [ 6.984509174142886, 45.875900126544366 ], [ 6.943891174105175, 45.858327126527968 ], [ 6.922218174084918, 45.852218126522288 ], [ 6.902082174066265, 45.849854126520142 ], [ 6.872363174038611, 45.855973126525853 ], [ 6.813336173983544, 45.83423612650563 ], [ 6.799345173970522, 45.788664126463118 ], [ 6.809863173980403, 45.729645126408087 ], [ 6.969445174128936, 45.596936126284618 ], [ 6.995418174153059, 45.525273126217783 ], [ 7.089163174240497, 45.476864126172714 ], [ 7.146945174294245, 45.430545126129587 ], [ 7.158609174305155, 45.37749112608023 ], [ 7.127782174276433, 45.259300125970128 ], [ 7.064718174217745, 45.223054125936386 ], [ 6.939445174100939, 45.179445125895711 ], [ 6.821663173991283, 45.153054125871179 ], [ 6.76639117393978, 45.168191125885329 ], [ 6.68992717386854, 45.14805412586658 ], [ 6.62995667381287, 45.120386375840766 ], [ 6.661663173842271, 45.039991125765795 ], [ 6.749027173923622, 44.918327125652553 ], [ 6.77528217394817, 44.905545125640714 ], [ 6.849309174017066, 44.870409125607864 ], [ 6.901663174065874, 44.86040912559865 ], [ 6.942363174103804, 44.870691125608104 ], [ 6.969163174128681, 44.86430012560227 ], [ 7.006391174163383, 44.850691125589506 ], [ 7.031663174186889, 44.831382125571579 ], [ 7.02833617418375, 44.744718125490948 ], [ 6.975418174134461, 44.688191125438266 ], [ 6.950836174111544, 44.664718125416343 ], [ 6.852782174020376, 44.540836125300956 ], [ 6.85360917402113, 44.517773125279462 ], [ 6.877918174043657, 44.375136125146611 ], [ 6.976391174135387, 44.284164125061949 ], [ 7.031391174186609, 44.246936125027261 ], [ 7.350836174484186, 44.131518124919751 ], [ 7.420973174549545, 44.126109124914706 ], [ 7.466391174591848, 44.13860912492639 ], [ 7.520282174641977, 44.156109124942702 ], [ 7.61471817472983, 44.180273124965126 ], [ 7.66221817477421, 44.170827124956361 ], [ 7.661663174773594, 44.133954124921999 ], [ 7.707645174816463, 44.083568124875086 ], [ 7.658609174770817, 44.006800124803576 ], [ 7.598336174714632, 43.96471812476446 ], [ 7.496218174619543, 43.874509124680401 ], [ 7.512500174634653, 43.821109124630667 ], [ 7.531936174652683, 43.782045124594369 ], [ 7.531936174652742, 43.782045124594248 ], [ 7.5802091746977, 43.791245124602824 ], [ 7.613891174729076, 43.78889112460061 ], [ 7.665482174777111, 43.779573124591934 ], [ 7.738891174845492, 43.796245124607481 ], [ 7.772782174877051, 43.815273124625179 ], [ 7.913891175008473, 43.840000124648213 ], [ 7.948891175041069, 43.846382124654156 ], [ 8.067782175151791, 43.893054124697642 ], [ 8.164654175241992, 43.958745124758821 ], [ 8.156318175234247, 43.982773124781176 ], [ 8.234300175306856, 44.100418124890751 ], [ 8.274027175343861, 44.140827124928393 ], [ 8.301391175369361, 44.153473124940177 ], [ 8.332218175398054, 44.158609124944945 ], [ 8.399236175460459, 44.17979112496468 ], [ 8.443918175502091, 44.267909125046742 ], [ 8.495273175549926, 44.322627125097711 ], [ 8.64000017568469, 44.388327125158895 ], [ 8.747218175784553, 44.428054125195899 ], [ 8.815554175848206, 44.425554125193571 ], [ 9.231109176235208, 44.346936125120351 ], [ 9.336527176333391, 44.309718125085681 ], [ 9.372773176367161, 44.285273125062901 ], [ 9.661109176635676, 44.140827124928393 ], [ 9.715000176685862, 44.114718124904073 ], [ 9.983609176936028, 44.053882124847405 ], [ 10.027336176976746, 44.04417312483838 ], [ 10.059718177006914, 44.033054124828027 ], [ 10.090827177035891, 44.01860912481456 ], [ 10.111800177055414, 44.00374512480073 ], [ 10.179445177118424, 43.944718124745748 ], [ 10.215691177152166, 43.904991124708744 ], [ 10.236245177171327, 43.879027124684569 ], [ 10.252218177186194, 43.843327124651324 ], [ 10.267500177200418, 43.796109124607341 ], [ 10.274163177206646, 43.743327124558192 ], [ 10.276945177209228, 43.714436124531289 ], [ 10.276663177208974, 43.69374512451202 ], [ 10.287609177219167, 43.591300124416591 ], [ 10.295136177226169, 43.542564124371211 ], [ 10.324509177253532, 43.475127124308415 ], [ 10.357500177284237, 43.458609124293019 ], [ 10.377636177303003, 43.445827124281124 ], [ 10.422782177345056, 43.398045124236631 ], [ 10.518336177434037, 43.257500124105718 ], [ 10.530282177445173, 43.223609124074159 ], [ 10.538327177452658, 43.180827124034323 ], [ 10.542636177456671, 43.150136124005741 ], [ 10.540836177454992, 43.123327123980772 ], [ 10.533327177448001, 43.052773123915046 ], [ 10.588891177499761, 42.957500123826321 ], [ 10.680691177585231, 42.946518123816105 ], [ 10.732636177633623, 42.928673123799484 ], [ 10.775136177673204, 42.899027123771873 ], [ 10.768954177667439, 42.839164123716131 ], [ 10.862500177754555, 42.766936123648861 ], [ 10.889445177779663, 42.758891123641348 ], [ 10.925554177813297, 42.745827123629198 ], [ 10.965691177850658, 42.724445123609286 ], [ 11.080273177957395, 42.632218123523387 ], [ 11.158054178029829, 42.554991123451458 ], [ 11.187154178056915, 42.512500123411883 ], [ 11.183891178053898, 42.48486412338616 ], [ 11.16465417803596, 42.44561812334959 ], [ 11.133054178006546, 42.439436123343853 ], [ 11.109927177985014, 42.442427123346619 ], [ 11.084582177961408, 42.430273123335297 ], [ 11.097427177973373, 42.396518123303878 ], [ 11.179718178049995, 42.365127123274647 ], [ 11.201800178070556, 42.390827123298578 ], [ 11.205973178074458, 42.411800123318102 ], [ 11.231663178098387, 42.417500123323407 ], [ 11.26221817812683, 42.418609123324444 ], [ 11.372773178229806, 42.40464512331144 ], [ 11.451318178302955, 42.374173123283072 ], [ 11.497500178345945, 42.357500123267528 ], [ 11.534163178380112, 42.342773123253806 ], [ 11.627709178467228, 42.298264123212363 ], [ 11.703891178538186, 42.224445123143624 ], [ 11.725554178558355, 42.182218123104292 ], [ 11.739354178571205, 42.149545123073864 ], [ 11.805000178632326, 42.057491122988125 ], [ 11.830763178656326, 42.030273122962768 ], [ 11.862218178685623, 42.031109122963557 ], [ 11.885273178707109, 42.037773122969753 ], [ 11.912500178732444, 42.035973122968102 ], [ 12.021109178833598, 41.985836122921398 ], [ 12.12333617892881, 41.923054122862936 ], [ 12.158473178961543, 41.892082122834069 ], [ 12.177782178979527, 41.868054122811714 ], [ 12.207082179006818, 41.816936122764105 ], [ 12.215836179014957, 41.788054122737208 ], [ 12.351391179141217, 41.694445122650023 ], [ 12.447082179230335, 41.627636122587802 ], [ 12.471945179253481, 41.607218122568781 ], [ 12.517773179296171, 41.567773122532031 ], [ 12.576109179350482, 41.507218122475649 ], [ 12.656109179424988, 41.457836122429654 ], [ 12.855000179610215, 41.4100001223851 ], [ 12.892218179644885, 41.395554122371664 ], [ 12.9130541796643, 41.383609122360525 ], [ 12.932218179682138, 41.370282122348129 ], [ 12.951945179700516, 41.353054122332082 ], [ 12.98000017972663, 41.326382122307223 ], [ 13.005418179750308, 41.297909122280714 ], [ 13.029582179772831, 41.260136122245541 ], [ 13.116809179854044, 41.243327122229886 ], [ 13.146945179882124, 41.259164122244641 ], [ 13.170000179903582, 41.268882122253672 ], [ 13.211109179941872, 41.28249112226635 ], [ 13.276109180002408, 41.295136122278137 ], [ 13.566800180273134, 41.23805412222498 ], [ 13.614445180317517, 41.25597312224167 ], [ 13.644163180345203, 41.259718122245147 ], [ 13.71221818040857, 41.251109122237125 ], [ 13.737654180432258, 41.234745122221881 ], [ 13.77583618046782, 41.211109122199872 ], [ 13.798054180488521, 41.193327122183319 ], [ 13.837218180524985, 41.152500122145284 ], [ 13.900000180583447, 41.078045122075963 ], [ 13.989163180666509, 40.963327121969115 ], [ 14.017773180693155, 40.919718121928497 ], [ 14.028745180703368, 40.901245121911302 ], [ 14.046809180720174, 40.862218121874946 ], [ 14.07389118074542, 40.821936121837439 ], [ 14.166945180832073, 40.806936121823469 ], [ 14.216036180877779, 40.818191121833934 ], [ 14.268891180927028, 40.840200121854451 ], [ 14.311945180967115, 40.826245121841453 ], [ 14.45277318109828, 40.747918121768492 ], [ 14.474545181118543, 40.710200121733379 ], [ 14.390973181040721, 40.638045121666181 ], [ 14.362982181014644, 40.627354121656225 ], [ 14.401945181050934, 40.600000121630728 ], [ 14.504718181146643, 40.6197181216491 ], [ 14.625136181258796, 40.647636121675106 ], [ 14.753473181378325, 40.675973121701503 ], [ 14.774863181398246, 40.673045121698777 ], [ 14.830763181450294, 40.631518121660093 ], [ 14.898327181513224, 40.558745121592324 ], [ 14.964445181574803, 40.445827121487156 ], [ 14.99166318160016, 40.39569112144045 ], [ 14.990627181599194, 40.363954121410899 ], [ 14.964163181574548, 40.34138212138987 ], [ 14.927218181540127, 40.271109121324429 ], [ 14.941945181553848, 40.234164121290036 ], [ 15.012500181619544, 40.195545121254071 ], [ 15.104445181705188, 40.172354121232473 ], [ 15.13736318173585, 40.160691121221589 ], [ 15.26430918185406, 40.071800121138807 ], [ 15.313054181899474, 40.031391121101166 ], [ 15.354863181938413, 40.000900121072789 ], [ 15.416391181995721, 39.991454121063981 ], [ 15.458609182035019, 40.028609121098583 ], [ 15.509791182082694, 40.070064121137193 ], [ 15.560691182130086, 40.076109121142821 ], [ 15.583054182150931, 40.074436121141275 ], [ 15.618745182184171, 40.064582121132077 ], [ 15.642254182206045, 40.042927121111916 ], [ 15.66374518222608, 40.033054121102737 ], [ 15.712218182271215, 39.979718121053054 ], [ 15.728891182286759, 39.956936121031845 ], [ 15.751668182307952, 39.923050121000273 ], [ 15.755000182311051, 39.918882120996386 ], [ 15.781873182336085, 39.862845120944201 ], [ 15.787500182341319, 39.792500120878685 ], [ 15.799863182352851, 39.707500120799523 ], [ 15.807918182360339, 39.679300120773263 ], [ 15.853054182402389, 39.609991120708713 ], [ 15.90389118244974, 39.533882120637827 ], [ 15.926663182470946, 39.516527120621674 ], [ 15.980900182521452, 39.449645120559381 ], [ 16.033818182570741, 39.344364120461336 ], [ 16.053336182588907, 39.256382120379385 ], [ 16.056109182591484, 39.22500012035016 ], [ 16.057218182592521, 39.186245120314084 ], [ 16.064163182599003, 39.129164120260924 ], [ 16.099718182632103, 39.022773120161816 ], [ 16.157082182685542, 38.948191120092361 ], [ 16.194163182720075, 38.931936120077239 ], [ 16.219791182743933, 38.921382120067392 ], [ 16.221109182745153, 38.868609120018249 ], [ 16.218745182742964, 38.83638211998823 ], [ 16.208054182733008, 38.797773119952268 ], [ 16.195000182720833, 38.769164119925648 ], [ 16.178191182705177, 38.745209119903336 ], [ 16.129163182659539, 38.715554119875719 ], [ 16.098891182631348, 38.712636119872997 ], [ 16.067500182602089, 38.72083611988063 ], [ 16.045273182581411, 38.723609119883207 ], [ 16.023609182561216, 38.723882119883456 ], [ 15.984445182524752, 38.72166411988141 ], [ 15.849791182399343, 38.657291119821451 ], [ 15.829027182380003, 38.627982119794154 ], [ 15.845554182395404, 38.612773119779973 ], [ 15.876945182424635, 38.593327119761881 ], [ 15.894718182441181, 38.576109119745837 ], [ 15.922636182467187, 38.545964119717752 ], [ 15.922400182466959, 38.525264119698477 ], [ 15.906109182451786, 38.472773119649588 ], [ 15.89555418244197, 38.45194511963021 ], [ 15.815282182367213, 38.302491119491009 ], [ 15.794718182348049, 38.281518119471485 ], [ 15.760273182315984, 38.266109119457127 ], [ 15.737363182294644, 38.257500119449105 ], [ 15.715273182274075, 38.255827119447559 ], [ 15.654445182217415, 38.240273119433056 ], [ 15.62958218219427, 38.229300119422845 ], [ 15.630000182194635, 38.192836119388886 ], [ 15.645282182208888, 38.063045119268025 ], [ 15.635136182199432, 38.004582119213552 ], [ 15.667845182229883, 37.957845119170031 ], [ 15.720273182278731, 37.931109119145134 ], [ 15.756109182312088, 37.920827119135566 ], [ 15.786595432340562, 37.918050119133028 ], [ 15.790017689331522, 37.918394577033865 ], [ 15.794718182348049, 37.91916411913401 ], [ 15.866663182415067, 37.926109119140477 ], [ 15.92278218246733, 37.927773119142032 ], [ 15.947218182490076, 37.922491119137106 ], [ 15.996109182535605, 37.918882119133755 ], [ 16.057291182592593, 37.92423611913874 ], [ 16.087773182620992, 37.946109119159104 ], [ 16.113473182644924, 37.975273119186269 ], [ 16.135554182665487, 38.020827119228699 ], [ 16.138882182668567, 38.041518119247968 ], [ 16.143327182672721, 38.069164119273722 ], [ 16.160000182688236, 38.128254119328744 ], [ 16.33040918284695, 38.297909119486746 ], [ 16.358473182873098, 38.30916411949724 ], [ 16.414163182924966, 38.324436119511461 ], [ 16.448891182957311, 38.336936119523102 ], [ 16.47055418297748, 38.346382119531881 ], [ 16.490554182996107, 38.358054119542771 ], [ 16.51555418301939, 38.376936119560355 ], [ 16.532773183035431, 38.391664119574074 ], [ 16.569163183069321, 38.428336119608218 ], [ 16.576391183076055, 38.448564119627065 ], [ 16.575000183074735, 38.520273119693826 ], [ 16.570000183070078, 38.554164119725414 ], [ 16.561663183062336, 38.60277311977066 ], [ 16.548882183050409, 38.648609119813358 ], [ 16.534509183037045, 38.70943611987002 ], [ 16.550000183051452, 38.742491119900791 ], [ 16.573609183073444, 38.779718119935467 ], [ 16.595000183093362, 38.80082711995513 ], [ 16.615000183111988, 38.817636119970786 ], [ 16.730827183219873, 38.875545120024725 ], [ 16.834882183316779, 38.917082120063384 ], [ 16.929445183404852, 38.935827120080859 ], [ 16.952918183426704, 38.938745120083581 ], [ 16.975827183448047, 38.93901812008383 ], [ 17.097845183561674, 38.907845120054787 ], [ 17.126945183588788, 38.919445120065603 ], [ 17.169163183628115, 38.963336120106476 ], [ 17.169163183628115, 38.997773120138532 ], [ 17.158191183617873, 39.039027120176968 ], [ 17.141800183602612, 39.053745120190683 ], [ 17.11666318357922, 39.098745120232593 ], [ 17.108891183571984, 39.263054120385618 ], [ 17.115973183578575, 39.314582120433585 ], [ 17.135973183597201, 39.365554120481079 ], [ 17.145554183606123, 39.39638212050977 ], [ 17.034163183502386, 39.466109120574714 ], [ 16.963054183436157, 39.492773120599537 ], [ 16.823609183306274, 39.568600120670169 ], [ 16.741391183229723, 39.617218120715449 ], [ 16.626391183122621, 39.622773120720609 ], [ 16.596945183095187, 39.629718120727091 ], [ 16.555691183056751, 39.644582120740921 ], [ 16.530000183032826, 39.662918120758007 ], [ 16.490554182996107, 39.749164120838344 ], [ 16.486663182992487, 39.773745120861236 ], [ 16.490136182995712, 39.80000012088567 ], [ 16.499163183004129, 39.82235412090651 ], [ 16.536663183039053, 39.871936120952682 ], [ 16.563327183063876, 39.898045120977002 ], [ 16.609718183107077, 39.996245121068455 ], [ 16.599445183097515, 40.043609121112553 ], [ 16.60860918310604, 40.0861731211522 ], [ 16.630000183125958, 40.109854121174266 ], [ 16.635672683131332, 40.114077121178241 ], [ 16.641345183136536, 40.118300121182131 ], [ 16.688054183180043, 40.147082121208911 ], [ 16.741318183229652, 40.2165271212736 ], [ 16.749718183237462, 40.244854121299994 ], [ 16.791527183276401, 40.31138212136193 ], [ 16.863800183343699, 40.390354121435479 ], [ 16.874163183353375, 40.405273121449369 ], [ 16.919300183395393, 40.450545121491558 ], [ 16.942218183416742, 40.467782121507611 ], [ 16.998336183469007, 40.498882121536553 ], [ 17.017773183487122, 40.506382121543538 ], [ 17.046945183514282, 40.515273121551814 ], [ 17.076600183541899, 40.520482121556682 ], [ 17.317009183765805, 40.488291121526686 ], [ 17.290000183740631, 40.469718121509402 ], [ 17.26805418372021, 40.473327121512767 ], [ 17.245827183699504, 40.454991121495681 ], [ 17.203818183660388, 40.4124911214561 ], [ 17.392773183836368, 40.330554121379805 ], [ 17.506800183942545, 40.297500121349003 ], [ 17.550000183982775, 40.299718121351077 ], [ 17.636391184063257, 40.303327121354442 ], [ 17.673473184097787, 40.304027121355091 ], [ 17.762773184180958, 40.296664121348243 ], [ 17.785000184201635, 40.294445121346172 ], [ 17.857218184268902, 40.284436121336853 ], [ 17.906391184314714, 40.255000121309422 ], [ 18.012218184413257, 40.101318121166315 ], [ 18.01940918441997, 40.011173121082351 ], [ 17.996600184398716, 39.998809121070821 ], [ 18.04076318443984, 39.937709121013938 ], [ 18.082082184478338, 39.902918120981525 ], [ 18.155827184547007, 39.856664120938461 ], [ 18.177218184566925, 39.846936120929399 ], [ 18.199445184587631, 39.837491120920589 ], [ 18.226945184613243, 39.833327120916721 ], [ 18.257218184641431, 39.832364120915827 ], [ 18.305000184685923, 39.820000120904297 ], [ 18.329718184708952, 39.806109120891364 ], [ 18.34944518472733, 39.791936120878177 ], [ 18.375273184751393, 39.798191120883985 ], [ 18.391109184766123, 39.816245120900817 ], [ 18.399336184773802, 39.899609120978454 ], [ 18.39943618477389, 39.93610012101243 ], [ 18.418745184791874, 39.994018121066375 ], [ 18.4438911848153, 40.028045121098074 ], [ 18.472427184841877, 40.039227121108468 ], [ 18.514445184880998, 40.102909121167784 ], [ 18.512500184879173, 40.134718121197409 ], [ 18.459718184830024, 40.231109121287176 ], [ 18.440827184812434, 40.265000121318735 ], [ 18.424863184797573, 40.288464121340581 ], [ 18.274718184657729, 40.41082712145456 ], [ 18.127500184520613, 40.494436121532431 ], [ 18.081663184477947, 40.524991121560873 ], [ 18.039163184438365, 40.555273121589067 ], [ 18.035827184435249, 40.577773121610022 ], [ 18.02610918442619, 40.612218121642115 ], [ 18.012636184413651, 40.643054121670843 ], [ 17.937218184343408, 40.678600121703937 ], [ 17.761109184179389, 40.730827121752583 ], [ 17.496391183932872, 40.819718121835365 ], [ 17.473609183911634, 40.82888212184389 ], [ 17.321945183770396, 40.942773121949955 ], [ 17.294854183745173, 40.964791121970478 ], [ 17.255000183708034, 40.989436121993435 ], [ 17.18374518364169, 41.029582122030803 ], [ 17.049718183516859, 41.081936122079583 ], [ 16.788891183273961, 41.154718122147358 ], [ 16.657773183151846, 41.191382122181494 ], [ 16.491945182997398, 41.252218122238162 ], [ 16.19221818271825, 41.365554122343724 ], [ 16.08528218261867, 41.404718122380189 ], [ 16.033054182570027, 41.41888212239337 ], [ 15.985000182525255, 41.439718122412785 ], [ 15.926245182470552, 41.485827122455731 ], [ 15.898327182444547, 41.530273122497107 ], [ 15.890418182437173, 41.565273122529703 ], [ 15.890973182437705, 41.588464122551301 ], [ 15.897636182443904, 41.613327122574475 ], [ 15.91986318246461, 41.631382122591276 ], [ 15.937773182481294, 41.640554122599838 ], [ 15.980282182520881, 41.653191122611588 ], [ 16.030554182567698, 41.67693612263372 ], [ 16.138882182668567, 41.74055412269297 ], [ 16.165000182692893, 41.757773122708983 ], [ 16.192773182718781, 41.789991122738996 ], [ 16.193682182719613, 41.829436122775746 ], [ 16.1455541826748, 41.911173122851864 ], [ 16.082500182616059, 41.936100122875075 ], [ 16.053891182589439, 41.943882122882314 ], [ 16.022918182560574, 41.946664122884926 ], [ 15.913609182458771, 41.935273122874293 ], [ 15.856945182406008, 41.925282122865013 ], [ 15.765273182320641, 41.916945122857243 ], [ 15.679100182240376, 41.9158271228562 ], [ 15.600000182166696, 41.923609122863439 ], [ 15.497218182070981, 41.909164122850001 ], [ 15.455554182032188, 41.906391122847396 ], [ 15.404718181984833, 41.903882122845062 ], [ 15.373054181955354, 41.905545122846632 ], [ 15.162363181759133, 41.924445122864228 ], [ 15.141918181740095, 41.928027122867547 ], [ 15.099163181700277, 41.937218122876118 ], [ 15.062773181666387, 41.952773122890591 ], [ 15.025973181632111, 41.984864122920499 ], [ 14.996391181604565, 42.004436122938728 ], [ 14.939718181551768, 42.015827122949332 ], [ 14.894027181509216, 42.020545122953735 ], [ 14.831245181450754, 42.04277312297441 ], [ 14.758450181383012, 42.076277623005623 ], [ 14.754718181379474, 42.077773123007006 ], [ 14.736527181362533, 42.087909123016459 ], [ 14.721663181348703, 42.104027123031472 ], [ 14.715000181342475, 42.141936123066785 ], [ 14.716245181343652, 42.16805412309111 ], [ 14.661391181292572, 42.189164123110771 ], [ 14.628891181262304, 42.198882123119802 ], [ 14.604718181239775, 42.204991123125495 ], [ 14.565836181203565, 42.218891123138434 ], [ 14.50416318114614, 42.261382123178009 ], [ 14.200000180862844, 42.482500123383943 ], [ 14.130554180798185, 42.541109123438531 ], [ 14.075000180746429, 42.600273123493622 ], [ 14.058336180730919, 42.619718123511745 ], [ 14.01666318069212, 42.670000123558566 ], [ 13.987218180664684, 42.711109123596856 ], [ 13.939718180620446, 42.803600123682997 ], [ 13.923609180605439, 42.844718123721293 ], [ 13.901527180584907, 42.907354623779639 ], [ 13.897500180581119, 42.913327123785194 ], [ 13.882500180567149, 42.942218123812097 ], [ 13.873609180558873, 42.964436123832797 ], [ 13.862500180548523, 43.006382123871845 ], [ 13.848054180535087, 43.078327123938863 ], [ 13.711663180408067, 43.350554124192399 ], [ 13.629582180331624, 43.489027124321353 ], [ 13.621527180324108, 43.537045124366074 ], [ 13.599445180303547, 43.570000124396756 ], [ 13.552082180259447, 43.601664124426264 ], [ 13.5064001802169, 43.630664124453261 ], [ 13.480418180192686, 43.610964124434901 ], [ 13.426109180142106, 43.622773124445899 ], [ 13.356663180077447, 43.649164124470502 ], [ 13.29528218002028, 43.675418124494939 ], [ 13.193336179925325, 43.735836124551213 ], [ 13.17118217990469, 43.754054124568171 ], [ 13.125554179862206, 43.786664124598559 ], [ 13.055973179797405, 43.835827124644339 ], [ 12.903054179654987, 43.924718124727121 ], [ 12.818609179576328, 43.963191124762943 ], [ 12.759145679520969, 43.970636624769924 ], [ 12.753573179515769, 43.971000124770228 ], [ 12.740554179503647, 43.972218124771359 ], [ 12.720554179485021, 43.976945124775767 ], [ 12.689718179456293, 43.987500124785583 ], [ 12.545827179322288, 44.088609124879753 ], [ 12.518609179296931, 44.109991124899665 ], [ 12.446391179229693, 44.16777312495347 ], [ 12.422363179207309, 44.189309124973533 ], [ 12.368327179156978, 44.246664125026967 ], [ 12.353473179143151, 44.27832712505645 ], [ 12.288891179083009, 44.451664125217889 ], [ 12.280000179074705, 44.47610912524064 ], [ 12.245418179042503, 44.693882125443452 ], [ 12.247636179044576, 44.723882125471391 ], [ 12.261527179057509, 44.776245125520177 ], [ 12.290136179084158, 44.838264125577922 ], [ 12.356109179145591, 44.803891125545903 ], [ 12.396945179183632, 44.791382125534255 ], [ 12.389863179177041, 44.868400125606001 ], [ 12.422636179207558, 44.900127125635549 ], [ 12.439373179223139, 44.881736125618403 ], [ 12.426800179211426, 44.853609125592214 ], [ 12.448782179231898, 44.817745125558815 ], [ 12.480000179260969, 44.852773125591426 ], [ 12.538054179315054, 44.960618125691866 ], [ 12.520136179298362, 44.982636125712389 ], [ 12.495273179275216, 44.987009125716469 ], [ 12.443700179227164, 45.008236125736232 ], [ 12.361945179151036, 45.056109125780807 ], [ 12.233327179031249, 45.197491125912478 ], [ 12.161109178963983, 45.263882125974305 ], [ 12.154227178957569, 45.301964126009779 ], [ 12.287082179081324, 45.47332712616938 ], [ 12.394445179181304, 45.533054126225011 ], [ 12.489654179269962, 45.567491126257067 ], [ 12.580691179354744, 45.543818126235038 ], [ 12.503991179283332, 45.491264126186081 ], [ 12.448473179231627, 45.483254126178622 ], [ 12.418263179203478, 45.441173126139432 ], [ 12.587500179361086, 45.483891126179202 ], [ 12.617218179388772, 45.494436126189044 ], [ 12.638054179408186, 45.502218126196283 ], [ 12.706945179472342, 45.531109126223186 ], [ 12.798891179557984, 45.568882126258359 ], [ 12.86389117961852, 45.595554126283218 ], [ 12.922500179673079, 45.618327126304422 ], [ 13.00082717974604, 45.630000126315281 ], [ 13.063609179804502, 45.6338911263189 ], [ 13.091945679830928, 45.644095626328451 ], [ 13.071245179811626, 45.709645126389461 ], [ 13.12090017985787, 45.76784512644366 ], [ 13.193336179925325, 45.778054126453185 ], [ 13.216945179947317, 45.776936126452142 ], [ 13.256341255165836, 45.766633903143301 ], [ 13.367945180087958, 45.737445126415366 ], [ 13.415063180131824, 45.720554126399634 ], [ 13.422154180138421, 45.695618126376388 ], [ 13.387427180106101, 45.67829112636025 ], [ 13.428891180144717, 45.677218126359264 ], [ 13.499445180210415, 45.709445126389284 ], [ 13.526454180235561, 45.735136126413209 ], [ 13.525073180234273, 45.760973126437278 ], [ 13.542636180250639, 45.78332712645809 ], [ 13.579473180284936, 45.781964126456813 ], [ 13.63000018033199, 45.770000126445666 ], [ 13.65610918035631, 45.753609126430405 ], [ 13.735691180430422, 45.694300126375168 ], [ 13.798054180488521, 45.60749112629432 ], [ 13.716945180412978, 45.596109126283721 ], [ 13.808613241471193, 45.585904145622379 ], [ 13.827773180490624, 45.584445126226683 ], [ 13.856440328172368, 45.587144871570231 ], [ 13.91833618053451, 45.636391126207002 ], [ 13.835282180504322, 45.717773126283504 ], [ 13.791527180353171, 45.752773126439479 ], [ 13.697500180373765, 45.784164126401819 ], [ 13.603745180205379, 45.808882126327447 ], [ 13.578327180298231, 45.850273126437216 ], [ 13.590691180305157, 45.888118126421617 ], [ 13.614100180209789, 45.90513612652353 ], [ 13.634718180269203, 45.947909126610156 ], [ 13.635100180195394, 45.982009126558609 ], [ 13.610424063844675, 45.988529709372742 ], [ 13.593133759295512, 45.992931620729678 ], [ 13.568954180178451, 45.979373126526397 ], [ 13.540282180114673, 45.968327126623464 ], [ 13.509863180124569, 45.986245126600011 ], [ 13.483189519462741, 46.016419625209366 ], [ 13.521945180231342, 46.063327126711442 ], [ 13.53889118024648, 46.079436126726605 ], [ 13.55736318025555, 46.087282126737094 ], [ 13.59499475518686, 46.106295439455565 ], [ 13.648191180343844, 46.145545126786772 ], [ 13.666036180360777, 46.175309126816373 ], [ 13.625800105745128, 46.190199143316605 ], [ 13.550554180257848, 46.218045126859877 ], [ 13.488473180196905, 46.231945126870343 ], [ 13.458954180172924, 46.223191126863412 ], [ 13.418891180133357, 46.213054126856548 ], [ 13.402396789698059, 46.251280242273054 ], [ 13.383473180100452, 46.295136126933144 ], [ 13.440836180155856, 46.346382126976437 ], [ 13.511391180219817, 46.384718127009549 ], [ 13.657773180324057, 46.449718126921113 ], [ 13.69200918026786, 46.451664127064092 ], [ 13.710763423823153, 46.492028954025798 ], [ 13.718739198222579, 46.522037747124955 ], [ 13.611109180314543, 46.548045127170326 ], [ 13.555000180262169, 46.556245127178045 ], [ 13.428891180144774, 46.563045127184324 ], [ 13.257500179985129, 46.561945127183279 ], [ 13.176151227874783, 46.574996486337497 ], [ 12.825554179582838, 46.631245127247851 ], [ 12.778336179538854, 46.647918127263324 ], [ 12.75285017951515, 46.647104627262536 ], [ 12.735627179499033, 46.64131812725725 ], [ 12.692500179458875, 46.659718127274388 ], [ 12.590273179363663, 46.6588821272736 ], [ 12.554445179330401, 46.661664127276239 ], [ 12.486173179266785, 46.682364127295386 ], [ 12.440554179224279, 46.690827127303365 ] ], [ [ 12.410082179195882, 43.912782124716031 ], [ 12.411372679197143, 43.95480912475513 ], [ 12.459654179242051, 43.983264124781684 ], [ 12.504654179283961, 43.986873124785063 ], [ 12.511109179289946, 43.941245124742537 ], [ 12.495695679275656, 43.919027124721865 ], [ 12.471527179253115, 43.898682124702873 ], [ 12.410082179195882, 43.912782124716031 ] ] ] ] } },
{ "type": "Feature", "properties": { "cntry_name": "Yugoslavia", "area": 255186.0, "capname": "Belgrade", "caplong": 20.4681, "caplat": 44.8186, "gwcode": 345.0, "gwsdate": "1920-06-04", "gwsyear": 1920.0, "gwsmonth": 6.0, "gwsday": 4.0, "gwedate": "1991-11-19", "gweyear": 1991.0, "gwemonth": 11.0, "gweday": 19.0, "name": "Yugoslavia", "max": 1920.0 }, "geometry": { "type": "MultiPolygon", "coordinates": [ [ [ [ 16.887218182784324, 43.297773123880944 ], [ 16.884728387420115, 43.317138757006596 ], [ 16.884718183389367, 43.317218123957744 ], [ 16.807363182933301, 43.351391124199893 ], [ 16.776109183203516, 43.35944512419438 ], [ 16.753054183042195, 43.362782123526173 ], [ 16.700273182662727, 43.368609124127502 ], [ 16.601109182716073, 43.379164123553181 ], [ 16.432145182771684, 43.390482123817542 ], [ 16.432145182108925, 43.390482122211274 ], [ 16.410136182980938, 43.320377124090513 ], [ 16.410136183190438, 43.320377123831769 ], [ 16.487782174478621, 43.285273127563109 ], [ 16.487782182993527, 43.285273124131578 ], [ 16.519718183023258, 43.276382124123302 ], [ 16.577500183077063, 43.268609124116068 ], [ 16.625514608235033, 43.262374564386185 ], [ 16.628891183172584, 43.261936124145905 ], [ 16.631846781411561, 43.26192234108084 ], [ 16.687218183179255, 43.261664124109615 ], [ 16.706109183196844, 43.265273124112952 ], [ 16.71639118320644, 43.26610912411374 ], [ 16.79332718327808, 43.268609124116068 ], [ 16.826109183308603, 43.267491124115026 ], [ 16.847354182879069, 43.267918124106394 ], [ 16.887218182784324, 43.297773123880944 ] ] ], [ [ [ 17.664863183585709, 42.735973123151027 ], [ 17.399436183163488, 42.797773123135244 ], [ 17.370554183533073, 42.802077123286452 ], [ 17.327568183869992, 42.781945623499674 ], [ 17.327568183997862, 42.781945623278546 ], [ 17.365554682712286, 42.759441123993533 ], [ 17.365554685310162, 42.759441123162048 ], [ 17.548609138508493, 42.728336131070506 ], [ 17.548609183981483, 42.728336123612905 ], [ 17.61138218403994, 42.720554123605666 ], [ 17.634718184061683, 42.718327123603586 ], [ 17.689445184112657, 42.707773123593739 ], [ 17.69458169120816, 42.7066636220611 ], [ 17.7342828551335, 42.700493450292257 ], [ 17.664863183585709, 42.735973123151027 ] ] ], [ [ [ 17.183609179204847, 42.918609127813149 ], [ 17.135827183597058, 42.961936123830469 ], [ 17.044718184763934, 42.975273123659633 ], [ 17.044718182996689, 42.975273123769782 ], [ 17.019718183034854, 42.976664123262353 ], [ 16.965554183472392, 42.976391123263127 ], [ 16.940554182755761, 42.973327123175878 ], [ 16.903886683264538, 42.96541362377971 ], [ 16.896382183374044, 42.961936123830469 ], [ 16.873609183352841, 42.956936123825813 ], [ 16.868468185061275, 42.956522623963217 ], [ 16.868468182807675, 42.956522623397504 ], [ 16.868468180295068, 42.956522623579865 ], [ 16.863327183343273, 42.95610912382503 ], [ 16.820554193670983, 42.960000122885532 ], [ 16.820554183241001, 42.960000123642516 ], [ 16.820554152175621, 42.960000129730162 ], [ 16.772218183258417, 42.969164123837203 ], [ 16.764581691651085, 42.970968621854013 ], [ 16.764581682745529, 42.970968623599163 ], [ 16.764581677850067, 42.970968625115184 ], [ 16.756945183244198, 42.97277312384054 ], [ 16.733609183222455, 42.980000123847276 ], [ 16.727359190371409, 42.982495620992843 ], [ 16.72735918297613, 42.982495623283 ], [ 16.686109183190069, 42.990827123450899 ], [ 16.638609183319662, 42.984509123936299 ], [ 16.638609182752276, 42.984509123677142 ], [ 16.672218181669827, 42.92610912599168 ], [ 16.672218183165285, 42.92610912379709 ], [ 16.723609183213142, 42.919445123790894 ], [ 16.831663183313793, 42.903882123776384 ], [ 16.866109183345856, 42.897773123770691 ], [ 16.941109183415705, 42.911382123783369 ], [ 16.941109403819187, 42.911382123783369 ], [ 17.129168169236934, 42.911523123399981 ], [ 17.129168186849093, 42.911523123870566 ], [ 17.183609147107042, 42.91860911862917 ], [ 17.183609182731395, 42.918609123661533 ], [ 17.183609179204847, 42.918609127813149 ] ] ], [ [ [ 16.209863182487311, 43.023464123873126 ], [ 16.252118182299341, 43.064609123746521 ], [ 16.23055418248174, 43.078327123317294 ], [ 16.185000182544456, 43.081664123403854 ], [ 16.139718182567577, 43.082500123304456 ], [ 16.108750182203778, 43.081663623760065 ], [ 16.085000182355021, 43.077500123837325 ], [ 16.085000178371203, 43.077500122313268 ], [ 16.058331682314844, 43.066659123459615 ], [ 16.064445181458261, 43.010554128187323 ], [ 16.064445182599258, 43.01055412387575 ], [ 16.093327182626155, 43.00999112387521 ], [ 16.207463767854403, 43.023186721911692 ], [ 16.209863182487311, 43.023464123873126 ] ] ], [ [ [ 17.116391183181445, 43.136109124026149 ], [ 17.115047709421571, 43.136222279187024 ], [ 16.961391183117456, 43.14916412360256 ], [ 16.811109182999076, 43.161382123990791 ], [ 16.662218183128033, 43.200273123426072 ], [ 16.61332718310436, 43.213882124061541 ], [ 16.565282182613345, 43.218045123661611 ], [ 16.475827182559613, 43.211936123467538 ], [ 16.45737617676582, 43.210287243234745 ], [ 16.45721818296505, 43.210273124061729 ], [ 16.444655920475441, 43.207912629953292 ], [ 16.377773183377307, 43.195345123809233 ], [ 16.430554182940227, 43.169445124023724 ], [ 16.46213654795914, 43.160966214880936 ], [ 16.464718182825891, 43.160273124090963 ], [ 16.470969314767835, 43.158767010137346 ], [ 16.53388218303644, 43.143609123999653 ], [ 16.533882236175312, 43.14360911344486 ], [ 16.660136179538469, 43.119441124144828 ], [ 16.66013619248891, 43.119441123544249 ], [ 16.879717890160414, 43.120554122070288 ], [ 16.879718183358534, 43.120554123978195 ], [ 17.057782183524381, 43.112500123970676 ], [ 17.110000183397762, 43.116391123961236 ], [ 17.116391183181445, 43.136109124026149 ] ] ], [ [ [ 15.100136181701174, 44.334718125108964 ], [ 15.104558644655274, 44.329590892698491 ], [ 15.134582178714478, 44.306877626667216 ], [ 15.134582184477409, 44.306877623642968 ], [ 15.171527170211268, 44.295827128054469 ], [ 15.171527181767658, 44.295827125072748 ], [ 15.219163181812036, 44.305827125082061 ], [ 15.219163182376363, 44.305827125623473 ], [ 15.245313681623827, 44.342877624896659 ], [ 15.11694518126555, 44.439436124765678 ], [ 15.085282181554277, 44.458609124880169 ], [ 15.085282177908178, 44.458609127102712 ], [ 15.05007318165454, 44.47610912524064 ], [ 15.045912382153059, 44.478002212948006 ], [ 15.042445181441067, 44.464491125889907 ], [ 15.042445181647452, 44.464491125229813 ], [ 15.042445181331585, 44.464491125463276 ], [ 15.04244518110832, 44.464491124593252 ], [ 15.007945181024013, 44.489991125028027 ], [ 14.97627318098327, 44.519164124983959 ], [ 14.97627318208038, 44.51916412482521 ], [ 14.97627318158581, 44.519164125280753 ], [ 15.010827181617998, 44.514164125276096 ], [ 15.058473181662379, 44.481664125245828 ], [ 15.073336180732461, 44.480000125349918 ], [ 15.042636181703386, 44.522845124799673 ], [ 14.96028218097706, 44.579164124726418 ], [ 14.928609180879477, 44.598327125219242 ], [ 14.909163181533842, 44.607773124734805 ], [ 14.87389118101288, 44.608054125050174 ], [ 14.739051514370544, 44.693330458482819 ], [ 14.744718180978747, 44.675554126020153 ], [ 14.74471818137016, 44.675554125426402 ], [ 14.917836181531385, 44.504891125267449 ], [ 15.0126631816197, 44.441882125208764 ], [ 15.023663181629956, 44.422391125190615 ], [ 15.100136181701174, 44.334718125108964 ] ] ], [ [ [ 17.657354184082777, 42.880827123754926 ], [ 17.522782184393968, 42.920273123663691 ], [ 17.522782183953694, 42.920273123781371 ], [ 17.438954183861853, 42.953954123814526 ], [ 17.29888218374964, 43.00694512387048 ], [ 17.268891183694677, 43.011936123872658 ], [ 17.010618183489278, 43.048045123699438 ], [ 17.01236318348208, 43.006245123871736 ], [ 17.071663183537311, 42.986382123853218 ], [ 17.145273183605866, 42.976664123844188 ], [ 17.180482183638645, 42.975482123843079 ], [ 17.201787665500337, 42.981401279982535 ], [ 17.202533428446401, 42.981608470197429 ], [ 17.202533428449453, 42.981608470196186 ], [ 17.203745183660317, 42.981945123849101 ], [ 17.36500018381048, 42.915273123786989 ], [ 17.439163183879572, 42.873882123748444 ], [ 17.552500183985103, 42.840827123717673 ], [ 17.742636184162194, 42.797082123676915 ], [ 17.877218184287528, 42.767773123649619 ], [ 18.057782184455704, 42.663609123552618 ], [ 18.21471818460185, 42.579436123474238 ], [ 18.357063184734415, 42.496564123397036 ], [ 18.516945184513958, 42.399991123530214 ], [ 18.522773184256323, 42.430136123375675 ], [ 18.522773128586412, 42.430136178852244 ], [ 18.503200184870536, 42.449436123353166 ], [ 18.503200184870479, 42.449436123353223 ], [ 18.502666237300446, 42.450173239505261 ], [ 18.504097115878015, 42.450257663373691 ], [ 18.508054184875107, 42.453882123357289 ], [ 18.678609185033963, 42.460554123363636 ], [ 18.707636185060835, 42.419854123325706 ], [ 18.703473185057135, 42.399018123306121 ], [ 18.703473185054129, 42.399018123306888 ], [ 18.703473185042554, 42.39901812324895 ], [ 18.625618184956522, 42.418954123292551 ], [ 18.585827184884209, 42.429718123296851 ], [ 18.553536184972369, 42.427218123239605 ], [ 18.577218184939511, 42.38721812329527 ], [ 18.620063184979415, 42.365064123274635 ], [ 18.642935278332391, 42.37288257155943 ], [ 18.646400831285575, 42.374067213757641 ], [ 18.646400831305609, 42.374067213746798 ], [ 18.647082185004479, 42.374300123283149 ], [ 18.810836185156973, 42.284718123199866 ], [ 18.847354185191193, 42.286936123201826 ], [ 18.879373185220857, 42.279436123194841 ], [ 18.964445185300178, 42.189991123111611 ], [ 19.005000185337849, 42.1574911230814 ], [ 19.050063185379884, 42.137009123062171 ], [ 19.078609185406435, 42.111664123038679 ], [ 19.138609185462428, 42.043327122974972 ], [ 19.145973185469188, 42.019582122952784 ], [ 19.145973185451659, 42.019582122872038 ], [ 19.145973185451965, 42.019582122871057 ], [ 19.137982185470559, 41.982773122898109 ], [ 19.152773185475439, 41.948891122887062 ], [ 19.176109185497239, 41.931518122870898 ], [ 19.232354185549639, 41.911727122852312 ], [ 19.278891185593068, 41.903327122844587 ], [ 19.299445185612058, 41.894718122836593 ], [ 19.367773185651345, 41.849000122810388 ], [ 19.343327185618307, 41.912500122809263 ], [ 19.346945185657688, 41.955554122895592 ], [ 19.376391185677846, 42.072809122967058 ], [ 19.399100185660473, 42.104091122998909 ], [ 19.378191185630783, 42.123464123043519 ], [ 19.332218185633337, 42.152500123061742 ], [ 19.288536185601629, 42.182909123109013 ], [ 19.519718185765669, 42.448609123303285 ], [ 19.608536185868928, 42.542845123398919 ], [ 19.611182185849202, 42.571036123462775 ], [ 19.633327185906012, 42.603336123440201 ], [ 19.651527185939301, 42.623191123465546 ], [ 19.717845185971555, 42.660345123509572 ], [ 19.754327858487244, 42.641107234450473 ], [ 19.764791186029072, 42.587873123424401 ], [ 19.746809186007624, 42.545000123434406 ], [ 19.769445186004162, 42.500964123391611 ], [ 19.793954186005834, 42.48409112336013 ], [ 19.822500186093464, 42.471936123326884 ], [ 19.927354186156037, 42.515554123415654 ], [ 20.06376368629418, 42.561909123412548 ], [ 20.085678154418616, 42.548150302523723 ], [ 20.102082186358359, 42.53347312341937 ], [ 20.135427832984959, 42.521073653771182 ], [ 20.155628434367088, 42.513169993170877 ], [ 20.196807777213394, 42.463375510537134 ], [ 20.222500186443739, 42.42832712328061 ], [ 20.241693805885006, 42.353432220321906 ], [ 20.249509186463882, 42.3270731231881 ], [ 20.355673186543612, 42.31184512318579 ], [ 20.381016436061856, 42.305620337471439 ], [ 20.430956580947196, 42.285301028231018 ], [ 20.457536186650259, 42.27390912312778 ], [ 20.505923328071532, 42.232699572552079 ], [ 20.525136186738393, 42.213054123116322 ], [ 20.595273186754468, 42.043609122910496 ], [ 20.609438789104331, 41.996994265171779 ], [ 20.621736186773859, 41.956527122888176 ], [ 20.603327186760481, 41.93471812284379 ], [ 20.584868485737701, 41.910206531719055 ], [ 20.58964518678556, 41.882191122766358 ], [ 20.568954186794429, 41.874545122817807 ], [ 20.53360918676151, 41.776936122726852 ], [ 20.517773186746837, 41.744027122696195 ], [ 20.53388218676173, 41.634718122594379 ], [ 20.466109186698702, 41.555545122520698 ], [ 20.458818186691843, 41.520827122488342 ], [ 20.470691186702908, 41.49930012246827 ], [ 20.508609186738227, 41.459718122431454 ], [ 20.561873186787807, 41.408673122383917 ], [ 20.550000186776742, 41.373054122350723 ], [ 20.524163186752759, 41.350273122329483 ], [ 20.498854186729119, 41.341800122321558 ], [ 20.502500186732533, 41.304445122286836 ], [ 20.519163186748159, 41.246382122232745 ], [ 20.578327186803193, 41.16277312215486 ], [ 20.600609186823903, 41.093182122090099 ], [ 20.662500186881545, 41.089164122086359 ], [ 20.740809186954522, 40.909536121919047 ], [ 20.814163687022841, 40.904718121914584 ], [ 20.837427187044483, 40.927427121935636 ], [ 20.944163187143914, 40.919164121928034 ], [ 20.963054187161447, 40.91138212192071 ], [ 20.980536187177762, 40.897209121907551 ], [ 20.983491187180505, 40.855891121869107 ], [ 21.121554187309101, 40.857218121870275 ], [ 21.150836187336381, 40.857500121870515 ], [ 21.314718187489007, 40.868609121880894 ], [ 21.349863187521777, 40.873191121885199 ], [ 21.374582187544746, 40.883191121894512 ], [ 21.410136187577791, 40.913882121923095 ], [ 21.528400187687993, 40.907836121917484 ], [ 21.548336187706553, 40.891109121901891 ], [ 21.57576318773215, 40.873118121885113 ], [ 21.600000187754659, 40.872773121884819 ], [ 21.786245187928131, 40.930827121938862 ], [ 21.910827188044152, 41.065582122064384 ], [ 21.916109188049091, 41.095273122091953 ], [ 21.977082188105925, 41.131800122126023 ], [ 22.205554188318672, 41.167773122159545 ], [ 22.259582188368967, 41.170973122162479 ], [ 22.304718188411016, 41.153327122146095 ], [ 22.343327188446921, 41.134436122128477 ], [ 22.44250018853927, 41.12138212211633 ], [ 22.484718188578626, 41.12138212211633 ], [ 22.586736188673711, 41.119854122114873 ], [ 22.737745188814301, 41.156109122148635 ], [ 22.758054188833171, 41.227773122215368 ], [ 22.761545188836465, 41.251736122237688 ], [ 22.76203618883693, 41.306636122288879 ], [ 22.776800188850757, 41.328054122308814 ], [ 22.808473188880157, 41.347773122327169 ], [ 22.931763105661616, 41.342509622322254 ], [ 22.955900189017456, 41.355618122334477 ], [ 22.966663189027457, 41.374164122351786 ], [ 22.959163189020472, 41.476391122446913 ], [ 22.951663189013544, 41.598609122560788 ], [ 22.954236189015944, 41.63596412259551 ], [ 22.986945189046395, 41.665836122623389 ], [ 23.015000189072452, 41.695409122650972 ], [ 23.030973189087376, 41.725064122678575 ], [ 23.009236189067167, 41.766309122716919 ], [ 22.965900189026769, 41.775691122725718 ], [ 22.942500189004932, 41.807782122755569 ], [ 22.89763618896319, 41.882218122824909 ], [ 22.876945188943893, 41.938191122877043 ], [ 22.823054188893764, 42.027354122960077 ], [ 22.685836188765876, 42.065273122995364 ], [ 22.609445188694764, 42.103336123030843 ], [ 22.519445188610945, 42.149718123074038 ], [ 22.40777318850698, 42.279445123194847 ], [ 22.365273188469843, 42.323882123219036 ], [ 22.410827188502708, 42.335273123230991 ], [ 22.459445188545885, 42.363054123220877 ], [ 22.521767288957363, 42.402096526661495 ], [ 22.537218188614304, 42.425418123265615 ], [ 22.556637787881272, 42.479758076357413 ], [ 22.546945188610437, 42.512909123372665 ], [ 22.522500188558098, 42.531109123404875 ], [ 22.467685804974337, 42.567719488454543 ], [ 22.447218188538415, 42.599445123471583 ], [ 22.442909188537499, 42.820409123697559 ], [ 22.528404156716817, 42.878582118368612 ], [ 22.594854188630478, 42.894445123723131 ], [ 22.615000188650612, 42.894718123723251 ], [ 22.639036029576999, 42.888209392857419 ], [ 22.658609188699444, 42.882909123742706 ], [ 22.696500306803046, 42.887126452394696 ], [ 22.741591188779637, 42.89214512372503 ], [ 22.807679103436868, 42.95374064771417 ], [ 22.96639118898986, 43.101664123949149 ], [ 22.987683805048363, 43.13124387820271 ], [ 22.996535898987815, 43.195107285383401 ], [ 22.940554188976165, 43.210545124054647 ], [ 22.905973188931085, 43.229718124080762 ], [ 22.846945188891283, 43.286727124084763 ], [ 22.829509188871128, 43.331873124122936 ], [ 22.764309188794698, 43.386664124206334 ], [ 22.721382188744627, 43.400691124236104 ], [ 22.669163188720489, 43.415836124223546 ], [ 22.628054188686377, 43.430827124217615 ], [ 22.541663188615615, 43.475618124306621 ], [ 22.41041818850519, 43.717500124526879 ], [ 22.367218188454927, 43.826945124627613 ], [ 22.416976228922749, 44.002431995868392 ], [ 22.537451209121457, 44.057749033447394 ], [ 22.614854188683466, 44.119582124866255 ], [ 22.619163188684382, 44.170000124930567 ], [ 22.651800188683893, 44.213191124951237 ], [ 22.685055085052795, 44.220562249050062 ], [ 22.687773188838747, 44.274018124997752 ], [ 22.665273188839706, 44.288464125045763 ], [ 22.641109188822412, 44.294164125011037 ], [ 22.616673188807852, 44.298036125042131 ], [ 22.575618188774229, 44.305545125048624 ], [ 22.54332718876654, 44.329718125037346 ], [ 22.53000018873928, 44.345273125078961 ], [ 22.459927188690926, 44.461064125116252 ], [ 22.461527188694191, 44.483327125160002 ], [ 22.586245188776331, 44.54763612517533 ], [ 22.615418188788396, 44.551664125206543 ], [ 22.639027188781085, 44.545827125186861 ], [ 22.672500188821715, 44.528882125182818 ], [ 22.701182188824134, 44.523564125143196 ], [ 22.738891188878313, 44.533054125181536 ], [ 22.762509188895422, 44.552600125206808 ], [ 22.712773188849638, 44.605136125231866 ], [ 22.665836188833083, 44.619445125225553 ], [ 22.644445188827632, 44.618609125232055 ], [ 22.607291188798001, 44.622427125222444 ], [ 22.574445188765708, 44.638609125219574 ], [ 22.543054188766519, 44.658609125259844 ], [ 22.513891188728621, 44.679718125240896 ], [ 22.493473188717985, 44.699164125259401 ], [ 22.466109188622198, 44.713745125397892 ], [ 22.428818188526606, 44.712082125460398 ], [ 22.311591188417395, 44.659027125411058 ], [ 22.297773188404648, 44.635827125389426 ], [ 22.27407292492444, 44.605130019827243 ], [ 22.258609188368041, 44.585273125342283 ], [ 22.204865287187772, 44.519321489706456 ], [ 22.175482188290601, 44.483264125247345 ], [ 22.155864604561827, 44.481719283139682 ], [ 22.137500188255245, 44.480273125244565 ], [ 22.091477341402168, 44.498874141824288 ], [ 22.035418188160207, 44.559509125318385 ], [ 22.030213188155329, 44.59165912534823 ], [ 22.010434828602882, 44.616696691994505 ], [ 21.997009188124423, 44.633045125386786 ], [ 21.909163188042641, 44.649436125402104 ], [ 21.783609187925663, 44.661945125413752 ], [ 21.734163187879602, 44.655827125408024 ], [ 21.667398448252101, 44.659026267635156 ], [ 21.643423417632107, 44.660831914519349 ], [ 21.617709187771112, 44.68284512543319 ], [ 21.615600187769189, 44.710791125459195 ], [ 21.596945187751828, 44.755827125501142 ], [ 21.565554187722597, 44.771664125515912 ], [ 21.535181518934849, 44.777097194314152 ], [ 21.501371457290333, 44.777583928713597 ], [ 21.474718187638018, 44.777773125521605 ], [ 21.453609187618326, 44.776664125520611 ], [ 21.398663187567138, 44.783100125526531 ], [ 21.379692555187063, 44.806754280613887 ], [ 21.362573187533542, 44.82810012556844 ], [ 21.368583791754816, 44.861053398316585 ], [ 21.407773187579636, 44.876245125611561 ], [ 21.453609187653058, 44.875418125565261 ], [ 21.478882187664311, 44.875273125628667 ], [ 21.502218187637681, 44.879718125623853 ], [ 21.553954187663351, 44.892427125597777 ], [ 21.556800187658212, 44.913954125596703 ], [ 21.535827187705479, 44.940200125709069 ], [ 21.473191187680328, 44.962354125725511 ], [ 21.450136187640766, 44.962354125725511 ], [ 21.429718187627628, 44.961664125682091 ], [ 21.407218187527604, 44.972218125710327 ], [ 21.37343618758652, 45.013609125676197 ], [ 21.443054187618969, 45.053600125777052 ], [ 21.514100187677741, 45.142773125793596 ], [ 21.478073187609368, 45.185527125860617 ], [ 21.410827187537024, 45.215418125852764 ], [ 21.351391187524143, 45.217773125939701 ], [ 21.271945187364452, 45.231245125928268 ], [ 21.048882187189065, 45.316382125946774 ], [ 20.986663187094791, 45.345836126005082 ], [ 20.808327187006853, 45.478882126132106 ], [ 20.794163186963345, 45.507773126092331 ], [ 20.76756318694612, 45.613536126199008 ], [ 20.776527186913398, 45.633327126194629 ], [ 20.797500186978482, 45.653045126219126 ], [ 20.80160018700829, 45.758673126334429 ], [ 20.773018186918392, 45.768154126359505 ], [ 20.752773186890977, 45.746936126343329 ], [ 20.717636186894822, 45.743745126270611 ], [ 20.662363186825104, 45.798745126340293 ], [ 20.655973186858262, 45.827909126412806 ], [ 20.58527318677082, 45.898745126622501 ], [ 20.553745186784084, 45.91124512662816 ], [ 20.513745186743677, 45.91423612655953 ], [ 20.373191186612104, 45.981518126614617 ], [ 20.354027186633886, 46.017391126694577 ], [ 20.314027186593478, 46.069854126752062 ], [ 20.259657081196934, 46.116197705699435 ], [ 20.202773186463446, 46.150554126796564 ], [ 20.11527318630155, 46.167218126753198 ], [ 19.961109186154886, 46.170827126762973 ], [ 19.849582186080056, 46.152145126750924 ], [ 19.744718185972886, 46.162218126817777 ], [ 19.703718185895838, 46.176391126802343 ], [ 19.666527185857461, 46.181109126798177 ], [ 19.565273185765932, 46.172773126740566 ], [ 19.506318185708722, 46.139227126694777 ], [ 19.516318185804352, 46.118118126742417 ], [ 19.463891185723298, 46.076382126694 ], [ 19.284027185573876, 45.988882126644469 ], [ 19.15409118548709, 45.988609126644349 ], [ 19.127500185406149, 46.020900126649451 ], [ 19.093054185342822, 46.022218126603789 ], [ 19.002636185332761, 45.959445126568369 ], [ 18.858891185111702, 45.911109126578097 ], [ 18.835827185129915, 45.911109126578097 ], [ 18.81321098516662, 45.908887726496701 ], [ 18.780000185117046, 45.89471812649164 ], [ 18.719445185051285, 45.911518126574634 ], [ 18.618473184879974, 45.851391126501113 ], [ 18.598473184931066, 45.82791812638655 ], [ 18.555554184929093, 45.800000126428856 ], [ 18.433745184670471, 45.750973126391443 ], [ 18.407500184682164, 45.748327126437189 ], [ 18.332636184645196, 45.754436126330518 ], [ 18.248054184553069, 45.767291126366786 ], [ 18.225827184573035, 45.779718126410728 ], [ 18.195554184499798, 45.783882126342164 ], [ 18.153327184421045, 45.787218126354048 ], [ 18.006382184305039, 45.786945126354098 ], [ 17.880836184249603, 45.783882126342164 ], [ 17.656832184011733, 45.845940626423612 ], [ 17.644854183971717, 45.885273126436601 ], [ 17.626109183926758, 45.905827126447036 ], [ 17.582563183901669, 45.937564126532067 ], [ 17.458609183792674, 45.954436126568979 ], [ 17.427573183849915, 45.94029112650945 ], [ 17.389445183802479, 45.938045126482166 ], [ 17.354854183813131, 45.951664126545495 ], [ 17.311391183676619, 45.975273126506465 ], [ 17.257427183611753, 46.020964126681747 ], [ 17.254718183622799, 46.053327126632325 ], [ 17.23471818367392, 46.09041812665275 ], [ 17.182773183540093, 46.154582126730602 ], [ 17.152709183574416, 46.18027312680708 ], [ 17.040273183416986, 46.214164126811696 ], [ 16.973054183388598, 46.233609126841216 ], [ 16.937773183341534, 46.249454126777962 ], [ 16.919718183354547, 46.259991126833299 ], [ 16.891391183250676, 46.283745126859557 ], [ 16.879804683297237, 46.306541126866492 ], [ 16.874300183329126, 46.345336126944773 ], [ 16.840554183240044, 46.369991127001882 ], [ 16.801391183180897, 46.391391126920226 ], [ 16.661109183019676, 46.465554126964932 ], [ 16.628609183065237, 46.475000127027698 ], [ 16.600413260829725, 46.478280540590703 ], [ 16.530973182905967, 46.50902712702846 ], [ 16.408609182877882, 46.658882127179453 ], [ 16.385554182828656, 46.70166412732739 ], [ 16.36731368276466, 46.721486627260958 ], [ 16.32527318277053, 46.755827127273278 ], [ 16.315482182753755, 46.794300127274653 ], [ 16.337218182856589, 46.809164127315142 ], [ 16.349027182796704, 46.842354127327312 ], [ 16.298191182793659, 46.869300127457805 ], [ 16.269718182766752, 46.874445127435408 ], [ 16.229445182719047, 46.876245127481852 ], [ 16.18103618263558, 46.8645821274648 ], [ 16.139791182610821, 46.859164127337237 ], [ 16.111800182595857, 46.86971812742479 ], [ 16.009309182537066, 46.835491127347083 ], [ 15.988327182532146, 46.831591127346186 ], [ 15.987918182533122, 46.755136127359819 ], [ 15.921601247967175, 46.738699801511544 ], [ 15.85902718239808, 46.723191127320547 ], [ 15.832782182237395, 46.722218127338991 ], [ 15.806663182339463, 46.718609127325209 ], [ 15.602500182182808, 46.686664127289148 ], [ 15.406109181947642, 46.652500127110059 ], [ 15.140109061341917, 46.657200124258779 ], [ 15.10177613117574, 46.656340007473688 ], [ 15.074409181549555, 46.648573127220885 ], [ 15.055963955995225, 46.651931415856325 ], [ 15.034022166301185, 46.647721164154561 ], [ 14.867500181425385, 46.613327127134085 ], [ 14.83203422084452, 46.564956816803729 ], [ 14.825000181338709, 46.541382127048095 ], [ 14.815867342931227, 46.518180742248049 ], [ 14.545000181170167, 46.40749112701441 ], [ 14.478054180968712, 46.419445127018676 ], [ 14.39395451307459, 46.425457838984499 ], [ 14.153682180713588, 46.442636127068866 ], [ 14.128891180654193, 46.463054127082174 ], [ 14.115836180746783, 46.47888212702658 ], [ 14.082218180747532, 46.489164127077061 ], [ 13.936945180589561, 46.515827127136347 ], [ 13.8455541804625, 46.520000127136214 ], [ 13.800346585285922, 46.518911030571729 ], [ 13.776109180413471, 46.518327126993256 ], [ 13.718739198222579, 46.522037747124955 ], [ 13.710763423823153, 46.492028954025798 ], [ 13.69200918026786, 46.451664127064092 ], [ 13.657773180324057, 46.449718126921113 ], [ 13.511391180219817, 46.384718127009549 ], [ 13.440836180155856, 46.346382126976437 ], [ 13.383473180100452, 46.295136126933144 ], [ 13.402396789698059, 46.251280242273054 ], [ 13.418891180133357, 46.213054126856548 ], [ 13.458954180172924, 46.223191126863412 ], [ 13.488473180196905, 46.231945126870343 ], [ 13.550554180257848, 46.218045126859877 ], [ 13.625800105745128, 46.190199143316605 ], [ 13.666036180360777, 46.175309126816373 ], [ 13.648191180343844, 46.145545126786772 ], [ 13.59499475518686, 46.106295439455565 ], [ 13.55736318025555, 46.087282126737094 ], [ 13.53889118024648, 46.079436126726605 ], [ 13.521945180231342, 46.063327126711442 ], [ 13.483189519462741, 46.016419625209366 ], [ 13.509863180124569, 45.986245126600011 ], [ 13.540282180114673, 45.968327126623464 ], [ 13.568954180178451, 45.979373126526397 ], [ 13.593133759295512, 45.992931620729678 ], [ 13.610424063844675, 45.988529709372742 ], [ 13.635100180195394, 45.982009126558609 ], [ 13.634718180269203, 45.947909126610156 ], [ 13.614100180209789, 45.90513612652353 ], [ 13.590691180305157, 45.888118126421617 ], [ 13.578327180298231, 45.850273126437216 ], [ 13.603745180205379, 45.808882126327447 ], [ 13.697500180373765, 45.784164126401819 ], [ 13.791527180353171, 45.752773126439479 ], [ 13.835282180504322, 45.717773126283504 ], [ 13.91833618053451, 45.636391126207002 ], [ 13.856440328172368, 45.587144871570231 ], [ 13.827773180490624, 45.584445126226683 ], [ 13.808613241471193, 45.585904145622379 ], [ 13.716945180413148, 45.596109126283594 ], [ 13.717063045506514, 45.595940841003276 ], [ 13.749927180443706, 45.549018126239872 ], [ 13.749927180422201, 45.549018126238344 ], [ 13.74992718043049, 45.549018126226514 ], [ 13.665836180353466, 45.54305412622395 ], [ 13.597146875965052, 45.519569327594866 ], [ 13.596563680298715, 45.477445626169043 ], [ 13.555000180261374, 45.494436126178982 ], [ 13.504791180217266, 45.502009126189577 ], [ 13.533609180242223, 45.401664126102645 ], [ 13.575836180281556, 45.300282126008227 ], [ 13.595000180299394, 45.250691125962021 ], [ 13.595000180299436, 45.250691125961538 ], [ 13.59500018029965, 45.250691125960984 ], [ 13.59635490782181, 45.23506180240507 ], [ 13.603054180306913, 45.15777312587548 ], [ 13.681109180379593, 45.051382125776399 ], [ 13.756945180450231, 44.981382125711207 ], [ 13.83916318052681, 44.876382125613418 ], [ 13.839163180522503, 44.87638212561027 ], [ 13.839163180525333, 44.876382125606654 ], [ 13.816945180507936, 44.860136125596476 ], [ 13.904445180587601, 44.772564125516737 ], [ 13.904445180788782, 44.772564125600354 ], [ 13.995172680668361, 44.814372625550916 ], [ 13.975827180647428, 44.824027125564413 ], [ 13.975827180647428, 44.846936125581053 ], [ 13.994396091764685, 44.889483864860132 ], [ 13.994863180671814, 44.890554125626636 ], [ 14.08750018075807, 44.961391125692586 ], [ 14.144300180804478, 44.962154125693218 ], [ 14.167445180818589, 44.989054125718937 ], [ 14.155836180819506, 45.039445125764047 ], [ 14.160136180815329, 45.076873125785895 ], [ 14.160136180825008, 45.076873125793846 ], [ 14.160136180825731, 45.076873125800148 ], [ 14.216663180878385, 45.123327125843417 ], [ 14.228686468918397, 45.141003641252297 ], [ 14.230836180885518, 45.144164125855937 ], [ 14.233426964685162, 45.149997910581568 ], [ 14.239718180899843, 45.164164125881456 ], [ 14.243218137252203, 45.177791360634721 ], [ 14.248191180900108, 45.197154125907815 ], [ 14.253891180909875, 45.231945125939731 ], [ 14.284231463801612, 45.308977108969536 ], [ 14.286600180943509, 45.314991126021908 ], [ 14.286600180943672, 45.314991126022072 ], [ 14.286600180943793, 45.314991126022377 ], [ 14.323054180965613, 45.350964126048979 ], [ 14.323054180969923, 45.350964126047955 ], [ 14.323054180977465, 45.350964126055402 ], [ 14.448609181094383, 45.321245126027748 ], [ 14.482773181101726, 45.311100126025565 ], [ 14.482773181126277, 45.311100126018403 ], [ 14.482773181130526, 45.311100126015809 ], [ 14.585000181221403, 45.252218125963452 ], [ 14.674445181301186, 45.182218125901024 ], [ 14.674445181304691, 45.182218125898402 ], [ 14.724863181351765, 45.148609125867026 ], [ 14.752782181377768, 45.135691125854933 ], [ 14.800282181421977, 45.123054125843183 ], [ 14.831527181451008, 45.115418125836129 ], [ 14.919300181532805, 44.965973125696948 ], [ 14.909582181523831, 44.911518125646239 ], [ 14.894027181509216, 44.889445125625585 ], [ 14.880273181496534, 44.852082125590726 ], [ 14.878609181494909, 44.811382125552981 ], [ 14.887782181503553, 44.716245125464411 ], [ 14.894718181509916, 44.695273125444785 ], [ 14.926391181539373, 44.655000125407369 ], [ 14.971109181581113, 44.601664125357601 ], [ 14.988366289557572, 44.581937152042954 ], [ 14.990554181599123, 44.579436125336883 ], [ 14.990960532551538, 44.579191624401609 ], [ 15.013745181620777, 44.56548212532401 ], [ 15.095836181697166, 44.518054125279718 ], [ 15.140836181739161, 44.473054125237894 ], [ 15.181663181777282, 44.438609125205744 ], [ 15.270554181859922, 44.369164125141154 ], [ 15.290492794812707, 44.35953864830735 ], [ 15.448608769403879, 44.283191324293433 ], [ 15.448609182025706, 44.283191125060966 ], [ 15.478609182048293, 44.275554125055237 ], [ 15.482895065685394, 44.275650322142702 ], [ 15.50333618207668, 44.276109125054376 ], [ 15.522291182094335, 44.263254125042408 ], [ 15.522291182068329, 44.26325412504162 ], [ 15.522291182081858, 44.263254125032446 ], [ 15.428022965395911, 44.260401935892254 ], [ 15.414445181993898, 44.259991125039363 ], [ 15.41444518199023, 44.259991125040635 ], [ 15.41444518198162, 44.259991125040372 ], [ 15.385054181953024, 44.27016412504392 ], [ 15.341891181924751, 44.287491125051673 ], [ 15.321391181902783, 44.30050012506463 ], [ 15.280000181871181, 44.305827125070437 ], [ 15.291318181879234, 44.253400125033238 ], [ 15.283117886627128, 44.253550198493421 ], [ 15.203891181793097, 44.255000125020885 ], [ 15.145136181742146, 44.280064125047431 ], [ 15.117982181720247, 44.270764125043975 ], [ 15.151663181749171, 44.196391124980124 ], [ 15.23221818182418, 44.119164124908224 ], [ 15.281663181870243, 44.07305412486528 ], [ 15.405554181985622, 43.965273124764877 ], [ 15.457500182033982, 43.922636124725187 ], [ 15.490973182065176, 43.913054124716268 ], [ 15.526036182097812, 43.895036124699487 ], [ 15.526036182217416, 43.895036124500159 ], [ 15.538717304055751, 43.879280558207171 ], [ 15.59944514601149, 43.845273144878661 ], [ 15.599445182166193, 43.845273124653119 ], [ 15.688891182249506, 43.778882124591291 ], [ 15.782154182336342, 43.756245124570228 ], [ 15.940836182484134, 43.683609124502567 ], [ 15.965900182507482, 43.631800124454315 ], [ 15.965900182501063, 43.631800124453662 ], [ 15.965900182505038, 43.631800124445448 ], [ 15.935289774445593, 43.628695772437659 ], [ 15.930689493736452, 43.628229235347803 ], [ 15.918818182466442, 43.566936124418234 ], [ 15.918818182463639, 43.566936124393919 ], [ 15.988336182528371, 43.504436124335712 ], [ 16.036945182573646, 43.481800124314617 ], [ 16.102709182634896, 43.475827124309063 ], [ 16.102709183582629, 43.47582712453503 ], [ 16.170626298296781, 43.492279611566985 ], [ 16.181562606933564, 43.502917720957505 ], [ 16.19055418271671, 43.511664124342445 ], [ 16.306811745244364, 43.542146544741406 ], [ 16.309604420250452, 43.542878776621862 ], [ 16.309604420256022, 43.542878776622857 ], [ 16.310273182828212, 43.543054124371679 ], [ 16.354027182868947, 43.550827124378912 ], [ 16.430554182940227, 43.545691124374116 ], [ 16.46923618297626, 43.533536124362797 ], [ 16.499163183004129, 43.503054124334426 ], [ 16.618891183115636, 43.448882124283955 ], [ 16.637782183133226, 43.441109124276721 ], [ 16.736382183225032, 43.416109124253438 ], [ 16.764163183250929, 43.41138212424903 ], [ 16.813609183296961, 43.406945124244913 ], [ 16.838054183319741, 43.405273124243337 ], [ 16.86083618334095, 43.405273124243337 ], [ 16.881663183360359, 43.403609124241797 ], [ 16.940000183414668, 43.364718124205581 ], [ 17.045000183512457, 43.272500124119688 ], [ 17.068191183534054, 43.240973124090345 ], [ 17.131382183592905, 43.198882124051124 ], [ 17.17784518363618, 43.173882124027841 ], [ 17.222500183677766, 43.1613821240162 ], [ 17.251663183704949, 43.154164124009498 ], [ 17.326527183774658, 43.116391123974296 ], [ 17.455000183894299, 43.033336123896959 ], [ 17.470554183908803, 43.017773123882449 ], [ 17.470554183912146, 43.017773123800374 ], [ 17.476177183894762, 42.985899623872655 ], [ 17.476177184038132, 42.985899623724826 ], [ 17.518891182556285, 42.952773124863555 ], [ 17.518891183953826, 42.952773123821913 ], [ 17.578527184009346, 42.943827123813605 ], [ 17.649845184075787, 42.889073123762614 ], [ 17.657354184082777, 42.880827123754926 ] ] ], [ [ [ 15.2197886817182, 43.89773862426172 ], [ 15.143054181110784, 43.951664124792813 ], [ 15.084027181277577, 43.985691124665408 ], [ 15.050282180989029, 44.013882124339275 ], [ 15.036663181486659, 44.026936124633949 ], [ 14.992500181033222, 44.083609124692046 ], [ 14.857118181756359, 44.1647546241878 ], [ 14.857118182296242, 44.164754622724857 ], [ 14.876668176964163, 44.136523130288325 ], [ 14.876668182976273, 44.13652312316767 ], [ 14.916945173160823, 44.109164129946819 ], [ 14.916945181530565, 44.109164124898911 ], [ 14.974582181584253, 44.067636124860229 ], [ 14.989445181598086, 44.055545124848976 ], [ 15.028891181634833, 44.011936124808358 ], [ 15.036109181641535, 44.00360912480059 ], [ 15.047218181651886, 43.988882124786869 ], [ 15.057218181661199, 43.973882124772899 ], [ 15.071663181674666, 43.957500124757644 ], [ 15.071663225112633, 43.957500078308207 ], [ 15.103886178980162, 43.923750127177485 ], [ 15.103886184756833, 43.923750121980142 ], [ 15.142918177844967, 43.893191126992377 ], [ 15.142918186633754, 43.893191121816109 ], [ 15.189231679161692, 43.872359125343074 ], [ 15.189231681816667, 43.872359124670112 ], [ 15.2197886817182, 43.89773862426172 ] ] ], [ [ [ 14.393159426974984, 44.685436270094478 ], [ 14.392741531140306, 44.686956722662003 ], [ 14.338054181074297, 44.706736125016661 ], [ 14.347773181000491, 44.65527312540749 ], [ 14.367500181018841, 44.590273125346954 ], [ 14.367500195131301, 44.590273113936917 ], [ 14.517915180715107, 44.474394124682107 ], [ 14.533473180961012, 44.491100124818175 ], [ 14.533473181030272, 44.491100124960468 ], [ 14.509999680927905, 44.51750012510908 ], [ 14.495219190704811, 44.525078372164963 ], [ 14.489718181132673, 44.526664125287738 ], [ 14.483190683719664, 44.531245623471989 ], [ 14.483190680765603, 44.531245624986596 ], [ 14.483190677757854, 44.531245627656446 ], [ 14.476663181120529, 44.535827125296265 ], [ 14.426391199152416, 44.581664108855158 ], [ 14.426391181103185, 44.581664124876696 ], [ 14.42639117608903, 44.581664130455508 ], [ 14.416109181064115, 44.592218125348779 ], [ 14.411663683128296, 44.598050122640799 ], [ 14.411663680952131, 44.598050125062031 ], [ 14.411663679968843, 44.598050126785651 ], [ 14.407218181055839, 44.603882125359632 ], [ 14.395418183109244, 44.626527121419009 ], [ 14.395418180924452, 44.626527125248771 ], [ 14.393891180692123, 44.659436124868023 ], [ 14.393159426974984, 44.685436270094478 ] ] ], [ [ [ 14.390439993723763, 44.69389327049722 ], [ 14.451109181096712, 44.626391125380593 ], [ 14.451109189179258, 44.626391120790245 ], [ 14.488424180788627, 44.606660791628997 ], [ 14.516800179886472, 44.614027124955001 ], [ 14.51680018115789, 44.614027125369091 ], [ 14.517960683064748, 44.615737508165978 ], [ 14.530136180972988, 44.633682125166828 ], [ 14.506391180514413, 44.670827124950577 ], [ 14.470554180785768, 44.740554125303348 ], [ 14.459445181058101, 44.827500125621469 ], [ 14.422641180877918, 44.988881625476935 ], [ 14.422641177686986, 44.988881629474498 ], [ 14.418891181066726, 44.993045125722091 ], [ 14.410000197965049, 45.004718103536227 ], [ 14.41000018072026, 45.0047181251403 ], [ 14.376945180725841, 45.052500125265937 ], [ 14.358891180901566, 45.101109125705221 ], [ 14.353891180601096, 45.119164125569114 ], [ 14.353891181580478, 45.119164128177118 ], [ 14.358054181010061, 45.136109125855313 ], [ 14.36222268067986, 45.141350125440155 ], [ 14.362222680772476, 45.141350125686785 ], [ 14.358331680755072, 45.163677125596394 ], [ 14.313190680571751, 45.172772625518235 ], [ 14.274791182875273, 45.121873128603546 ], [ 14.27479118093251, 45.121873125842058 ], [ 14.27527318093297, 45.103336125824796 ], [ 14.275273204864698, 45.10333610371746 ], [ 14.312777173808282, 45.069513631160355 ], [ 14.312777185171917, 45.069513622641836 ], [ 14.324436091657734, 45.06323830463829 ], [ 14.341109180994266, 45.056664125781339 ], [ 14.353609181005908, 45.045136125770597 ], [ 14.392500181042124, 44.956109125687675 ], [ 14.397182181046503, 44.911591125646225 ], [ 14.394133418054709, 44.911223971197046 ], [ 14.362082180614834, 44.907364125052695 ], [ 14.341391180934021, 44.916109125248568 ], [ 14.331391180985236, 44.849718125588595 ], [ 14.331391220165184, 44.84971802117127 ], [ 14.390439993723763, 44.69389327049722 ] ] ], [ [ [ 14.657773171957942, 45.122773141655294 ], [ 14.589582181225694, 45.238327125950519 ], [ 14.564751282268812, 45.24488032069975 ], [ 14.546736180752475, 45.243536125600968 ], [ 14.428818186097425, 45.086245132780128 ], [ 14.428818181075968, 45.086245125808887 ], [ 14.436391181083025, 45.07000012579374 ], [ 14.463609181108353, 45.048045125773314 ], [ 14.483336181126731, 45.035418125761538 ], [ 14.640836181273414, 44.967773125698528 ], [ 14.69832718132696, 44.947773125679902 ], [ 14.698327190037709, 44.947773122847323 ], [ 14.727500179163933, 44.940132125723338 ], [ 14.727500186013657, 44.940132125565242 ], [ 14.758191181121788, 44.94193612565509 ], [ 14.809722681067541, 44.974927125432117 ], [ 14.806663180770869, 44.996382125561865 ], [ 14.792500181349283, 45.009164125126247 ], [ 14.704163180778664, 45.068327125710027 ], [ 14.657773180945043, 45.122773125616987 ], [ 14.657773171957942, 45.122773141655294 ] ] ] ] } },
{ "type": "Feature", "properties": { "cntry_name": "Estonia", "area": 49294.5, "capname": "Tallinn", "caplong": 24.7281, "caplat": 59.4339, "gwcode": 366.0, "gwsdate": "1918-11-11", "gwsyear": 1918.0, "gwsmonth": 11.0, "gwsday": 11.0, "gwedate": "1940-06-01", "gweyear": 1940.0, "gwemonth": 6.0, "gweday": 1.0, "name": "Estonia", "max": 1918.0 }, "geometry": { "type": "MultiPolygon", "coordinates": [ [ [ [ 23.226100189269062, 58.436654138242403 ], [ 23.239544178655944, 58.433853736103316 ], [ 23.258745189299528, 58.429854138236109 ], [ 23.328191189364134, 58.446936138251999 ], [ 23.28110918932029, 58.487073138289361 ], [ 23.263054189303489, 58.496100138297777 ], [ 23.090827189143084, 58.56443613836143 ], [ 22.984854189044398, 58.599436138394026 ], [ 22.91124518897584, 58.616800138410184 ], [ 22.871663188939007, 58.617763138411078 ], [ 22.871228292069144, 58.617754591520544 ], [ 22.815691188886831, 58.616663138410075 ], [ 22.772045188846192, 58.603218138397551 ], [ 22.624163188708479, 58.593318138388327 ], [ 22.501663188594392, 58.602218138396609 ], [ 22.399807087248284, 58.587780373955177 ], [ 22.327218188431999, 58.577491138373546 ], [ 22.193745188307673, 58.547218138345357 ], [ 22.136193202835262, 58.508257473677048 ], [ 22.112500188231934, 58.492218138294163 ], [ 22.010014831643801, 58.512287873787663 ], [ 21.992636188120372, 58.515691138315987 ], [ 21.925000188057396, 58.517209138317412 ], [ 21.885238864487082, 58.512424859304467 ], [ 21.83735418797583, 58.506663138307644 ], [ 21.859582187996494, 58.483045138285689 ], [ 21.878054188013721, 58.47416313827739 ], [ 21.911382188044769, 58.461518138265603 ], [ 21.996382188123789, 58.381382138191043 ], [ 22.00694518813367, 58.356654138167954 ], [ 22.006945188133624, 58.35665413816794 ], [ 22.006945188133642, 58.356654138167897 ], [ 21.955554188085785, 58.343045138155247 ], [ 21.883327188018512, 58.341518138153816 ], [ 21.868586663915501, 58.321637151513258 ], [ 21.844509187982425, 58.289163138105067 ], [ 21.877082188012707, 58.25735413807547 ], [ 22.073609188195753, 58.172773137996664 ], [ 22.083493670429522, 58.170782343782584 ], [ 22.138473188256171, 58.159709137984549 ], [ 22.19409118830805, 58.145236137971011 ], [ 22.151109188268009, 58.086382137916218 ], [ 22.151109188267913, 58.08638213791621 ], [ 22.151109188267895, 58.086382137916189 ], [ 22.108586921799933, 58.08465671554751 ], [ 22.106527188226408, 58.084573137914504 ], [ 22.096245188216812, 58.081936637912051 ], [ 22.085963188207245, 58.079300137909598 ], [ 21.983191188111512, 57.96720913780522 ], [ 21.997354188124831, 57.919854137761121 ], [ 22.016245188142449, 57.911382137753208 ], [ 22.042959702273748, 57.909426387989356 ], [ 22.073327188195549, 57.916663137758235 ], [ 22.099163188219563, 57.930545137771105 ], [ 22.12217802023444, 57.942920145039295 ], [ 22.202500188315753, 57.986109137822808 ], [ 22.263336188372421, 58.098045137927073 ], [ 22.271318188379865, 58.153118137978339 ], [ 22.276663188384845, 58.180473138003833 ], [ 22.27666318838487, 58.18047313800384 ], [ 22.276663188384873, 58.180473138003862 ], [ 22.372909188474523, 58.221382138042031 ], [ 22.481245188575485, 58.242073138061215 ], [ 22.52055418861201, 58.242218138061418 ], [ 22.581936188669204, 58.24110013806029 ], [ 22.648882188731477, 58.230273138050251 ], [ 22.747792130519905, 58.239426126750189 ], [ 22.756945188832134, 58.240273138059536 ], [ 23.028609189085131, 58.357773138168966 ], [ 23.053604165464307, 58.377495506041519 ], [ 23.064163189118261, 58.385827138195111 ], [ 23.067934011347425, 58.394103653422682 ], [ 23.076945189130157, 58.413882138221197 ], [ 23.076945189130196, 58.413882138221211 ], [ 23.076945189130214, 58.413882138221254 ], [ 23.114523802131433, 58.430919962362601 ], [ 23.14249118919119, 58.443600138248883 ], [ 23.142491189191251, 58.44360013824889 ], [ 23.142491189191304, 58.443600138248911 ], [ 23.202082189246852, 58.447354138252479 ], [ 23.225609546409391, 58.436872719248257 ], [ 23.226100189269062, 58.436654138242403 ] ] ], [ [ [ 23.061872689116257, 58.611800138405556 ], [ 23.067918189121826, 58.591236138386392 ], [ 23.067918189121944, 58.5912361383863 ], [ 23.091109189143339, 58.580273138376185 ], [ 23.212080174209838, 58.534268427317791 ], [ 23.221245689264634, 58.531386138330646 ], [ 23.370554689403662, 58.531522638330841 ], [ 23.396732189427979, 58.556522638354075 ], [ 23.39673218942799, 58.556522638354203 ], [ 23.343191189379123, 58.640963138431196 ], [ 23.343191189378103, 58.640963138432681 ], [ 23.323987351390418, 58.648256352844221 ], [ 23.317218189353952, 58.650827138441855 ], [ 23.281038240988025, 58.661569195281736 ], [ 23.271382189311225, 58.664436138454562 ], [ 23.266768660738641, 58.665712627107652 ], [ 23.247463189289022, 58.671054138460676 ], [ 23.208604689254162, 58.678468138467508 ], [ 23.208604689251899, 58.678468138467714 ], [ 23.179995689227006, 58.67693613846636 ], [ 23.179995689225105, 58.676936138466026 ], [ 23.144995689193731, 58.668050138458021 ], [ 23.14499568919333, 58.668050138457829 ], [ 23.061872689116257, 58.611800138405556 ] ] ], [ [ [ 23.117011439167584, 59.026936138792166 ], [ 23.143258689191924, 58.972490638741533 ], [ 23.172631689219287, 58.961941138731731 ], [ 23.28458168932363, 58.963604138733245 ], [ 23.375554689408375, 58.974713638743566 ], [ 23.38964518942139, 58.993809138761229 ], [ 23.389645189421383, 58.993809138761421 ], [ 23.366109189399758, 59.025409138790423 ], [ 23.366109189399452, 59.025409138790735 ], [ 23.366109189398241, 59.025409138791289 ], [ 23.345827189380962, 59.033604638798273 ], [ 23.345827189380067, 59.033604638798515 ], [ 23.325827189361917, 59.03750013880196 ], [ 23.186772689236363, 59.042100138806191 ], [ 23.186772689231955, 59.042100138806283 ], [ 23.144300189193473, 59.03944063880391 ], [ 23.144300189192847, 59.039440638803804 ], [ 23.117011439167584, 59.026936138792166 ] ] ], [ [ [ 22.929718188993036, 58.98249113875076 ], [ 22.929718188991526, 58.982491138751179 ], [ 22.85194068892072, 59.001940638768886 ], [ 22.851940688920525, 59.001940638768886 ], [ 22.801109188874236, 58.997218138764595 ], [ 22.801109188873255, 58.997218138764481 ], [ 22.749718188825398, 59.000000138767064 ], [ 22.733882188810639, 59.001391138768355 ], [ 22.719718188797458, 59.003609138770429 ], [ 22.700827188779975, 59.016800138782642 ], [ 22.70082718877984, 59.016800138782713 ], [ 22.69693618877622, 59.04777313881155 ], [ 22.62596756593075, 59.059977545651712 ], [ 22.575827188663453, 59.068600138830959 ], [ 22.548880852435602, 59.044806262827862 ], [ 22.52360918861487, 59.022491138788013 ], [ 22.507861113069971, 59.009187715108773 ], [ 22.487773188581457, 58.992218138759824 ], [ 22.472778744240383, 58.98144090565237 ], [ 22.468054188563116, 58.978045138746637 ], [ 22.434436188531805, 58.966382138735725 ], [ 22.375554188476997, 58.951663138722068 ], [ 22.367394075115676, 58.95147857241858 ], [ 22.191100188305143, 58.947491138718163 ], [ 22.191100188303981, 58.947491138718206 ], [ 22.05662968818001, 58.949195388719858 ], [ 22.056386188179687, 58.926872638698967 ], [ 22.171109188286522, 58.890409138665063 ], [ 22.237490688348458, 58.878322638653856 ], [ 22.276945188385042, 58.889436138664088 ], [ 22.276945188385099, 58.889436138664109 ], [ 22.276945188385113, 58.889436138664109 ], [ 22.276945188385213, 58.889436138664138 ], [ 22.329967829859338, 58.891929360700836 ], [ 22.33610918844019, 58.892218138666692 ], [ 22.336109188440215, 58.892218138666692 ], [ 22.336109188440247, 58.892218138666692 ], [ 22.336109188440304, 58.892218138666685 ], [ 22.369718188471495, 58.890273138664895 ], [ 22.377913688478955, 58.887423138662285 ], [ 22.377913688479225, 58.887423138662257 ], [ 22.377913688479495, 58.887423138662101 ], [ 22.386109188486756, 58.884573138659562 ], [ 22.404991188503853, 58.871654138647862 ], [ 22.404991188504425, 58.871654138647528 ], [ 22.426109188524038, 58.855273138632327 ], [ 22.447773188544261, 58.834709138613249 ], [ 22.471936188566787, 58.763609138546997 ], [ 22.474231688568864, 58.705481638492813 ], [ 22.52471818861585, 58.689850138478249 ], [ 22.556386688645375, 58.6869316384755 ], [ 22.595554188681831, 58.688327138476836 ], [ 22.624163188708593, 58.691100138479442 ], [ 22.646382188729262, 58.697773138485701 ], [ 22.672354688753444, 58.709436638496555 ], [ 22.69110018877053, 58.735263138520068 ], [ 22.691100188770804, 58.735263138520509 ], [ 22.701382188780372, 58.753882138537847 ], [ 22.721109188798749, 58.781663138563744 ], [ 22.72759779410158, 58.787867878336172 ], [ 22.74332718881945, 58.802909138583573 ], [ 22.775827188849746, 58.818600138598157 ], [ 22.775827188850176, 58.818600138598264 ], [ 22.798054188870424, 58.825000138604082 ], [ 22.805277188876648, 58.825691138604675 ], [ 22.805277188877199, 58.82569113860481 ], [ 22.805277188877408, 58.825691138604753 ], [ 22.81250018888386, 58.826382138605368 ], [ 22.826245188896678, 58.819718138599171 ], [ 22.803891188875866, 58.803600138584159 ], [ 22.798332188870639, 58.801936638582603 ], [ 22.780763688854336, 58.785895138567781 ], [ 22.807081688878867, 58.773186138555928 ], [ 22.848054188916961, 58.773609138556282 ], [ 22.869088888130211, 58.779253585945249 ], [ 22.885827188952163, 58.783745138565678 ], [ 22.885409188951769, 58.813745138593617 ], [ 22.866936188934574, 58.821663138600996 ], [ 22.866936188934648, 58.821663138601046 ], [ 22.866936188934631, 58.821663138601053 ], [ 22.874138652783891, 58.826348915384798 ], [ 22.884445188950878, 58.833054138611601 ], [ 22.948327189010371, 58.8444361386222 ], [ 22.954577189015492, 58.844713638622423 ], [ 22.954577189016277, 58.844713638622551 ], [ 22.954577189016572, 58.844713638622466 ], [ 22.960827189022012, 58.844991138622703 ], [ 23.005273189063242, 58.83055413860933 ], [ 23.005273189063445, 58.830554138609273 ], [ 23.021663189078765, 58.820545138600011 ], [ 23.045550189100918, 58.842077638619934 ], [ 23.045550189100929, 58.842077638620147 ], [ 22.952500189015566, 58.966936138734596 ], [ 22.952500189014245, 58.966936138736287 ], [ 22.929718188993036, 58.98249113875076 ] ] ], [ [ [ 26.078054191925162, 59.600545139326385 ], [ 26.078054191893315, 59.600545139342628 ], [ 26.036561421014262, 59.621503878278297 ], [ 25.980000191833824, 59.632763139356371 ], [ 25.873054191734241, 59.598873139324809 ], [ 25.772500191640574, 59.636518139359879 ], [ 25.714573191586624, 59.664718139386139 ], [ 25.680482191554923, 59.661654139383273 ], [ 25.690554191564388, 59.617354139342041 ], [ 25.712909191585112, 59.591936139318335 ], [ 25.705409191578127, 59.570545139298503 ], [ 25.705409191578116, 59.570545139298503 ], [ 25.705409191578099, 59.570545139298446 ], [ 25.664718191540203, 59.562763139291178 ], [ 25.637354191514731, 59.567082139295195 ], [ 25.598118191478193, 59.597909139323917 ], [ 25.477451683267081, 59.658032935943261 ], [ 25.488882191376433, 59.564854139293232 ], [ 25.488882191376423, 59.564854139293224 ], [ 25.488882191376433, 59.564854139293146 ], [ 25.41898547605717, 59.505126288047286 ], [ 25.416348928783748, 59.502873316607491 ], [ 25.399209191293039, 59.488227139221834 ], [ 25.399209191292996, 59.488227139221834 ], [ 25.399209191292925, 59.488227139221777 ], [ 25.358891191255395, 59.49054513922394 ], [ 25.318882191218108, 59.498882139231682 ], [ 25.282773191184504, 59.509163139241281 ], [ 25.264372190735092, 59.512926740740383 ], [ 25.234745100298031, 59.518135786962716 ], [ 25.15444519106498, 59.531663139262236 ], [ 25.108526217804648, 59.52948188518922 ], [ 25.080783671489939, 59.521215654919075 ], [ 25.066536085130593, 59.516842086512561 ], [ 25.050554190968228, 59.511936139243858 ], [ 24.918463190845216, 59.506800139239061 ], [ 24.8872181908161, 59.523045139254208 ], [ 24.864582190795034, 59.543045139272834 ], [ 24.795973190731132, 59.564991139293255 ], [ 24.774163190710905, 59.560963139289512 ], [ 24.78500019072095, 59.517082139248714 ], [ 24.785000190720886, 59.51708213924865 ], [ 24.785000190720893, 59.517082139248629 ], [ 24.722773190662963, 59.452773139188764 ], [ 24.536663190489634, 59.457218139192889 ], [ 24.40277319036494, 59.47415413920865 ], [ 24.357082190322387, 59.472491139207108 ], [ 24.329300190296571, 59.461591139196997 ], [ 24.323674978004874, 59.436099996380705 ], [ 24.323674978004853, 59.436099996380683 ], [ 24.322082190289791, 59.42888213916649 ], [ 24.205691190181369, 59.343882139087327 ], [ 24.181663190159014, 59.346236139089541 ], [ 24.148054190127709, 59.361663139103911 ], [ 24.123609190104929, 59.376654139117846 ], [ 24.109925179166265, 59.383296138319118 ], [ 24.105273190087871, 59.385554139126128 ], [ 24.071602334425563, 59.392984788493912 ], [ 24.055552033271557, 59.392218115403189 ], [ 24.043745190030677, 59.391654139131788 ], [ 24.023562083122158, 59.36404495693256 ], [ 24.027218190015219, 59.287773139035181 ], [ 24.027218190015159, 59.287773139035174 ], [ 24.027218190015162, 59.287773139035096 ], [ 23.936109189930306, 59.272218139020595 ], [ 23.903844927597039, 59.272094759147222 ], [ 23.898241890590867, 59.272073332901982 ], [ 23.898241890590786, 59.272073332902004 ], [ 23.898191189894987, 59.272073139020449 ], [ 23.856945189856589, 59.284163139031733 ], [ 23.830827189832263, 59.289718139036893 ], [ 23.830827189746454, 59.289718139022575 ], [ 23.729659008382555, 59.272793848266701 ], [ 23.737714978647858, 59.250944909988839 ], [ 23.742491189749984, 59.246382138996523 ], [ 23.741800189749341, 59.235963138986818 ], [ 23.719300189728692, 59.230409138981734 ], [ 23.7193001897285, 59.230409138981628 ], [ 23.614211005393003, 59.239515539528782 ], [ 23.505273189580233, 59.226800138984387 ], [ 23.505273189529078, 59.226800138978291 ], [ 23.465827189492334, 59.202282138955468 ], [ 23.469577800229075, 59.176881564381858 ], [ 23.482491189507954, 59.089427138850425 ], [ 23.466902985178649, 59.079245325877224 ], [ 23.432636189461419, 59.056863138820034 ], [ 23.432137256946316, 59.055938743269373 ], [ 23.410409189440827, 59.015682138781699 ], [ 23.444300189472358, 58.991800138759515 ], [ 23.46638218949289, 58.984163138752365 ], [ 23.521893595474747, 58.982321981967459 ], [ 23.521893595475021, 58.982321981967502 ], [ 23.556697117608167, 58.987934466385582 ], [ 23.55669711760828, 58.987934466385632 ], [ 23.607082189623895, 59.013745138779882 ], [ 23.567009189586571, 59.041936138806136 ], [ 23.590554189608497, 59.035273138799937 ], [ 23.624300189639911, 59.00950913877594 ], [ 23.636663189651209, 58.974291138743794 ], [ 23.636663189651529, 58.974291138743183 ], [ 23.63666318965144, 58.974291138743141 ], [ 23.636663189651443, 58.974291138743126 ], [ 23.582636189601118, 58.948882138719455 ], [ 23.507500189531129, 58.937209138708596 ], [ 23.477218189502935, 58.93749113870885 ], [ 23.438327189466719, 58.939991138711179 ], [ 23.431168611353268, 58.929150693385722 ], [ 23.422124264638143, 58.915454573218199 ], [ 23.483054189508522, 58.809991138590163 ], [ 23.591663189609534, 58.7880451385698 ], [ 23.798327189801995, 58.799718138580658 ], [ 23.827218189828983, 58.79110913857258 ], [ 23.864236189863362, 58.773045138555801 ], [ 23.864236189863259, 58.77304513855578 ], [ 23.864236189863391, 58.773045138555716 ], [ 23.725554189734225, 58.744709138529316 ], [ 23.592082189609926, 58.732773138518212 ], [ 23.569445189588834, 58.735545138520791 ], [ 23.535273189557017, 58.7418001385266 ], [ 23.508238921528609, 58.709377798250685 ], [ 23.495545189520101, 58.69415413848219 ], [ 23.499652160541416, 58.607638328553179 ], [ 23.507141233561271, 58.572188283111899 ], [ 23.524718189547173, 58.558327138355736 ], [ 23.623882189639602, 58.524854138324599 ], [ 23.679163189691138, 58.425554138232116 ], [ 23.728609189737199, 58.370827138181113 ], [ 23.776245189781463, 58.348609138160441 ], [ 23.826382189828223, 58.354718138166135 ], [ 23.943745189937488, 58.324163138137692 ], [ 23.973327189965005, 58.31582713812989 ], [ 23.993045189983377, 58.307773138122457 ], [ 24.010827189999986, 58.298609138113846 ], [ 24.053609190039765, 58.270691138087841 ], [ 24.103609190086434, 58.235545138055166 ], [ 24.242073190215251, 58.274018138090952 ], [ 24.288327190258343, 58.316036138130073 ], [ 24.297500190266874, 58.352282138163844 ], [ 24.330827190297924, 58.386663138195871 ], [ 24.353339425145304, 58.390984805930159 ], [ 24.353339425147908, 58.390984805930685 ], [ 24.35333942514804, 58.390984805930685 ], [ 24.355409190320813, 58.391382138200242 ], [ 24.390554190348606, 58.390827138199818 ], [ 24.39055419035364, 58.390827138199796 ], [ 24.419718190380678, 58.386654138195951 ], [ 24.458882190417285, 58.378327138188098 ], [ 24.517773190472127, 58.353054138164595 ], [ 24.517773190472752, 58.353054138164019 ], [ 24.554509190506252, 58.324718138138167 ], [ 24.555316881411922, 58.318439226009616 ], [ 24.555316881411954, 58.318439226009588 ], [ 24.557636190509186, 58.300409138115526 ], [ 24.534582190487811, 58.27930013809592 ], [ 24.534582190487704, 58.27930013809587 ], [ 24.534582190487697, 58.279300138095863 ], [ 24.48422719044078, 58.255200138073434 ], [ 24.482972354005941, 58.253838830154194 ], [ 24.469436190427036, 58.239154138058488 ], [ 24.462801690876773, 58.217067475378769 ], [ 24.452500190411314, 58.182773138006041 ], [ 24.468355442744677, 58.155213085392774 ], [ 24.470000190427527, 58.152354137977653 ], [ 24.470827190428249, 58.127345137956205 ], [ 24.470827190428366, 58.127345137954421 ], [ 24.459007200887186, 58.084580709541484 ], [ 24.459007200887044, 58.084580709541278 ], [ 24.456663190415128, 58.076100137906622 ], [ 24.429991190390268, 58.043473137876248 ], [ 24.406382190368276, 58.022773137856973 ], [ 24.402742669932501, 58.018329821490504 ], [ 24.391037306253367, 58.004039303019994 ], [ 24.358473190323821, 57.961800137800282 ], [ 24.341936190308417, 57.931654137772114 ], [ 24.316824321960013, 57.871554990331418 ], [ 24.373049989991415, 57.869491946968765 ], [ 24.41138219037299, 57.872491137716963 ], [ 24.430230224545767, 57.883267914510498 ], [ 24.443954190403304, 57.902836137745282 ], [ 24.549927190502046, 57.953400137792357 ], [ 24.723882190664028, 57.965000137803116 ], [ 24.90059816091707, 58.010057911530424 ], [ 25.015663392077983, 58.039997358723127 ], [ 25.038327190956835, 58.050273137882613 ], [ 25.066276129818249, 58.060087404552206 ], [ 25.092714531945546, 58.067899225398122 ], [ 25.13180019104388, 58.076382137906904 ], [ 25.201800191109072, 58.044582137877228 ], [ 25.209018191115831, 58.020273137854616 ], [ 25.219436191125538, 58.001518137837166 ], [ 25.239854191144531, 57.992627137828919 ], [ 25.295209191196079, 58.010900137845965 ], [ 25.295209191196079, 58.038391137871514 ], [ 25.267500191170313, 58.072282137903045 ], [ 25.297845191198519, 58.083254137913286 ], [ 25.380751125055525, 58.050979203589407 ], [ 25.452218191342297, 58.005127137840532 ], [ 25.514347363292018, 57.972705447193391 ], [ 25.620409191498908, 57.917354137758821 ], [ 25.697464745921877, 57.895416379073367 ], [ 25.801391191667506, 57.865827137710852 ], [ 25.836400237753622, 57.860692507192397 ], [ 25.883054191743554, 57.855827137701453 ], [ 25.946945191803053, 57.853882137699685 ], [ 26.035000191885104, 57.823327137671242 ], [ 26.092530433942642, 57.779757031570284 ], [ 26.204445192042897, 57.694991137551654 ], [ 26.280836192114037, 57.624300137485847 ], [ 26.306245192137681, 57.608191137470868 ], [ 26.350968543802765, 57.590295675837694 ], [ 26.370711330799651, 57.582395684078534 ], [ 26.43905441249558, 57.555047664916913 ], [ 26.511391192328773, 57.526100137394394 ], [ 26.53123997205617, 57.523184061215034 ], [ 26.606800192417552, 57.527009137395282 ], [ 26.624163192433798, 57.546245137413194 ], [ 26.698212505387488, 57.574345911188658 ], [ 26.747895501778146, 57.591232900054678 ], [ 26.814251634427364, 57.611988779003127 ], [ 26.879153915135788, 57.629243694276454 ], [ 26.902218192692771, 57.633463137494374 ], [ 26.969991192755884, 57.623318137484972 ], [ 26.995734668539086, 57.616971513235001 ], [ 27.025273192807333, 57.608045137470782 ], [ 27.044682614432816, 57.592964208061318 ], [ 27.077082192855642, 57.565200137430878 ], [ 27.127454416591007, 57.557895151934645 ], [ 27.211408342171552, 57.545719981569221 ], [ 27.31027319307276, 57.531382137399333 ], [ 27.368379577742388, 57.539555752791586 ], [ 27.42500019317967, 57.531936137399896 ], [ 27.449436193202416, 57.531109137399142 ], [ 27.471663193223208, 57.531382137399333 ], [ 27.547218193293446, 57.536382137403962 ], [ 27.542773193289293, 57.493609137364132 ], [ 27.527773193275465, 57.444327137318339 ], [ 27.571391193316089, 57.418191137294031 ], [ 27.779756806326048, 57.461424212176496 ], [ 27.841387645063207, 57.489038121252122 ], [ 27.903018483800366, 57.533176978893437 ], [ 28.016008354818524, 57.588275492731185 ], [ 28.087911000011843, 57.637792907737065 ], [ 28.098182806468003, 57.676259824316332 ], [ 28.118726419380408, 57.736625470984507 ], [ 27.99546474190609, 57.785940729485503 ], [ 27.933833903168932, 57.857055125644337 ], [ 27.810572225694528, 57.987975038259975 ], [ 27.673609193411181, 58.075691137906318 ], [ 27.644244519020276, 58.092424643699758 ], [ 27.609113064213403, 58.107172788634045 ], [ 27.573429175215864, 58.123263541751527 ], [ 27.551527193297545, 58.13485413796144 ], [ 27.475754193226834, 58.213118138034332 ], [ 27.465900193217806, 58.296936138112386 ], [ 27.491245193241326, 58.324854138138363 ], [ 27.519073150869957, 58.345655614762848 ], [ 27.539854193286686, 58.36478213817557 ], [ 27.542363211554516, 58.393949284183691 ], [ 27.542500193289101, 58.413882138221254 ], [ 27.534081510690498, 58.450522359930119 ], [ 27.519445193267643, 58.504027138305162 ], [ 27.497980452901089, 58.554285920080872 ], [ 27.489300193239558, 58.573609138370074 ], [ 27.451109193204047, 58.68693613847563 ], [ 27.421663193176585, 58.784854138566743 ], [ 27.433053394373502, 58.813406698373001 ], [ 27.44361810323926, 58.831964817993963 ], [ 27.457218193209656, 58.852491138629688 ], [ 27.496117238129642, 58.877494040220512 ], [ 27.543187907459327, 58.902790117992623 ], [ 27.596945193339849, 58.931382138703128 ], [ 27.810572225694528, 58.896431369752491 ], [ 28.026280161274684, 58.901737240689044 ], [ 28.128998225836568, 58.933555365630951 ], [ 28.170085451661407, 58.970639476831821 ], [ 28.26253170976716, 59.034119524715692 ], [ 28.365249774329044, 59.086930188474014 ], [ 28.498783258259635, 59.171258459140859 ], [ 28.529598677628201, 59.260629944402694 ], [ 28.467967838891042, 59.339292962911401 ], [ 28.41147290338202, 59.381171834630408 ], [ 28.365249774329044, 59.412547792136763 ], [ 28.293347129135725, 59.459556678705923 ], [ 28.211172677486161, 59.563787236535092 ], [ 28.063843776199377, 59.600920526944037 ], [ 28.069582193780064, 59.570127139298023 ], [ 28.066245193776808, 59.544436139274126 ], [ 28.039436193751868, 59.50221813923477 ], [ 28.021283309818529, 59.479859503262787 ], [ 28.018952355059067, 59.47753248423011 ], [ 27.995963193711766, 59.454582139190912 ], [ 27.995963193711361, 59.454582139190421 ], [ 27.978054193694675, 59.440545139177374 ], [ 27.953882193672143, 59.425273139163153 ], [ 27.933327193653014, 59.417218139155636 ], [ 27.88790919361071, 59.408600139147609 ], [ 27.848054193573603, 59.406654139145786 ], [ 27.553054193298863, 59.428600139166235 ], [ 27.510000193258747, 59.43443613917168 ], [ 27.48305419323367, 59.439427139176331 ], [ 27.483054193229439, 59.439427139177226 ], [ 27.435601674626728, 59.447584631678936 ], [ 27.435601674624188, 59.447584631679156 ], [ 27.399856300983267, 59.448534007183447 ], [ 27.399856300974495, 59.448534007183518 ], [ 27.184587304171203, 59.446885782565261 ], [ 27.087500193032827, 59.442218139187005 ], [ 27.087500192865264, 59.44221813917892 ], [ 27.065534944029952, 59.442328849483403 ], [ 27.051572860584315, 59.442399221848433 ], [ 27.051572860581771, 59.442399221848461 ], [ 27.033336192814829, 59.442491139179168 ], [ 26.972773192758439, 59.444436139180993 ], [ 26.921382192710553, 59.450827139186941 ], [ 26.88360919267538, 59.459163139194715 ], [ 26.855000192648731, 59.467636139202597 ], [ 26.817218192613552, 59.480818139214875 ], [ 26.772773192572174, 59.503882139236339 ], [ 26.736936192538792, 59.522491139253674 ], [ 26.675827192481876, 59.547491139276957 ], [ 26.650554192458344, 59.553318139282396 ], [ 26.621663192431441, 59.557209139286016 ], [ 26.575273192388238, 59.552282139281431 ], [ 26.531663192347622, 59.537773139267927 ], [ 26.488054192307004, 59.533327139263776 ], [ 26.487103580556578, 59.533575992516433 ], [ 26.48710358055655, 59.533575992516433 ], [ 26.485539024650944, 59.533985565431884 ], [ 26.458327192279313, 59.541109139271015 ], [ 26.389718192215412, 59.561663139290175 ], [ 26.263054192097457, 59.585818139312664 ], [ 26.078054191925162, 59.600545139326385 ] ] ] ] } },
{ "type": "Feature", "properties": { "cntry_name": "Latvia", "area": 65966.0, "capname": "Riga", "caplong": 24.1333, "caplat": 56.9667, "gwcode": 367.0, "gwsdate": "1918-11-18", "gwsyear": 1918.0, "gwsmonth": 11.0, "gwsday": 18.0, "gwedate": "1940-06-01", "gweyear": 1940.0, "gwemonth": 6.0, "gweday": 1.0, "name": "Latvia", "max": 1918.0 }, "geometry": { "type": "Polygon", "coordinates": [ [ [ 25.452218191342297, 58.005127137840532 ], [ 25.380751125055525, 58.050979203589407 ], [ 25.297845191198519, 58.083254137913286 ], [ 25.267500191170313, 58.072282137903045 ], [ 25.295209191196079, 58.038391137871514 ], [ 25.295209191196079, 58.010900137845965 ], [ 25.239854191144531, 57.992627137828919 ], [ 25.219436191125538, 58.001518137837166 ], [ 25.209018191115831, 58.020273137854616 ], [ 25.201800191109072, 58.044582137877228 ], [ 25.13180019104388, 58.076382137906904 ], [ 25.092714531945546, 58.067899225398122 ], [ 25.066276129818249, 58.060087404552206 ], [ 25.038327190956835, 58.050273137882613 ], [ 25.015663392077983, 58.039997358723127 ], [ 24.90059816091707, 58.010057911530424 ], [ 24.723882190664028, 57.965000137803116 ], [ 24.549927190502046, 57.953400137792357 ], [ 24.443954190403304, 57.902836137745282 ], [ 24.430230224545767, 57.883267914510498 ], [ 24.41138219037299, 57.872491137716963 ], [ 24.373049989991415, 57.869491946968765 ], [ 24.316824321960013, 57.871554990331418 ], [ 24.288954190258977, 57.83346313768061 ], [ 24.289718190259748, 57.792500137642577 ], [ 24.304091190273112, 57.731654137585878 ], [ 24.330827190298123, 57.699436137555892 ], [ 24.362218190327269, 57.580827137445311 ], [ 24.409163190371032, 57.354300137234418 ], [ 24.413191190374619, 57.277218137162691 ], [ 24.413191190374615, 57.277218137162677 ], [ 24.413191190374619, 57.277218137162606 ], [ 24.404163190366233, 57.251245137138426 ], [ 24.383653807792687, 57.229904704741507 ], [ 24.373191190337394, 57.219018137108378 ], [ 24.223327190197921, 57.12887313702447 ], [ 24.199210593938329, 57.117752159215421 ], [ 24.155273190134437, 57.097491136995217 ], [ 23.98499118997583, 57.022218136925119 ], [ 23.955273189948173, 57.011382136915017 ], [ 23.880143865041209, 56.990682565373014 ], [ 23.873609189872212, 56.988882136894091 ], [ 23.873609189872166, 56.988882136894084 ], [ 23.873609189872099, 56.988882136894063 ], [ 23.850273189850384, 56.983882136889406 ], [ 23.820564250374836, 56.977608528638733 ], [ 23.785827189790467, 56.970273136876699 ], [ 23.777433648772568, 56.96947478265421 ], [ 23.765273189771221, 56.968318136874927 ], [ 23.655273189668776, 56.965891136872671 ], [ 23.586109189604343, 56.976654136882672 ], [ 23.361891784093547, 57.049225192265048 ], [ 23.346663189381502, 57.054154136954793 ], [ 23.346663189381388, 57.054154136954843 ], [ 23.34666318938136, 57.05415413695485 ], [ 23.327500189363491, 57.062209136962366 ], [ 23.305827189343319, 57.073327136972722 ], [ 23.256109189297007, 57.100963136998445 ], [ 23.249163189290556, 57.114718137011266 ], [ 23.241100189283031, 57.168745137061592 ], [ 23.167500189214479, 57.312763137195702 ], [ 23.135691189184854, 57.364436137243842 ], [ 23.10360918915498, 57.37249113725133 ], [ 23.083609189136354, 57.375827137254447 ], [ 23.049163189104291, 57.385273137263226 ], [ 23.014163189071695, 57.398609137275656 ], [ 22.941173189003706, 57.43069113730553 ], [ 22.906820975485921, 57.453673629346497 ], [ 22.905273188970313, 57.454709137327882 ], [ 22.855454918827419, 57.480743484619033 ], [ 22.751109188826689, 57.535273137402925 ], [ 22.67221818875322, 57.571109137436309 ], [ 22.643327188726317, 57.585273137449491 ], [ 22.594582188680931, 57.637627137498271 ], [ 22.584027188671087, 57.689018137546128 ], [ 22.606900188692368, 57.749054137602002 ], [ 22.593968864190757, 57.752387328926091 ], [ 22.582773188670085, 57.755273137607773 ], [ 22.528736174601924, 57.747007296625839 ], [ 22.480136188574335, 57.739573137593197 ], [ 22.291218201790663, 57.687430461475472 ], [ 22.281391188389364, 57.684718137542148 ], [ 22.09832718821886, 57.633882137494766 ], [ 22.082307831699104, 57.628271583025814 ], [ 22.049163188172969, 57.616663137478753 ], [ 22.019718188145532, 57.603054137466074 ], [ 21.991527188119278, 57.595545137459084 ], [ 21.922773188055402, 57.590963137454764 ], [ 21.920786042489297, 57.591205843657136 ], [ 21.901109188035065, 57.593609137457264 ], [ 21.863110063771611, 57.595487749654495 ], [ 21.856245187993522, 57.59582713745931 ], [ 21.788887692281339, 57.587510986573868 ], [ 21.755000187898986, 57.583327137447696 ], [ 21.729018187874853, 57.574718137439689 ], [ 21.705827187853401, 57.559718137425733 ], [ 21.689416312987685, 57.545042585765131 ], [ 21.6769361878263, 57.533882137401633 ], [ 21.671281462823142, 57.525327515206129 ], [ 21.665554187815815, 57.516663137385677 ], [ 21.640000187791969, 57.488882137359752 ], [ 21.60866860771581, 57.456356286625272 ], [ 21.596109187751011, 57.443318137317306 ], [ 21.482491187645195, 57.333882137215369 ], [ 21.470808723707545, 57.325592587182406 ], [ 21.458609187623125, 57.316936137199662 ], [ 21.434163187600348, 57.302909137186589 ], [ 21.42271716032965, 57.288688561986888 ], [ 21.417282187584476, 57.281936137167008 ], [ 21.417131774609093, 57.280588730763846 ], [ 21.412491187580201, 57.239018137127061 ], [ 21.411382187579107, 57.124436137020439 ], [ 21.415409187582782, 57.093609136991688 ], [ 21.415554187582899, 57.06944513696908 ], [ 21.409436187577256, 57.049436136950618 ], [ 21.409436187577171, 57.049436136950476 ], [ 21.409309666692689, 57.049226431691089 ], [ 21.395691187564438, 57.026654136929295 ], [ 21.357909187529287, 56.987354136892719 ], [ 21.325372937774553, 56.965580489408239 ], [ 21.261391187439301, 56.922763136832486 ], [ 21.224436187404876, 56.90665413681748 ], [ 21.145000187330879, 56.87276313678592 ], [ 21.131573106679035, 56.867758643740977 ], [ 21.062291187254033, 56.841936136757198 ], [ 21.052227187244512, 56.817491136734446 ], [ 21.063473187255113, 56.781936136701404 ], [ 21.065000187256572, 56.747354136669259 ], [ 21.056109187248268, 56.691373136617017 ], [ 21.051204068368143, 56.677066294529702 ], [ 21.049445187241901, 56.671936136598902 ], [ 21.046490841113474, 56.663498011366052 ], [ 21.03971818723295, 56.644154136572951 ], [ 21.026663187220805, 56.614154136545125 ], [ 21.057773187249694, 56.510554136448576 ], [ 21.068609187259881, 56.43554513637892 ], [ 21.068609187259689, 56.435545136379105 ], [ 21.068609187259739, 56.435545136378749 ], [ 21.044445187237244, 56.458327136399959 ], [ 21.024927187219077, 56.508191136446385 ], [ 20.997636187193727, 56.50944513644756 ], [ 20.968609187166663, 56.363609136311794 ], [ 20.973609187171263, 56.237909136194673 ], [ 20.995554187191829, 56.184573136145076 ], [ 21.012636187207733, 56.171382136132763 ], [ 21.025827187219932, 56.156100136118539 ], [ 21.042773187235781, 56.118327136083337 ], [ 21.05332226793152, 56.07803486086695 ], [ 21.079265784716171, 56.081960123384363 ], [ 21.099213881808538, 56.084649048201044 ], [ 21.123891187311244, 56.087491136054638 ], [ 21.146663187332535, 56.088045136055086 ], [ 21.208205229056489, 56.086347636053546 ], [ 21.228150187408403, 56.109258886074912 ], [ 21.235805682939855, 56.138735656361945 ], [ 21.241800187421092, 56.165264136127149 ], [ 21.258891187652068, 56.178600136269381 ], [ 21.297112265631171, 56.20168983608454 ], [ 21.324148987193894, 56.218019976173224 ], [ 21.35950918711481, 56.239373135944987 ], [ 21.388194384676808, 56.240148930826024 ], [ 21.42131818758827, 56.24096413619759 ], [ 21.447773187933223, 56.248882136329939 ], [ 21.469735559971184, 56.257453427224846 ], [ 21.504009412773087, 56.270827965211026 ], [ 21.566663187723606, 56.295273136248113 ], [ 21.609835720560824, 56.302445597920865 ], [ 21.656507826702722, 56.310198716711767 ], [ 21.703286917110233, 56.317969113881389 ], [ 21.735545187880888, 56.323327136274344 ], [ 21.761159407765746, 56.330244347228501 ], [ 21.78922443383027, 56.337822881050414 ], [ 21.853424409919285, 56.355157044894554 ], [ 21.905370523969879, 56.369186475053482 ], [ 21.948098542082533, 56.383160811489148 ], [ 22.01065248065953, 56.403616118728223 ], [ 22.043745188167946, 56.414436136359058 ], [ 22.067218188189884, 56.419445136363777 ], [ 22.094777232486564, 56.420979059424099 ], [ 22.14693618826405, 56.423882136367894 ], [ 22.195344181249027, 56.41792461813202 ], [ 22.232321764087402, 56.41337362167846 ], [ 22.309436188415475, 56.40388213634921 ], [ 22.35613840120422, 56.404531275163208 ], [ 22.446153428116872, 56.405782430665084 ], [ 22.489281971754622, 56.40539423989577 ], [ 22.519163188610719, 56.404436136349744 ], [ 22.553609188642866, 56.399718136345399 ], [ 22.586936188673803, 56.394718136340686 ], [ 22.624791188709139, 56.385545136332212 ], [ 22.648609188731285, 56.371236136318913 ], [ 22.666245188747723, 56.360545136308929 ], [ 22.691382188771172, 56.356654136305309 ], [ 22.727555507107013, 56.36285707385565 ], [ 22.775706669747677, 56.371113342234224 ], [ 22.832363188902463, 56.380827136327781 ], [ 22.853191188921812, 56.392218136338386 ], [ 22.886382188952695, 56.410273136355215 ], [ 22.930063188993387, 56.423045136367136 ], [ 22.951245189013065, 56.420136136364391 ], [ 22.972242465555269, 56.406869758509998 ], [ 22.989718189049, 56.395827136341779 ], [ 23.003745189062073, 56.374718136322088 ], [ 23.015554189072986, 56.352491136301381 ], [ 23.034445189090604, 56.33138213628169 ], [ 23.060973189115373, 56.316527136267894 ], [ 23.105273189156634, 56.306173136258252 ], [ 23.138609189187633, 56.318191136269405 ], [ 23.157717697196432, 56.337501661743346 ], [ 23.176032123924301, 56.355098535293934 ], [ 23.221524002749874, 56.364843253181306 ], [ 23.296109189334345, 56.380818136327832 ], [ 23.326109189362256, 56.379018136326152 ], [ 23.363054189396621, 56.367073136314986 ], [ 23.423176916283722, 56.350862627591454 ], [ 23.448281931425925, 56.3453345946985 ], [ 23.478097755251099, 56.340267543141948 ], [ 23.52508024273078, 56.336957408211248 ], [ 23.553473189573936, 56.335964136286009 ], [ 23.573473189592647, 56.345273136294622 ], [ 23.599718189617079, 56.361518136309854 ], [ 23.637628045421934, 56.361284217940096 ], [ 23.68763318453486, 56.360975666440027 ], [ 23.733745189741967, 56.360691136309015 ], [ 23.765978359860128, 56.356559964293155 ], [ 23.819421659985125, 56.349710003317654 ], [ 23.873609189872212, 56.342764136292288 ], [ 23.948882189942225, 56.332218136282478 ], [ 23.999854189989776, 56.320409136271564 ], [ 24.047984819103391, 56.295107585068337 ], [ 24.069854190054883, 56.283609136237288 ], [ 24.141800190121955, 56.262773136217817 ], [ 24.169300190147453, 56.262218136217371 ], [ 24.228886900847925, 56.279166220719929 ], [ 24.264975150119142, 56.289522923607223 ], [ 24.305305730577544, 56.301215208257645 ], [ 24.334373190301278, 56.309709136261546 ], [ 24.37180019033616, 56.298600136251252 ], [ 24.420345190381312, 56.275891136230115 ], [ 24.449436190408449, 56.26971813622427 ], [ 24.476663190433754, 56.269436136224044 ], [ 24.523071186503415, 56.280500493940735 ], [ 24.560554190511965, 56.289436136242642 ], [ 24.583385634406909, 56.311550173846399 ], [ 24.602773190551233, 56.329164136279729 ], [ 24.65332719059839, 56.365827136313868 ], [ 24.70971607766333, 56.385507418637303 ], [ 24.798354583497002, 56.416435134223093 ], [ 24.894163190822695, 56.449854136392048 ], [ 24.918882190845665, 56.44262713638534 ], [ 24.942218190867436, 56.406936136352158 ], [ 24.956663190880903, 56.382491136329293 ], [ 24.970430463602383, 56.353550498842282 ], [ 24.981936190904406, 56.329164136279729 ], [ 24.996527190917959, 56.300273136252713 ], [ 25.019148501926963, 56.276207812282422 ], [ 25.04631124652596, 56.247305270443889 ], [ 25.07680019099277, 56.214854136173216 ], [ 25.102870298703948, 56.202249129842329 ], [ 25.139854191051512, 56.18749113614777 ], [ 25.160348918696968, 56.185221782990453 ], [ 25.183054191091657, 56.183327136143845 ], [ 25.262500191165628, 56.180827136141545 ], [ 25.327500191226221, 56.169154136130686 ], [ 25.429718191321399, 56.166382136128078 ], [ 25.501364692933095, 56.159360699039183 ], [ 25.582773191463957, 56.15138213611408 ], [ 25.623932677571332, 56.133609290858573 ], [ 25.681093844419195, 56.108922802322894 ], [ 25.708341643260582, 56.096469898642908 ], [ 25.726620883887676, 56.087409867651445 ], [ 25.777610753591802, 56.060147882764454 ], [ 25.820964537756595, 56.036960631972136 ], [ 25.89110919175107, 55.999436135972587 ], [ 25.93721819179396, 55.978736135953369 ], [ 26.005327191857532, 55.957436135933506 ], [ 26.058327191906756, 55.938045135915473 ], [ 26.115508391322919, 55.907247082277166 ], [ 26.159912686411474, 55.883325330637149 ], [ 26.194675086632856, 55.861381129452809 ], [ 26.216382192054027, 55.845827135829495 ], [ 26.239718192075799, 55.816936135802678 ], [ 26.255562157920536, 55.790801021131756 ], [ 26.266109192100316, 55.773400135762074 ], [ 26.313327192144385, 55.739718135730698 ], [ 26.338609192167922, 55.726382135718325 ], [ 26.367261604724348, 55.717622044006731 ], [ 26.396657817525806, 55.709742725075813 ], [ 26.467422628312193, 55.69360322407519 ], [ 26.505937622412773, 55.682850912571269 ], [ 26.527627350171599, 55.685755763511054 ], [ 26.569391177755676, 55.702369005023485 ], [ 26.854688532414116, 55.743125769974739 ], [ 26.88503147798707, 55.745133277653139 ], [ 27.221499416975036, 55.783882534925965 ], [ 27.384526476779882, 55.783882534925965 ], [ 27.531109193278553, 55.785240439968419 ], [ 27.559718193305144, 55.785235235292959 ], [ 27.59674312157378, 55.788028051243913 ], [ 27.620000193361221, 55.818327135803912 ], [ 27.632045193372477, 55.846000135829684 ], [ 27.638797170920554, 55.880655755453233 ], [ 27.64638219338579, 55.919573135898247 ], [ 27.712491193447391, 55.956100135932218 ], [ 27.752118505791884, 55.977432774974744 ], [ 27.796109193525211, 56.001109135974161 ], [ 27.835964209249596, 56.028229032526184 ], [ 27.864389357835449, 56.047566785399226 ], [ 27.89777319361994, 56.070273136038594 ], [ 27.922491193642912, 56.105127136071019 ], [ 27.975794280363118, 56.121821008959415 ], [ 28.005795143912195, 56.131215650744196 ], [ 28.027988899858457, 56.138164961844012 ], [ 28.069698944196944, 56.151223938594825 ], [ 28.121663193828482, 56.167491136129058 ], [ 28.14964519385444, 56.160964136123084 ], [ 28.197082193898694, 56.18123613614199 ], [ 28.211937687725225, 56.217598938544569 ], [ 28.235963193934964, 56.27638213623058 ], [ 28.22172009866091, 56.311206233941675 ], [ 28.203845323887094, 56.354893914323185 ], [ 28.182773193885367, 56.406382136351596 ], [ 28.147773193852771, 56.471373136412183 ], [ 28.114163193821497, 56.517491136455192 ], [ 28.072303350808824, 56.569814104450813 ], [ 28.134134129064705, 56.637383124018754 ], [ 28.149541838749002, 56.691008902318714 ], [ 28.14440593552095, 56.730473823642598 ], [ 28.128998225836682, 56.764267957490517 ], [ 28.113590516152385, 56.80365603703612 ], [ 28.103318709696225, 56.845811675712554 ], [ 28.103318709696225, 56.876695666436405 ], [ 28.103318709696225, 56.938387180450178 ], [ 28.087911000011843, 56.957994929466281 ], [ 28.018576306432522, 56.991583280541505 ], [ 28.02321281221478, 57.017991836877712 ], [ 28.026280161274684, 57.044705350154004 ], [ 28.031416064502793, 57.064257164203553 ], [ 28.057095580643249, 57.128426379652922 ], [ 28.082775096783706, 57.198049611851701 ], [ 28.041687870959066, 57.245318561590267 ], [ 27.99546474190609, 57.270318787996757 ], [ 27.949241612853228, 57.295302053521027 ], [ 27.882474870887933, 57.342446414105666 ], [ 27.841387645063207, 57.375688391099914 ], [ 27.779756806326048, 57.461424212176496 ], [ 27.571391193316089, 57.418191137294031 ], [ 27.527773193275465, 57.444327137318339 ], [ 27.542773193289293, 57.493609137364132 ], [ 27.547218193293446, 57.536382137403962 ], [ 27.471663193223208, 57.531382137399333 ], [ 27.449436193202416, 57.531109137399142 ], [ 27.42500019317967, 57.531936137399896 ], [ 27.368379577742388, 57.539555752791586 ], [ 27.31027319307276, 57.531382137399333 ], [ 27.211408342171552, 57.545719981569221 ], [ 27.127454416591007, 57.557895151934645 ], [ 27.077082192855642, 57.565200137430878 ], [ 27.044682614432816, 57.592964208061318 ], [ 27.025273192807333, 57.608045137470782 ], [ 26.995734668539086, 57.616971513235001 ], [ 26.969991192755884, 57.623318137484972 ], [ 26.902218192692771, 57.633463137494374 ], [ 26.879153915135788, 57.629243694276454 ], [ 26.814251634427364, 57.611988779003127 ], [ 26.747895501778146, 57.591232900054678 ], [ 26.698212505387488, 57.574345911188658 ], [ 26.624163192433798, 57.546245137413194 ], [ 26.606800192417552, 57.527009137395282 ], [ 26.53123997205617, 57.523184061215034 ], [ 26.511391192328773, 57.526100137394394 ], [ 26.43905441249558, 57.555047664916913 ], [ 26.370711330799651, 57.582395684078534 ], [ 26.350968543802765, 57.590295675837694 ], [ 26.306245192137681, 57.608191137470868 ], [ 26.280836192114037, 57.624300137485847 ], [ 26.204445192042897, 57.694991137551654 ], [ 26.092530433942642, 57.779757031570284 ], [ 26.035000191885104, 57.823327137671242 ], [ 25.946945191803053, 57.853882137699685 ], [ 25.883054191743554, 57.855827137701453 ], [ 25.836400237753622, 57.860692507192397 ], [ 25.801391191667506, 57.865827137710852 ], [ 25.697464745921877, 57.895416379073367 ], [ 25.620409191498908, 57.917354137758821 ], [ 25.514347363292018, 57.972705447193391 ], [ 25.452218191342297, 58.005127137840532 ] ] ] } }
]
}
